date,bdi,bdi_status,bci,bci_status,bpi,bpi_status,bsi,bsi_status,bhsi,bhsi_status,bci_7d_vol,vessel_availability_index,bdi_30d_roc,shipping_demand_index,iron_ore_price,iron_ore_status,coking_coal_price,coking_coal_status,china_iron_ore_imports,china_iron_ore_imports_status,usd_inr_rate,usd_inr_status,bunker_vlsfo_price,bunker_ifo380_price,bunker_status,commodity_demand_index,global_trade_index,global_fleet_utilization_pct,bdi_lag_1,bdi_lag_7,bdi_lag_30,bdi_7d_avg,bdi_30d_avg,bci_lag_1,bci_lag_7,bci_lag_30,bci_7d_avg,bci_30d_avg,bpi_lag_1,bpi_lag_7,bpi_lag_30,bpi_7d_avg,bpi_30d_avg,bsi_lag_1,bsi_lag_7,bsi_lag_30,bsi_7d_avg,bsi_30d_avg,bhsi_lag_1,bhsi_lag_7,bhsi_lag_30,bhsi_7d_avg,bhsi_30d_avg,iron_ore_price_lag_1,iron_ore_price_lag_7,iron_ore_price_lag_30,iron_ore_price_7d_avg,iron_ore_price_30d_avg,coking_coal_price_lag_1,coking_coal_price_lag_7,coking_coal_price_lag_30,coking_coal_price_7d_avg,coking_coal_price_30d_avg,usd_inr_rate_lag_1,usd_inr_rate_lag_7,usd_inr_rate_lag_30,usd_inr_rate_7d_avg,usd_inr_rate_30d_avg,bunker_vlsfo_price_lag_1,bunker_vlsfo_price_lag_7,bunker_vlsfo_price_lag_30,bunker_vlsfo_price_7d_avg,bunker_vlsfo_price_30d_avg,bunker_ifo380_price_lag_1,bunker_ifo380_price_lag_7,bunker_ifo380_price_lag_30,bunker_ifo380_price_7d_avg,bunker_ifo380_price_30d_avg,china_iron_ore_imports_lag_1,china_iron_ore_imports_lag_7,china_iron_ore_imports_lag_30,china_iron_ore_imports_7d_avg,china_iron_ore_imports_30d_avg,month,day_of_week,monsoon_flag,cyclone_season_flag,cyclone_active,days_since_last_cyclone,quarter,week_of_year,day_of_year,is_monsoon,is_winter,is_summer,cyclone_count,days_since_cyclone,cyclone_risk_index,weather_disruption_index,weather_disruption_flag,disruption_flag,market_shock_flag,shock_type,port_disruption_flag,vessel_type,vessel_speed_knots,distance_nm,estimated_voyage_days,vessel_dwt,vessel_loa_m,vessel_beam_m,vessel_draft_m,vessel_age_years,fuel_consumption_penalty_factor,destination_port,origin_port,cargo_type,wb_coal_price_usd_tonne,wb_iron_ore_price_usd_tonne,china_crude_steel_production_mt,china_crude_steel_production_yoy_pct,india_crude_steel_production_mt,india_finished_steel_consumption_mt,port_cargo_mt_chennai,port_cargo_mt_kamarajar_(ennore),port_cargo_mt_paradip,port_cargo_mt_syama_prasad_mookerjee_(kolkata_and_haldia),port_cargo_mt_v.o._chidambaranar_(tuticorin),port_cargo_mt_visakhapatnam,cargo_tonnage,freight_rate_per_tonne
2022-03-03,2546.0,forward_filled,2175.0,forward_filled,3111.0,forward_filled,2983.0,forward_filled,1715.0,forward_filled,0.0315866056732933,0.9108300316211578,-0.0557737627651218,24.528653079021268,149.68,forward_filled,3156.0,forward_filled,87.0,real,76.159,forward_filled,938.0,706.0,forward_filled,41.30235268579308,44.14501314113853,34.717191847412764,2546.0,2546.0,2546.0,2525.5714285714284,2295.5666666666666,2175.0,2175.0,2175.0,1954.142857142857,1738.8666666666666,3111.0,3111.0,3111.0,3291.285714285714,3049.266666666667,2983.0,2983.0,2983.0,2996.0,2713.133333333333,1715.0,1715.0,1715.0,1755.2857142857142,1602.6333333333334,149.68,149.68,149.68,149.81571428571428,153.779,3156.0,3156.0,3156.0,3234.785714285714,3414.4666666666667,76.159,76.159,76.159,76.17057142857142,76.17803333333333,938.0,938.0,938.0,947.2142857142856,918.8666666666668,706.0,706.0,706.0,720.7857142857143,722.7833333333333,87.0,87.0,87.0,87.0,86.3,3,0.0,0.0,0.0,0.0,0.0,1,9,62,0,0,1,0.0,0.0,0.0,0.0,0.0,0.0,0.0,none,0.0,Supramax / Ultramax Bulk,14.1,11683.8,34.53,62022.4,194.51,32.08,12.61,8.2,1.026,Syama Prasad Mookerjee (Kolkata & Haldia),Muara Pantai (ID),Pellets,316.3,152.2,88.3,-6.4,10.9,10.1,4.2,3.26,11.49,4.93,3.18,5.82,57060.60800000001,35.527429542465214
2022-03-06,2546.0,forward_filled,2175.0,forward_filled,3111.0,forward_filled,2983.0,forward_filled,1715.0,forward_filled,0.0315866056732933,0.9108300316211578,-0.0557737627651218,24.528653079021268,149.68,forward_filled,3156.0,forward_filled,87.0,real,76.159,forward_filled,938.0,706.0,forward_filled,41.30235268579308,44.14501314113853,34.717191847412764,2546.0,2546.0,2546.0,2525.5714285714284,2295.5666666666666,2175.0,2175.0,2175.0,1954.142857142857,1738.8666666666666,3111.0,3111.0,3111.0,3291.285714285714,3049.266666666667,2983.0,2983.0,2983.0,2996.0,2713.133333333333,1715.0,1715.0,1715.0,1755.2857142857142,1602.6333333333334,149.68,149.68,149.68,149.81571428571428,153.779,3156.0,3156.0,3156.0,3234.785714285714,3414.4666666666667,76.159,76.159,76.159,76.17057142857142,76.17803333333333,938.0,938.0,938.0,947.2142857142856,918.8666666666668,706.0,706.0,706.0,720.7857142857143,722.7833333333333,87.0,87.0,87.0,87.0,86.3,3,0.0,0.0,0.0,0.0,0.0,1,9,65,0,0,1,0.0,0.0,0.0,0.0,0.0,0.0,0.0,none,0.0,Capesize Bulk,14.2,10351.7,30.37,201917.7,274.72,45.17,16.73,2.4,1.0,Syama Prasad Mookerjee (Kolkata & Haldia),Tubarao (BR),Iron Ore Fines,316.3,152.2,88.3,-6.4,10.9,10.1,4.2,3.26,11.49,4.93,3.18,5.82,185764.284,13.126304742155924
2022-03-07,2546.0,forward_filled,2175.0,forward_filled,3111.0,forward_filled,2983.0,forward_filled,1715.0,forward_filled,0.0315866056732933,0.9108300316211578,-0.0557737627651218,24.528653079021268,149.68,forward_filled,3156.0,forward_filled,87.0,real,76.159,forward_filled,938.0,706.0,forward_filled,41.30235268579308,44.14501314113853,34.717191847412764,2546.0,2546.0,2546.0,2525.5714285714284,2295.5666666666666,2175.0,2175.0,2175.0,1954.142857142857,1738.8666666666666,3111.0,3111.0,3111.0,3291.285714285714,3049.266666666667,2983.0,2983.0,2983.0,2996.0,2713.133333333333,1715.0,1715.0,1715.0,1755.2857142857142,1602.6333333333334,149.68,149.68,149.68,149.81571428571428,153.779,3156.0,3156.0,3156.0,3234.785714285714,3414.4666666666667,76.159,76.159,76.159,76.17057142857142,76.17803333333333,938.0,938.0,938.0,947.2142857142856,918.8666666666668,706.0,706.0,706.0,720.7857142857143,722.7833333333333,87.0,87.0,87.0,87.0,86.3,3,0.0,0.0,0.0,0.0,0.0,1,10,66,0,0,1,0.0,0.0,0.0,0.0,0.0,0.0,0.0,none,0.0,Feeder Container,16.1,8265.6,21.39,39390.3,208.22,26.47,10.07,11.0,1.048,Chennai,Hay Point (AU),Iron Ore Fines,316.3,152.2,88.3,-6.4,10.9,10.1,4.2,3.26,11.49,4.93,3.18,5.82,36239.076,29.26795647667953
2022-03-09,2546.0,forward_filled,2175.0,forward_filled,3111.0,forward_filled,2983.0,forward_filled,1715.0,forward_filled,0.0315866056732933,0.9108300316211578,-0.0557737627651218,24.528653079021268,149.68,forward_filled,3156.0,forward_filled,87.0,real,76.159,forward_filled,938.0,706.0,forward_filled,41.30235268579308,44.14501314113853,34.717191847412764,2546.0,2546.0,2546.0,2525.5714285714284,2295.5666666666666,2175.0,2175.0,2175.0,1954.142857142857,1738.8666666666666,3111.0,3111.0,3111.0,3291.285714285714,3049.266666666667,2983.0,2983.0,2983.0,2996.0,2713.133333333333,1715.0,1715.0,1715.0,1755.2857142857142,1602.6333333333334,149.68,149.68,149.68,149.81571428571428,153.779,3156.0,3156.0,3156.0,3234.785714285714,3414.4666666666667,76.159,76.159,76.159,76.17057142857142,76.17803333333333,938.0,938.0,938.0,947.2142857142856,918.8666666666668,706.0,706.0,706.0,720.7857142857143,722.7833333333333,87.0,87.0,87.0,87.0,86.3,3,0.0,0.0,0.0,0.0,0.0,1,10,68,0,0,1,0.0,0.0,0.0,0.0,0.0,0.0,0.0,none,0.0,Supramax / Ultramax Bulk,13.0,2849.1,9.13,58813.8,185.81,32.22,12.14,7.8,1.022,Kamarajar (Ennore),Tubarao (BR),Lump Iron Ore,316.3,152.2,88.3,-6.4,10.9,10.1,4.2,3.26,11.49,4.93,3.18,5.82,54108.696,10.260869133376213
2022-03-10,2546.0,forward_filled,2175.0,forward_filled,3111.0,forward_filled,2983.0,forward_filled,1715.0,forward_filled,0.0315866056732933,0.9108300316211578,-0.0557737627651218,24.528653079021268,149.68,forward_filled,3156.0,forward_filled,87.0,real,76.159,forward_filled,938.0,706.0,forward_filled,41.30235268579308,44.14501314113853,34.717191847412764,2546.0,2546.0,2546.0,2525.5714285714284,2295.5666666666666,2175.0,2175.0,2175.0,1954.142857142857,1738.8666666666666,3111.0,3111.0,3111.0,3291.285714285714,3049.266666666667,2983.0,2983.0,2983.0,2996.0,2713.133333333333,1715.0,1715.0,1715.0,1755.2857142857142,1602.6333333333334,149.68,149.68,149.68,149.81571428571428,153.779,3156.0,3156.0,3156.0,3234.785714285714,3414.4666666666667,76.159,76.159,76.159,76.17057142857142,76.17803333333333,938.0,938.0,938.0,947.2142857142856,918.8666666666668,706.0,706.0,706.0,720.7857142857143,722.7833333333333,87.0,87.0,87.0,87.0,86.3,3,0.0,0.0,0.0,0.0,0.0,1,10,69,0,0,1,0.0,0.0,0.0,0.0,0.0,0.0,0.0,none,0.0,Aframax / Suezmax Tanker,14.5,3185.1,9.15,154290.4,242.16,42.55,14.49,12.5,1.06,Visakhapatnam,Port Hedland (AU),Coking Coal,316.3,152.2,88.3,-6.4,10.9,10.1,4.2,3.26,11.49,4.93,3.18,5.82,141947.168,4.826868485385774
2022-03-11,2546.0,forward_filled,2175.0,forward_filled,3111.0,forward_filled,2983.0,forward_filled,1715.0,forward_filled,0.0315866056732933,0.9108300316211578,-0.0557737627651218,24.528653079021268,149.68,forward_filled,3156.0,forward_filled,87.0,real,76.159,forward_filled,938.0,706.0,forward_filled,41.30235268579308,44.14501314113853,34.717191847412764,2546.0,2546.0,2546.0,2525.5714285714284,2295.5666666666666,2175.0,2175.0,2175.0,1954.142857142857,1738.8666666666666,3111.0,3111.0,3111.0,3291.285714285714,3049.266666666667,2983.0,2983.0,2983.0,2996.0,2713.133333333333,1715.0,1715.0,1715.0,1755.2857142857142,1602.6333333333334,149.68,149.68,149.68,149.81571428571428,153.779,3156.0,3156.0,3156.0,3234.785714285714,3414.4666666666667,76.159,76.159,76.159,76.17057142857142,76.17803333333333,938.0,938.0,938.0,947.2142857142856,918.8666666666668,706.0,706.0,706.0,720.7857142857143,722.7833333333333,87.0,87.0,87.0,87.0,86.3,3,0.0,0.0,0.0,0.0,0.0,1,10,70,0,0,1,0.0,0.0,0.0,0.0,0.0,0.0,0.0,none,0.0,Panamax / Kamsarmax Bulk,13.4,2869.8,8.92,72901.1,220.51,32.24,13.85,4.8,1.0,Syama Prasad Mookerjee (Kolkata & Haldia),Tubarao (BR),Pellets,316.3,152.2,88.3,-6.4,10.9,10.1,4.2,3.26,11.49,4.93,3.18,5.82,67069.012,7.935819861655333
2022-03-13,2546.0,forward_filled,2175.0,forward_filled,3111.0,forward_filled,2983.0,forward_filled,1715.0,forward_filled,0.0315866056732933,0.9108300316211578,-0.0557737627651218,24.528653079021268,149.68,forward_filled,3156.0,forward_filled,87.0,real,76.159,forward_filled,938.0,706.0,forward_filled,41.30235268579308,44.14501314113853,34.717191847412764,2546.0,2546.0,2546.0,2525.5714285714284,2295.5666666666666,2175.0,2175.0,2175.0,1954.142857142857,1738.8666666666666,3111.0,3111.0,3111.0,3291.285714285714,3049.266666666667,2983.0,2983.0,2983.0,2996.0,2713.133333333333,1715.0,1715.0,1715.0,1755.2857142857142,1602.6333333333334,149.68,149.68,149.68,149.81571428571428,153.779,3156.0,3156.0,3156.0,3234.785714285714,3414.4666666666667,76.159,76.159,76.159,76.17057142857142,76.17803333333333,938.0,938.0,938.0,947.2142857142856,918.8666666666668,706.0,706.0,706.0,720.7857142857143,722.7833333333333,87.0,87.0,87.0,87.0,86.3,3,0.0,0.0,0.0,0.0,0.0,1,10,72,0,0,1,0.0,0.0,0.0,0.0,0.0,0.0,0.0,none,0.0,Panamax / Kamsarmax Bulk,12.5,11692.2,38.97,65876.9,223.27,32.26,12.61,4.4,1.0,Paradip,Muara Pantai (ID),Lump Iron Ore,316.3,152.2,88.3,-6.4,10.9,10.1,4.2,3.26,11.49,4.93,3.18,5.82,60606.748,35.57425529524865
2022-03-15,2546.0,forward_filled,2175.0,forward_filled,3111.0,forward_filled,2983.0,forward_filled,1715.0,forward_filled,0.0315866056732933,0.9108300316211578,-0.0557737627651218,24.528653079021268,149.68,forward_filled,3156.0,forward_filled,87.0,real,76.159,forward_filled,938.0,706.0,forward_filled,41.30235268579308,44.14501314113853,34.717191847412764,2546.0,2546.0,2546.0,2525.5714285714284,2295.5666666666666,2175.0,2175.0,2175.0,1954.142857142857,1738.8666666666666,3111.0,3111.0,3111.0,3291.285714285714,3049.266666666667,2983.0,2983.0,2983.0,2996.0,2713.133333333333,1715.0,1715.0,1715.0,1755.2857142857142,1602.6333333333334,149.68,149.68,149.68,149.81571428571428,153.779,3156.0,3156.0,3156.0,3234.785714285714,3414.4666666666667,76.159,76.159,76.159,76.17057142857142,76.17803333333333,938.0,938.0,938.0,947.2142857142856,918.8666666666668,706.0,706.0,706.0,720.7857142857143,722.7833333333333,87.0,87.0,87.0,87.0,86.3,3,0.0,0.0,0.0,0.0,0.0,1,11,74,0,0,1,0.0,0.0,0.0,0.0,0.0,0.0,0.0,none,0.0,Capesize Bulk,13.3,4496.3,14.09,162068.2,275.36,45.36,17.05,3.8,1.0,Syama Prasad Mookerjee (Kolkata & Haldia),Hay Point (AU),Iron Ore Fines,316.3,152.2,88.3,-6.4,10.9,10.1,4.2,3.26,11.49,4.93,3.18,5.82,149102.744,7.006648079989728
2022-03-17,2546.0,forward_filled,2175.0,forward_filled,3111.0,forward_filled,2983.0,forward_filled,1715.0,forward_filled,0.0315866056732933,0.9108300316211578,-0.0557737627651218,24.528653079021268,149.68,forward_filled,3156.0,forward_filled,87.0,real,76.159,forward_filled,938.0,706.0,forward_filled,41.30235268579308,44.14501314113853,34.717191847412764,2546.0,2546.0,2546.0,2525.5714285714284,2295.5666666666666,2175.0,2175.0,2175.0,1954.142857142857,1738.8666666666666,3111.0,3111.0,3111.0,3291.285714285714,3049.266666666667,2983.0,2983.0,2983.0,2996.0,2713.133333333333,1715.0,1715.0,1715.0,1755.2857142857142,1602.6333333333334,149.68,149.68,149.68,149.81571428571428,153.779,3156.0,3156.0,3156.0,3234.785714285714,3414.4666666666667,76.159,76.159,76.159,76.17057142857142,76.17803333333333,938.0,938.0,938.0,947.2142857142856,918.8666666666668,706.0,706.0,706.0,720.7857142857143,722.7833333333333,87.0,87.0,87.0,87.0,86.3,3,0.0,0.0,0.0,0.0,0.0,1,11,76,0,0,1,0.0,0.0,0.0,0.0,0.0,0.0,0.0,none,0.0,Capesize Bulk,14.0,4550.3,13.54,191675.7,291.87,49.03,16.69,1.6,1.0,Kamarajar (Ennore),Muara Pantai (ID),Iron Ore Fines,316.3,152.2,88.3,-6.4,10.9,10.1,4.2,3.26,11.49,4.93,3.18,5.82,176341.64400000003,6.127326125375125
2022-03-20,2546.0,forward_filled,2175.0,forward_filled,3111.0,forward_filled,2983.0,forward_filled,1715.0,forward_filled,0.0315866056732933,0.9108300316211578,-0.0557737627651218,24.528653079021268,149.68,forward_filled,3156.0,forward_filled,87.0,real,76.159,forward_filled,938.0,706.0,forward_filled,41.30235268579308,44.14501314113853,34.717191847412764,2546.0,2546.0,2546.0,2525.5714285714284,2295.5666666666666,2175.0,2175.0,2175.0,1954.142857142857,1738.8666666666666,3111.0,3111.0,3111.0,3291.285714285714,3049.266666666667,2983.0,2983.0,2983.0,2996.0,2713.133333333333,1715.0,1715.0,1715.0,1755.2857142857142,1602.6333333333334,149.68,149.68,149.68,149.81571428571428,153.779,3156.0,3156.0,3156.0,3234.785714285714,3414.4666666666667,76.159,76.159,76.159,76.17057142857142,76.17803333333333,938.0,938.0,938.0,947.2142857142856,918.8666666666668,706.0,706.0,706.0,720.7857142857143,722.7833333333333,87.0,87.0,87.0,87.0,86.3,3,0.0,0.0,0.0,0.0,0.0,1,11,79,0,0,1,0.0,0.0,0.0,0.0,0.0,0.0,0.0,none,0.0,Supramax / Ultramax Bulk,14.3,10516.6,30.64,60404.7,185.72,32.27,13.2,7.3,1.018,Paradip,Muara Pantai (ID),Pellets,316.3,152.2,88.3,-6.4,10.9,10.1,4.2,3.26,11.49,4.93,3.18,5.82,55572.324,32.15656968687893
2022-03-21,2546.0,forward_filled,2175.0,forward_filled,3111.0,forward_filled,2983.0,forward_filled,1715.0,forward_filled,0.0315866056732933,0.9108300316211578,-0.0557737627651218,24.528653079021268,149.68,forward_filled,3156.0,forward_filled,87.0,real,76.159,forward_filled,938.0,706.0,forward_filled,41.30235268579308,44.14501314113853,34.717191847412764,2546.0,2546.0,2546.0,2525.5714285714284,2295.5666666666666,2175.0,2175.0,2175.0,1954.142857142857,1738.8666666666666,3111.0,3111.0,3111.0,3291.285714285714,3049.266666666667,2983.0,2983.0,2983.0,2996.0,2713.133333333333,1715.0,1715.0,1715.0,1755.2857142857142,1602.6333333333334,149.68,149.68,149.68,149.81571428571428,153.779,3156.0,3156.0,3156.0,3234.785714285714,3414.4666666666667,76.159,76.159,76.159,76.17057142857142,76.17803333333333,938.0,938.0,938.0,947.2142857142856,918.8666666666668,706.0,706.0,706.0,720.7857142857143,722.7833333333333,87.0,87.0,87.0,87.0,86.3,3,0.0,0.0,0.0,0.0,0.0,1,12,80,0,0,1,0.0,0.0,0.0,0.0,0.0,0.0,0.0,none,0.0,Panamax / Kamsarmax Bulk,14.0,8460.7,25.18,66612.0,227.28,32.25,13.37,5.7,1.006,Kamarajar (Ennore),Muara Pantai (ID),Iron Ore Fines,316.3,152.2,88.3,-6.4,10.9,10.1,4.2,3.26,11.49,4.93,3.18,5.82,61283.04,23.056472189044403
2022-03-22,2546.0,real,2175.0,real,3111.0,real,2983.0,real,1715.0,real,0.0315866056732933,0.9108300316211578,-0.0557737627651218,24.528653079021268,149.68,real,3156.0,real,87.0,forward_filled_monthly,76.159,real,938.0,706.0,real,41.30235268579308,44.14501314113853,34.717191847412764,2546.0,2546.0,2546.0,2525.5714285714284,2295.5666666666666,2175.0,2175.0,2175.0,1954.142857142857,1738.8666666666666,3111.0,3111.0,3111.0,3291.285714285714,3049.266666666667,2983.0,2983.0,2983.0,2996.0,2713.133333333333,1715.0,1715.0,1715.0,1755.2857142857142,1602.6333333333334,149.68,149.68,149.68,149.81571428571428,153.779,3156.0,3156.0,3156.0,3234.785714285714,3414.4666666666667,76.159,76.159,76.159,76.17057142857142,76.17803333333333,938.0,938.0,938.0,947.2142857142856,918.8666666666668,706.0,706.0,706.0,720.7857142857143,722.7833333333333,87.0,87.0,87.0,87.0,86.3,3,1.0,0.0,0.0,0.0,0.0,1,12,81,0,0,1,0.0,0.0,5.116307247485229e-30,5.116307247485229e-30,0.0,0.0,0.0,none,0.0,Panamax / Kamsarmax Bulk,12.9,7643.2,24.69,69608.3,220.01,32.27,14.43,5.2,1.002,Kamarajar (Ennore),Muara Pantai (ID),Pellets,316.3,152.2,88.3,-6.4,10.9,10.1,4.2,3.26,11.49,4.93,3.18,5.82,64039.636000000006,21.82145449544108
2022-03-24,2567.0,real,1969.0,real,3379.0,real,3033.0,real,1769.0,real,0.0315866056732933,0.9108300316211578,-0.0557737627651218,24.528653079021268,149.63,real,3113.5,real,87.0,forward_filled_monthly,76.305,real,966.0,741.0,real,41.30235268579308,44.58883138699976,34.717191847412764,2575.0,2546.0,2546.0,2525.5714285714284,2295.5666666666666,2100.0,2175.0,2175.0,1954.142857142857,1738.8666666666666,3272.0,3111.0,3111.0,3291.285714285714,3049.266666666667,3016.0,2983.0,2983.0,2996.0,2713.133333333333,1745.0,1715.0,1715.0,1755.2857142857142,1602.6333333333334,149.57,149.68,149.68,149.81571428571428,153.779,3110.0,3156.0,3156.0,3234.785714285714,3414.4666666666667,76.53,76.159,76.159,76.17057142857142,76.17803333333333,943.0,938.0,938.0,947.2142857142856,918.8666666666668,719.0,706.0,706.0,720.7857142857143,722.7833333333333,87.0,87.0,87.0,87.0,86.3,3,3.0,0.0,0.0,0.0,0.0,1,12,83,0,0,1,0.0,0.0,5.116307247485229e-30,5.116307247485229e-30,0.0,0.0,0.0,none,0.0,Capesize Bulk,12.4,3273.0,11.0,177578.0,276.71,49.53,16.86,4.0,1.0,Visakhapatnam,Muara Pantai (ID),Lump Iron Ore,316.3,152.2,88.3,-6.4,10.9,10.1,4.2,3.26,11.49,4.93,3.18,5.82,163371.76,5.157049575765114
2022-03-25,2544.0,real,1887.0,real,3413.0,real,3020.0,real,1782.0,real,0.0315866056732933,0.9108300316211578,-0.0557737627651218,24.528653079021268,149.87,real,3245.0,real,87.0,forward_filled_monthly,76.285,real,953.5,726.5,real,41.30235268579308,44.1027447367708,34.717191847412764,2567.0,2546.0,2546.0,2525.5714285714284,2295.5666666666666,1969.0,2175.0,2175.0,1954.142857142857,1738.8666666666666,3379.0,3111.0,3111.0,3291.285714285714,3049.266666666667,3033.0,2983.0,2983.0,2996.0,2713.133333333333,1769.0,1715.0,1715.0,1755.2857142857142,1602.6333333333334,149.63,149.68,149.68,149.81571428571428,153.779,3113.5,3156.0,3156.0,3234.785714285714,3414.4666666666667,76.305,76.159,76.159,76.17057142857142,76.17803333333333,966.0,938.0,938.0,947.2142857142856,918.8666666666668,741.0,706.0,706.0,720.7857142857143,722.7833333333333,87.0,87.0,87.0,87.0,86.3,3,4.0,0.0,0.0,0.0,0.0,1,12,84,0,0,1,0.0,0.0,5.116307247485229e-30,5.116307247485229e-30,0.0,0.0,0.0,none,0.0,Supramax / Ultramax Bulk,13.3,10371.7,32.49,52834.7,199.37,32.11,12.15,7.4,1.019,Chennai,Tubarao (BR),Coking Coal,316.3,152.2,88.3,-6.4,10.9,10.1,4.2,3.26,11.49,4.93,3.18,5.82,48607.924,38.51944925777924
2022-03-26,2544.0,real,1887.0,real,3413.0,real,3020.0,real,1782.0,real,0.0315866056732933,0.9108300316211578,-0.0557737627651218,24.528653079021268,149.87,real,3245.0,real,87.0,forward_filled_monthly,76.285,real,953.5,726.5,real,41.30235268579308,44.1027447367708,34.717191847412764,2567.0,2546.0,2546.0,2525.5714285714284,2295.5666666666666,1969.0,2175.0,2175.0,1954.142857142857,1738.8666666666666,3379.0,3111.0,3111.0,3291.285714285714,3049.266666666667,3033.0,2983.0,2983.0,2996.0,2713.133333333333,1769.0,1715.0,1715.0,1755.2857142857142,1602.6333333333334,149.63,149.68,149.68,149.81571428571428,153.779,3113.5,3156.0,3156.0,3234.785714285714,3414.4666666666667,76.305,76.159,76.159,76.17057142857142,76.17803333333333,966.0,938.0,938.0,947.2142857142856,918.8666666666668,741.0,706.0,706.0,720.7857142857143,722.7833333333333,87.0,87.0,87.0,87.0,86.3,3,0.0,0.0,0.0,0.0,0.0,1,12,85,0,0,1,0.0,0.0,0.0,0.0,0.0,0.0,0.0,none,0.0,Supramax / Ultramax Bulk,14.3,9533.0,27.78,59132.1,197.68,32.21,12.36,7.6,1.021,Kamarajar (Ennore),Port Hedland (AU),Thermal Coal,316.3,152.2,88.3,-6.4,10.9,10.1,4.2,3.26,11.49,4.93,3.18,5.82,54401.532,30.17213660601265
2022-03-27,2544.0,real,1887.0,real,3413.0,real,3020.0,real,1782.0,real,0.0315866056732933,0.9108300316211578,-0.0557737627651218,24.528653079021268,149.87,real,3245.0,real,87.0,forward_filled_monthly,76.285,real,953.5,726.5,real,41.30235268579308,44.1027447367708,34.717191847412764,2567.0,2546.0,2546.0,2525.5714285714284,2295.5666666666666,1969.0,2175.0,2175.0,1954.142857142857,1738.8666666666666,3379.0,3111.0,3111.0,3291.285714285714,3049.266666666667,3033.0,2983.0,2983.0,2996.0,2713.133333333333,1769.0,1715.0,1715.0,1755.2857142857142,1602.6333333333334,149.63,149.68,149.68,149.81571428571428,153.779,3113.5,3156.0,3156.0,3234.785714285714,3414.4666666666667,76.305,76.159,76.159,76.17057142857142,76.17803333333333,966.0,938.0,938.0,947.2142857142856,918.8666666666668,741.0,706.0,706.0,720.7857142857143,722.7833333333333,87.0,87.0,87.0,87.0,86.3,3,0.0,0.0,0.0,0.0,0.0,1,12,86,0,0,1,0.0,0.0,0.0,0.0,0.0,0.0,0.0,none,0.0,Supramax / Ultramax Bulk,14.3,3131.8,9.13,52403.7,192.5,32.12,13.24,7.4,1.019,Syama Prasad Mookerjee (Kolkata & Haldia),Muara Pantai (ID),Lump Iron Ore,316.3,152.2,88.3,-6.4,10.9,10.1,4.2,3.26,11.49,4.93,3.18,5.82,48211.404,11.41946297000596
2022-04-02,2357.0,real,1864.0,real,3073.0,real,2755.0,real,1695.0,real,0.0603659131664093,0.8295851531537033,-0.0557737627651218,24.528653079021268,159.85,real,3741.0,real,86.0,real,75.995,real,904.5,706.0,real,41.30235268579308,38.61218738992603,34.717191847412764,2358.0,2575.0,2546.0,2442.285714285714,2295.5666666666666,1760.0,2100.0,2175.0,1785.571428571429,1738.8666666666666,3141.0,3272.0,3111.0,3285.0,3049.266666666667,2808.0,3016.0,2983.0,2918.285714285714,2713.133333333333,1735.0,1745.0,1715.0,1756.7142857142858,1602.6333333333334,150.84,149.57,149.68,151.58285714285714,153.779,3741.0,3110.0,3156.0,3462.1428571428573,3414.4666666666667,75.928,76.53,76.159,76.01314285714285,76.17803333333333,915.5,943.0,938.0,937.2857142857144,918.8666666666668,716.0,719.0,706.0,721.7142857142857,722.7833333333333,87.0,87.0,87.0,86.85714285714286,86.3,4,0.0,0.0,0.0,0.0,0.0,2,13,92,0,0,1,0.0,0.0,0.0,0.0,0.0,0.0,0.0,none,0.0,Capesize Bulk,12.1,4371.3,15.05,176162.8,292.46,48.8,17.93,3.4,1.0,Kamarajar (Ennore),Richards Bay (ZA),Thermal Coal,303.8,151.0,92.7,-3.5,10.2,9.1,4.38,3.25,11.39,4.71,3.08,6.25,162069.77599999998,6.598806092790553
2022-04-04,2307.0,real,1796.0,real,3015.0,real,2717.0,real,1672.0,real,0.0577375073353356,0.8370052244101021,-0.0557737627651218,24.528653079021268,161.84,real,3741.0,forward_filled,86.0,forward_filled_monthly,75.451,real,909.5,711.0,real,41.30235268579308,37.555477280732646,34.717191847412764,2357.0,2567.0,2546.0,2405.1428571428573,2295.5666666666666,1864.0,1969.0,2175.0,1760.857142857143,1738.8666666666666,3073.0,3379.0,3111.0,3233.0,3049.266666666667,2755.0,3033.0,2983.0,2873.1428571428573,2713.133333333333,1695.0,1769.0,1715.0,1742.857142857143,1602.6333333333334,159.85,149.63,149.68,153.32714285714286,153.779,3741.0,3113.5,3156.0,3551.785714285714,3414.4666666666667,75.995,76.305,76.159,75.89114285714285,76.17803333333333,904.5,966.0,938.0,929.2142857142856,918.8666666666668,706.0,741.0,706.0,717.4285714285714,722.7833333333333,86.0,87.0,87.0,86.71428571428571,86.3,4,0.0,0.0,1.0,0.0,0.0,2,14,94,0,0,1,0.0,0.0,20.0,20.0,0.0,0.0,0.0,none,0.0,Feeder Container,17.1,10506.8,25.6,40317.3,166.63,26.68,9.86,10.2,1.042,Paradip,Newcastle (AU),Coking Coal,303.8,151.0,92.7,-3.5,10.2,9.1,4.38,3.25,11.39,4.71,3.08,6.25,37091.916000000005,31.951349729429552
2022-04-05,2213.0,real,1624.0,real,2951.0,real,2660.0,real,1639.0,real,0.0655262702296598,0.8150173049678934,-0.0557737627651218,24.528653079021268,161.25,real,3741.0,forward_filled,86.0,forward_filled_monthly,75.465,real,919.5,722.0,real,41.30235268579308,35.568862275449106,34.717191847412764,2307.0,2544.0,2546.0,2357.8571428571427,2295.5666666666666,1796.0,1887.0,2175.0,1723.2857142857142,1738.8666666666666,3015.0,3413.0,3111.0,3167.0,3049.266666666667,2717.0,3020.0,2983.0,2821.714285714286,2713.133333333333,1672.0,1782.0,1715.0,1722.428571428571,1602.6333333333334,161.84,149.87,149.68,154.95285714285714,153.779,3741.0,3245.0,3156.0,3622.642857142857,3414.4666666666667,75.451,76.285,76.159,75.774,76.17803333333333,909.5,953.5,938.0,924.3571428571428,918.8666666666668,711.0,726.5,706.0,716.7857142857143,722.7833333333333,86.0,87.0,87.0,86.57142857142857,86.3,4,1.0,0.0,1.0,0.0,0.0,2,14,95,0,0,1,0.0,0.0,20.0,20.0,0.0,0.0,0.0,none,0.0,Supramax / Ultramax Bulk,14.8,11890.8,33.48,63823.2,188.38,32.2,12.72,6.9,1.015,Visakhapatnam,Port Hedland (AU),Iron Ore Fines,303.8,151.0,92.7,-3.5,10.2,9.1,4.38,3.25,11.39,4.71,3.08,6.25,58717.344,31.296509489268725
2022-04-06,2128.0,real,1490.0,real,2868.0,real,2605.0,real,1605.0,real,0.065752810759238,0.8143777740202522,-0.0557737627651218,24.528653079021268,160.08,real,3741.0,real,86.0,forward_filled_monthly,75.947,real,919.5,712.5,real,41.30235268579308,33.772455089820355,34.717191847412764,2213.0,2484.0,2546.0,2307.0,2295.5666666666666,1624.0,1734.0,2175.0,1688.428571428571,1738.8666666666666,2951.0,3416.0,3111.0,3088.714285714286,3049.266666666667,2660.0,2991.0,2983.0,2766.5714285714284,2713.133333333333,1639.0,1787.0,1715.0,1696.428571428571,1602.6333333333334,161.25,150.14,149.68,156.37285714285713,153.779,3741.0,3331.5,3156.0,3681.142857142857,3414.4666666666667,75.465,76.09,76.159,75.75357142857142,76.17803333333333,919.5,953.5,938.0,919.5,918.8666666666668,722.0,729.5,706.0,714.3571428571429,722.7833333333333,86.0,87.0,87.0,86.42857142857143,86.3,4,2.0,0.0,1.0,0.0,0.0,2,14,96,0,0,1,0.0,0.0,20.0,20.0,0.0,0.0,0.0,none,0.0,Capesize Bulk,13.4,7541.0,23.45,160464.6,284.15,43.64,17.56,3.4,1.0,Visakhapatnam,Muara Pantai (ID),Iron Ore Fines,303.8,151.0,92.7,-3.5,10.2,9.1,4.38,3.25,11.39,4.71,3.08,6.25,147627.432,10.073918657563588
2022-04-08,2055.0,real,1444.0,real,2777.0,real,2502.0,real,1544.0,real,0.0663685532904796,0.812639513739669,-0.0557737627651218,24.528653079021268,154.21,real,3741.0,real,86.0,forward_filled_monthly,75.96,real,887.5,688.5,real,41.30235268579308,32.22965833039803,34.717191847412764,2061.0,2369.0,2546.0,2211.285714285714,2295.5666666666666,1417.0,1646.0,2175.0,1627.857142857143,1738.8666666666666,2778.0,3236.0,3111.0,2943.285714285714,3049.266666666667,2547.0,2875.0,2983.0,2656.285714285714,2713.133333333333,1568.0,1755.0,1715.0,1636.857142857143,1602.6333333333334,157.29,150.61,149.68,157.9085714285714,153.779,3741.0,3531.5,3156.0,3741.0,3414.4666666666667,75.913,75.823,76.159,75.80842857142856,76.17803333333333,891.5,929.5,938.0,906.7857142857144,918.8666666666668,696.5,715.5,706.0,707.5,722.7833333333333,86.0,87.0,87.0,86.14285714285714,86.3,4,4.0,0.0,1.0,0.0,0.0,2,14,98,0,0,1,0.0,0.0,20.0,20.0,0.0,0.0,0.0,none,0.0,Feeder Container,16.3,10633.4,27.18,43154.9,171.43,29.57,9.17,10.7,1.046,Paradip,Richards Bay (ZA),Coking Coal,303.8,151.0,92.7,-3.5,10.2,9.1,4.38,3.25,11.39,4.71,3.08,6.25,39702.508,29.96795310868094
2022-04-12,2035.0,real,1368.0,real,2862.0,real,2448.0,real,1505.0,real,0.0385462617515673,0.8911827064591503,-0.0557737627651218,24.528653079021268,155.56,real,3741.0,real,86.0,forward_filled_monthly,76.082,real,887.5,699.5,real,41.30235268579308,31.80697428672068,34.717191847412764,2031.0,2357.0,2546.0,2118.5714285714284,2295.5666666666666,1395.0,1864.0,2175.0,1504.857142857143,1738.8666666666666,2785.0,3073.0,3111.0,2862.285714285714,3049.266666666667,2473.0,2755.0,2983.0,2564.5714285714284,2713.133333333333,1520.0,1695.0,1715.0,1579.0,1602.6333333333334,155.94,159.85,149.68,158.02428571428572,153.779,3741.0,3741.0,3156.0,3741.0,3414.4666666666667,75.836,75.995,76.159,75.80771428571428,76.17803333333333,884.0,904.5,938.0,899.8571428571429,918.8666666666668,693.0,706.0,706.0,703.2857142857143,722.7833333333333,86.0,86.0,87.0,86.0,86.3,4,1.0,0.0,1.0,0.0,0.0,2,15,102,0,0,1,0.0,0.0,20.0,20.0,0.0,0.0,0.0,none,0.0,Capesize Bulk,12.5,9646.3,32.15,184786.3,286.21,43.35,16.16,3.0,1.0,Kamarajar (Ennore),Muara Pantai (ID),Pellets,303.8,151.0,92.7,-3.5,10.2,9.1,4.38,3.25,11.39,4.71,3.08,6.25,170003.396,12.1601570490833
2022-04-13,2068.0,real,1371.0,real,2968.0,real,2461.0,real,1472.0,real,0.0421660435881261,0.8809639499633497,-0.0557737627651218,24.528653079021268,154.67,real,3741.0,real,86.0,forward_filled_monthly,76.122,real,908.5,727.0,real,41.30235268579308,32.50440295878831,34.717191847412764,2035.0,2307.0,2546.0,2084.428571428572,2295.5666666666666,1368.0,1796.0,2175.0,1444.142857142857,1738.8666666666666,2862.0,3015.0,3111.0,2855.5714285714284,3049.266666666667,2448.0,2717.0,2983.0,2528.0,2713.133333333333,1505.0,1672.0,1715.0,1550.428571428571,1602.6333333333334,155.56,161.84,149.68,157.0,153.779,3741.0,3741.0,3156.0,3741.0,3414.4666666666667,76.082,75.451,76.159,75.90357142857142,76.17803333333333,887.5,909.5,938.0,899.7142857142857,918.8666666666668,699.5,711.0,706.0,705.5714285714286,722.7833333333333,86.0,86.0,87.0,86.0,86.3,4,2.0,0.0,1.0,0.0,0.0,2,15,103,0,0,1,0.0,0.0,20.0,20.0,0.0,0.0,0.0,none,0.0,Feeder Container,15.3,9484.8,25.83,20835.7,178.34,26.71,9.84,9.0,1.032,Kamarajar (Ennore),Muara Pantai (ID),Lump Iron Ore,303.8,151.0,92.7,-3.5,10.2,9.1,4.38,3.25,11.39,4.71,3.08,6.25,19168.844,53.90749284843604
2022-04-14,2137.0,real,1481.0,real,3042.0,real,2497.0,real,1449.0,real,0.0525173138397371,0.851741992701971,-0.0557737627651218,24.528653079021268,155.69,real,3741.0,real,86.0,forward_filled_monthly,76.292,real,917.0,734.0,real,41.30235268579308,33.96266290947516,34.717191847412764,2068.0,2213.0,2546.0,2073.5714285714284,2295.5666666666666,1371.0,1624.0,2175.0,1423.7142857142858,1738.8666666666666,2968.0,2951.0,3111.0,2868.5714285714284,3049.266666666667,2461.0,2660.0,2983.0,2504.714285714286,2713.133333333333,1472.0,1639.0,1715.0,1523.2857142857142,1602.6333333333334,154.67,161.25,149.68,156.2057142857143,153.779,3741.0,3741.0,3156.0,3741.0,3414.4666666666667,76.122,75.465,76.159,76.0217142857143,76.17803333333333,908.5,919.5,938.0,899.3571428571429,918.8666666666668,727.0,722.0,706.0,707.2857142857143,722.7833333333333,86.0,86.0,87.0,86.0,86.3,4,3.0,0.0,1.0,0.0,0.0,2,15,104,0,0,1,0.0,0.0,20.0,20.0,0.0,0.0,0.0,none,0.0,Capesize Bulk,12.2,11947.4,40.8,157780.7,277.69,45.49,17.68,0.9,1.0,Paradip,Port Hedland (AU),Coking Coal,303.8,151.0,92.7,-3.5,10.2,9.1,4.38,3.25,11.39,4.71,3.08,6.25,145158.244,17.44401647283636
2022-04-16,2137.0,forward_filled,1481.0,forward_filled,3042.0,forward_filled,2497.0,forward_filled,1449.0,forward_filled,0.0422918838695505,0.8806086989423485,-0.0557737627651218,24.528653079021268,155.69,forward_filled,3741.0,real,86.0,forward_filled_monthly,76.332,real,927.0,736.5,real,41.30235268579308,33.96266290947516,34.717191847412764,2137.0,2128.0,2546.0,2074.8571428571427,2295.5666666666666,1481.0,1490.0,2175.0,1422.428571428571,1738.8666666666666,3042.0,2868.0,3111.0,2893.428571428572,3049.266666666667,2497.0,2605.0,2983.0,2489.285714285714,2713.133333333333,1449.0,1605.0,1715.0,1501.0,1602.6333333333334,155.69,160.08,149.68,155.57857142857142,153.779,3741.0,3741.0,3156.0,3741.0,3414.4666666666667,76.292,75.947,76.159,76.07671428571429,76.17803333333333,917.0,919.5,938.0,900.4285714285714,918.8666666666668,734.0,712.5,706.0,710.7142857142857,722.7833333333333,86.0,86.0,87.0,86.0,86.3,4,0.0,0.0,0.0,0.0,0.0,2,15,106,0,0,1,0.0,0.0,0.0,0.0,0.0,0.0,0.0,none,0.0,Capesize Bulk,12.4,2936.5,9.87,169035.3,278.46,46.72,16.13,3.5,1.0,Visakhapatnam,Muara Pantai (ID),Coking Coal,303.8,151.0,92.7,-3.5,10.2,9.1,4.38,3.25,11.39,4.71,3.08,6.25,155512.476,4.27154206199765
2022-04-17,2137.0,forward_filled,1481.0,forward_filled,3042.0,forward_filled,2497.0,forward_filled,1449.0,forward_filled,0.0422918838695505,0.8806086989423485,-0.0557737627651218,24.528653079021268,155.69,forward_filled,3741.0,real,86.0,forward_filled_monthly,76.332,real,927.0,736.5,real,41.30235268579308,33.96266290947516,34.717191847412764,2137.0,2128.0,2546.0,2074.8571428571427,2295.5666666666666,1481.0,1490.0,2175.0,1422.428571428571,1738.8666666666666,3042.0,2868.0,3111.0,2893.428571428572,3049.266666666667,2497.0,2605.0,2983.0,2489.285714285714,2713.133333333333,1449.0,1605.0,1715.0,1501.0,1602.6333333333334,155.69,160.08,149.68,155.57857142857142,153.779,3741.0,3741.0,3156.0,3741.0,3414.4666666666667,76.292,75.947,76.159,76.07671428571429,76.17803333333333,917.0,919.5,938.0,900.4285714285714,918.8666666666668,734.0,712.5,706.0,710.7142857142857,722.7833333333333,86.0,86.0,87.0,86.0,86.3,4,0.0,0.0,0.0,0.0,0.0,2,15,107,0,0,1,0.0,0.0,0.0,0.0,0.0,0.0,0.0,none,0.0,Aframax / Suezmax Tanker,14.8,7392.8,20.81,83734.8,267.28,43.52,16.49,17.4,1.099,Syama Prasad Mookerjee (Kolkata & Haldia),Newcastle (AU),Lump Iron Ore,303.8,151.0,92.7,-3.5,10.2,9.1,4.38,3.25,11.39,4.71,3.08,6.25,77036.016,14.963992940684586
2022-04-18,2137.0,forward_filled,1481.0,forward_filled,3042.0,forward_filled,2497.0,forward_filled,1449.0,forward_filled,0.0365138867827411,0.8969201640884583,-0.0557737627651218,24.528653079021268,155.62,real,3741.0,real,86.0,forward_filled_monthly,76.284,real,928.5,741.0,real,41.30235268579308,33.96266290947516,34.717191847412764,2137.0,2061.0,2546.0,2085.714285714286,2295.5666666666666,1481.0,1417.0,2175.0,1431.571428571429,1738.8666666666666,3042.0,2778.0,3111.0,2931.1428571428573,3049.266666666667,2497.0,2547.0,2983.0,2482.1428571428573,2713.133333333333,1449.0,1568.0,1715.0,1484.0,1602.6333333333334,155.69,157.29,149.68,155.33999999999995,153.779,3741.0,3741.0,3156.0,3741.0,3414.4666666666667,76.332,75.913,76.159,76.12971428571429,76.17803333333333,927.0,891.5,938.0,905.7142857142856,918.8666666666668,736.5,696.5,706.0,717.0714285714286,722.7833333333333,86.0,86.0,87.0,86.0,86.3,4,0.0,0.0,1.0,0.0,0.0,2,16,108,0,0,1,0.0,0.0,20.0,20.0,0.0,0.0,0.0,none,0.0,Capesize Bulk,14.2,6946.3,20.38,167191.2,294.08,49.98,16.08,2.6,1.0,Kamarajar (Ennore),Tubarao (BR),Coking Coal,303.8,151.0,92.7,-3.5,10.2,9.1,4.38,3.25,11.39,4.71,3.08,6.25,153815.904,8.639375360165616
2022-04-19,2115.0,real,1342.0,real,3079.0,real,2541.0,real,1448.0,real,0.0519275483492549,0.8534069189900682,-0.0557737627651218,24.528653079021268,154.58,real,3138.5,real,86.0,forward_filled_monthly,76.445,real,931.5,746.0,real,41.30235268579308,33.49771046143008,34.717191847412764,2137.0,2055.0,2546.0,2094.285714285714,2295.5666666666666,1481.0,1444.0,2175.0,1417.0,1738.8666666666666,3042.0,2777.0,3111.0,2974.285714285714,3049.266666666667,2497.0,2502.0,2983.0,2487.714285714286,2713.133333333333,1449.0,1544.0,1715.0,1470.2857142857142,1602.6333333333334,155.62,154.21,149.68,155.39285714285714,153.779,3741.0,3741.0,3156.0,3654.928571428572,3414.4666666666667,76.284,75.96,76.159,76.199,76.17803333333333,928.5,887.5,938.0,912.0,918.8666666666668,741.0,688.5,706.0,725.2857142857143,722.7833333333333,86.0,86.0,87.0,86.0,86.3,4,1.0,0.0,1.0,0.0,0.0,2,16,109,0,0,1,0.0,0.0,20.0,20.0,0.0,0.0,0.0,none,0.0,Capesize Bulk,13.5,5124.2,15.82,166214.9,298.99,46.9,16.87,2.5,1.0,Visakhapatnam,Richards Bay (ZA),Pellets,303.8,151.0,92.7,-3.5,10.2,9.1,4.38,3.25,11.39,4.71,3.08,6.25,152917.708,6.613393482613537
2022-04-21,2239.0,real,1636.0,real,3047.0,real,2646.0,real,1473.0,real,0.0909563513367445,0.743227396560375,-0.0557737627651218,24.528653079021268,154.27,real,3085.5,real,86.0,forward_filled_monthly,76.262,real,921.5,742.5,real,41.30235268579308,36.11835153222966,34.717191847412764,2142.0,2035.0,2546.0,2139.285714285714,2295.5666666666666,1363.0,1368.0,2175.0,1450.7142857142858,1738.8666666666666,3087.0,2862.0,3111.0,3043.8571428571427,3049.266666666667,2596.0,2448.0,2983.0,2533.5714285714284,2713.133333333333,1459.0,1505.0,1715.0,1457.0,1602.6333333333334,154.41,155.56,149.68,154.99,153.779,3095.0,3741.0,3156.0,3469.0,3414.4666666666667,76.269,76.082,76.159,76.28657142857142,76.17803333333333,928.5,887.5,938.0,923.2142857142856,918.8666666666668,741.0,699.5,706.0,738.2857142857143,722.7833333333333,86.0,86.0,87.0,86.0,86.3,4,3.0,0.0,1.0,0.0,0.0,2,16,111,0,0,1,0.0,0.0,20.0,20.0,0.0,0.0,0.0,none,0.0,Feeder Container,16.6,2860.8,7.18,24318.9,178.97,31.56,10.35,10.7,1.046,Paradip,Newcastle (AU),Thermal Coal,303.8,151.0,92.7,-3.5,10.2,9.1,4.38,3.25,11.39,4.71,3.08,6.25,22373.388000000003,14.894119724299935
2022-04-23,2307.0,real,1845.0,real,3004.0,real,2678.0,real,1504.0,real,0.0969235502856235,0.7263818086841288,-0.0557737627651218,24.528653079021268,154.13,real,3079.0,real,86.0,forward_filled_monthly,76.475,real,919.0,742.5,real,41.30235268579308,37.555477280732646,34.717191847412764,2239.0,2068.0,2546.0,2173.428571428572,2295.5666666666666,1636.0,1371.0,2175.0,1518.428571428571,1738.8666666666666,3047.0,2968.0,3111.0,3049.0,3049.266666666667,2646.0,2461.0,2983.0,2564.5714285714284,2713.133333333333,1473.0,1472.0,1715.0,1461.571428571429,1602.6333333333334,154.27,154.67,149.68,154.91285714285712,153.779,3085.5,3741.0,3156.0,3374.428571428572,3414.4666666666667,76.262,76.122,76.159,76.33699999999999,76.17803333333333,921.5,908.5,938.0,924.7142857142856,918.8666666666668,742.5,727.0,706.0,740.5,722.7833333333333,86.0,86.0,87.0,86.0,86.3,4,0.0,0.0,0.0,0.0,0.0,2,16,113,0,0,1,0.0,0.0,0.0,0.0,0.0,0.0,0.0,none,0.0,Supramax / Ultramax Bulk,14.2,10394.2,30.5,56339.5,189.18,32.29,11.79,8.7,1.03,Visakhapatnam,Hay Point (AU),Coking Coal,303.8,151.0,92.7,-3.5,10.2,9.1,4.38,3.25,11.39,4.71,3.08,6.25,51832.34,31.852582502381715
2022-04-24,2307.0,real,1845.0,real,3004.0,real,2678.0,real,1504.0,real,0.0969235502856235,0.7263818086841288,-0.0557737627651218,24.528653079021268,154.13,real,3079.0,real,86.0,forward_filled_monthly,76.475,real,919.0,742.5,real,41.30235268579308,37.555477280732646,34.717191847412764,2239.0,2068.0,2546.0,2173.428571428572,2295.5666666666666,1636.0,1371.0,2175.0,1518.428571428571,1738.8666666666666,3047.0,2968.0,3111.0,3049.0,3049.266666666667,2646.0,2461.0,2983.0,2564.5714285714284,2713.133333333333,1473.0,1472.0,1715.0,1461.571428571429,1602.6333333333334,154.27,154.67,149.68,154.91285714285712,153.779,3085.5,3741.0,3156.0,3374.428571428572,3414.4666666666667,76.262,76.122,76.159,76.33699999999999,76.17803333333333,921.5,908.5,938.0,924.7142857142856,918.8666666666668,742.5,727.0,706.0,740.5,722.7833333333333,86.0,86.0,87.0,86.0,86.3,4,0.0,0.0,0.0,0.0,0.0,2,16,114,0,0,1,0.0,0.0,0.0,0.0,0.0,0.0,0.0,none,0.0,Supramax / Ultramax Bulk,14.0,9510.4,28.3,63889.3,186.96,32.24,12.29,8.2,1.026,Visakhapatnam,Tubarao (BR),Lump Iron Ore,303.8,151.0,92.7,-3.5,10.2,9.1,4.38,3.25,11.39,4.71,3.08,6.25,58778.156,26.744448124734845
2022-04-27,2425.0,real,2226.0,real,2904.0,real,2736.0,real,1574.0,real,0.0932219255176191,0.7368316103161023,-0.0557737627651218,24.528653079021268,151.62,real,3087.5,real,86.0,forward_filled_monthly,76.633,real,901.0,738.0,real,41.30235268579308,40.04931313842903,34.717191847412764,2404.0,2137.0,2546.0,2284.0,2295.5666666666666,2169.0,1481.0,2175.0,1797.7142857142858,1738.8666666666666,2919.0,3042.0,3111.0,3001.0,3049.266666666667,2714.0,2497.0,2983.0,2658.5714285714284,2713.133333333333,1564.0,1449.0,1715.0,1508.571428571429,1602.6333333333334,152.08,155.62,149.68,153.3657142857143,153.779,3073.5,3741.0,3156.0,3089.0714285714284,3414.4666666666667,76.68,76.284,76.159,76.5017142857143,76.17803333333333,886.5,928.5,938.0,911.1428571428572,918.8666666666668,712.0,741.0,706.0,735.5,722.7833333333333,86.0,86.0,87.0,86.0,86.3,4,2.0,0.0,1.0,0.0,0.0,2,17,117,0,0,1,0.0,0.0,20.0,20.0,0.0,0.0,0.0,none,0.0,Capesize Bulk,14.1,5126.3,15.15,161647.7,286.1,49.54,18.09,3.9,1.0,Paradip,Tubarao (BR),Thermal Coal,303.8,151.0,92.7,-3.5,10.2,9.1,4.38,3.25,11.39,4.71,3.08,6.25,148715.88400000002,7.414164787071433
2022-04-30,2404.0,real,2136.0,real,2938.0,real,2734.0,real,1593.0,real,0.0809808867991288,0.7713884426247686,-0.0557737627651218,24.528653079021268,150.77,real,2990.0,real,86.0,forward_filled_monthly,76.535,real,924.5,747.5,real,41.30235268579308,39.605494892567805,34.717191847412764,2403.0,2142.0,2546.0,2362.5714285714284,2295.5666666666666,2149.0,1363.0,2175.0,2023.428571428572,1738.8666666666666,2914.0,3087.0,3111.0,2956.1428571428573,3049.266666666667,2736.0,2596.0,2983.0,2706.1428571428573,2713.133333333333,1582.0,1459.0,1715.0,1546.857142857143,1602.6333333333334,151.19,154.41,149.68,152.36142857142858,153.779,3012.5,3095.0,3156.0,3056.0714285714284,3414.4666666666667,76.67,76.269,76.159,76.57185714285713,76.17803333333333,903.5,928.5,938.0,906.5714285714286,918.8666666666668,743.0,741.0,706.0,736.0,722.7833333333333,86.0,86.0,87.0,86.0,86.3,4,0.0,0.0,0.0,0.0,0.0,2,17,120,0,0,1,0.0,0.0,0.0,0.0,0.0,0.0,0.0,none,0.0,Feeder Container,15.9,9594.5,25.14,36412.0,166.4,27.44,11.28,9.4,1.035,Paradip,Muara Pantai (ID),Pellets,303.8,151.0,92.7,-3.5,10.2,9.1,4.38,3.25,11.39,4.71,3.08,6.25,33499.04,35.08690369539306
2022-05-01,2404.0,forward_filled,2136.0,forward_filled,2938.0,forward_filled,2734.0,forward_filled,1593.0,forward_filled,0.0592921326056045,0.8326164690109098,-0.0557737627651218,24.528653079021268,150.77,forward_filled,2990.0,forward_filled,92.5,real,76.535,forward_filled,924.5,747.5,forward_filled,41.30235268579308,49.605494892567805,34.717191847412764,2404.0,2239.0,2546.0,2386.1428571428573,2290.833333333333,2136.0,1636.0,2175.0,2094.8571428571427,1737.5666666666666,2938.0,3047.0,3111.0,2940.5714285714284,3043.5,2734.0,2646.0,2983.0,2718.714285714286,2704.833333333333,1593.0,1473.0,1715.0,1564.0,1598.5666666666666,150.77,154.27,149.68,151.86142857142858,153.81533333333334,2990.0,3085.5,3156.0,3042.428571428572,3408.9333333333334,76.535,76.262,76.159,76.61085714285716,76.19056666666667,924.5,921.5,938.0,907.0,918.4166666666666,747.5,742.5,706.0,736.7142857142857,724.1666666666666,86.0,86.0,87.0,86.92857142857143,86.48333333333333,5,6.0,0.0,1.0,0.0,0.0,2,17,121,0,0,1,0.0,0.0,20.0,20.0,0.0,0.0,0.0,none,0.0,Supramax / Ultramax Bulk,14.7,7462.4,21.15,51185.1,186.79,32.07,12.5,8.0,1.024,Chennai,Newcastle (AU),Coking Coal,375.9,130.9,96.6,-3.5,10.6,9.4,4.31,3.53,11.61,4.68,3.13,5.91,47090.292,24.36723160228915
2022-05-02,2404.0,forward_filled,2136.0,forward_filled,2938.0,forward_filled,2734.0,forward_filled,1593.0,forward_filled,0.0460636092872851,0.8699610010000075,-0.0557737627651218,24.528653079021268,144.08,real,2990.0,forward_filled,92.5,forward_filled_monthly,76.485,real,920.5,751.0,real,37.846911505178944,49.605494892567805,34.717191847412764,2404.0,2307.0,2546.0,2400.0,2286.1,2136.0,1845.0,2175.0,2136.428571428572,1736.2666666666669,2938.0,3004.0,3111.0,2931.1428571428573,3037.733333333333,2734.0,2678.0,2983.0,2726.714285714286,2696.5333333333333,1593.0,1504.0,1715.0,1576.7142857142858,1594.5,150.77,154.13,149.68,150.4257142857143,153.62866666666667,2990.0,3079.0,3156.0,3029.714285714286,3403.4,76.535,76.475,76.159,76.61228571428572,76.20143333333333,924.5,919.0,938.0,907.2142857142856,917.8333333333334,747.5,742.5,706.0,737.9285714285714,725.6666666666666,92.5,86.0,87.0,87.85714285714286,86.66666666666667,5,0.0,0.0,1.0,0.0,0.0,2,18,122,0,0,1,0.0,0.0,20.0,20.0,0.0,0.0,0.0,none,0.0,Capesize Bulk,12.7,10487.3,34.41,168110.1,289.51,45.3,16.98,1.8,1.0,Paradip,Tubarao (BR),Lump Iron Ore,375.9,130.9,96.6,-3.5,10.6,9.4,4.31,3.53,11.61,4.68,3.13,5.91,154661.29200000002,16.12440010780525
2022-05-04,2485.0,real,2319.0,real,3013.0,real,2732.0,real,1620.0,real,0.0357072467359996,0.8991973339814509,-0.0319439033891701,25.584748895352693,142.9,real,2990.0,forward_filled,92.5,forward_filled_monthly,76.283,real,925.0,761.5,real,37.97505975575037,51.31736526946108,35.35084933721161,2412.0,2404.0,2567.0,2419.5714285714284,2277.9333333333334,2147.0,2169.0,1969.0,2178.428571428572,1749.5,2955.0,2919.0,3379.0,2942.8571428571427,3014.9666666666667,2733.0,2714.0,3033.0,2734.1428571428573,2677.0666666666666,1609.0,1564.0,1769.0,1594.857142857143,1585.0,144.08,152.08,149.63,147.9157142857143,153.22133333333332,2990.0,3073.5,3113.5,3007.1428571428573,3395.2833333333333,76.47,76.68,76.305,76.51585714285714,76.19869999999999,928.5,886.5,966.0,918.2142857142856,915.9833333333332,757.5,712.0,741.0,749.4285714285714,727.6333333333333,92.5,86.0,87.0,89.71428571428571,87.03333333333333,5,2.0,0.0,1.0,0.0,0.0,2,18,124,0,0,1,0.0,0.0,20.0,20.0,0.0,0.0,0.0,none,0.0,Feeder Container,15.3,6741.7,18.36,28872.4,180.66,29.87,10.47,11.0,1.048,Syama Prasad Mookerjee (Kolkata & Haldia),Port Hedland (AU),Thermal Coal,375.9,130.9,96.6,-3.5,10.6,9.4,4.31,3.53,11.61,4.68,3.13,5.91,26562.608000000004,32.41376063466057
2022-05-05,2644.0,real,2721.0,real,3110.0,real,2732.0,real,1632.0,real,0.0718106424582293,0.7972763270768686,0.0393081761006288,28.742510838758463,144.9,real,3088.0,real,92.5,forward_filled_monthly,76.515,real,935.0,769.5,real,38.40800272634129,54.67770341669602,37.24550650325508,2485.0,2425.0,2544.0,2450.8571428571427,2281.266666666667,2319.0,2226.0,1887.0,2249.1428571428573,1777.3,3013.0,2904.0,3413.0,2972.285714285714,3004.866666666667,2732.0,2736.0,3020.0,2733.5714285714284,2667.4666666666667,1620.0,1574.0,1782.0,1603.142857142857,1580.0,142.9,151.62,149.87,146.9557142857143,153.05566666666667,2990.0,3087.5,3245.0,3007.214285714286,3390.05,76.283,76.633,76.285,76.499,76.20636666666665,925.0,901.0,953.5,923.0714285714286,915.3666666666668,761.5,738.0,726.5,753.9285714285714,729.0666666666667,92.5,86.0,87.0,90.64285714285714,87.21666666666667,5,3.0,0.0,1.0,0.0,0.0,2,18,125,0,0,1,0.0,0.0,20.0,20.0,0.0,0.0,0.0,none,0.0,Feeder Container,15.2,8447.4,23.16,41897.1,186.95,27.03,9.78,9.3,1.034,Paradip,Tubarao (BR),Thermal Coal,375.9,130.9,96.6,-3.5,10.6,9.4,4.31,3.53,11.61,4.68,3.13,5.91,38545.332,30.375549390397985
2022-05-07,2718.0,real,2894.0,real,3175.0,real,2729.0,real,1640.0,real,0.0662014528788534,0.8131112433890946,0.0942028985507246,31.17534461270539,136.91,real,3171.5,real,92.5,forward_filled_monthly,76.979,real,933.5,759.5,real,34.17893582940369,56.241634378302216,38.70520676762324,2644.0,2403.0,2484.0,2495.8571428571427,2289.0666666666666,2721.0,2149.0,1734.0,2355.5714285714284,1815.9666666666667,3110.0,2914.0,3416.0,3009.5714285714284,2996.833333333333,2732.0,2736.0,2991.0,2732.5714285714284,2658.733333333333,1632.0,1582.0,1787.0,1611.428571428571,1575.1,144.9,151.19,150.14,144.9157142857143,152.6146666666667,3088.0,3012.5,3331.5,3029.928571428572,3384.7166666666667,76.515,76.67,76.09,76.54314285714285,76.236,935.0,903.5,953.5,927.3571428571428,914.7,769.5,743.0,729.5,756.2857142857143,730.0666666666667,92.5,86.0,87.0,91.57142857142856,87.4,5,0.0,0.0,0.0,0.0,0.0,2,18,127,0,0,1,0.0,0.0,0.0,0.0,0.0,0.0,0.0,none,0.0,Supramax / Ultramax Bulk,14.0,6872.0,20.45,57468.7,193.95,32.11,13.11,8.2,1.026,Chennai,Newcastle (AU),Thermal Coal,375.9,130.9,96.6,-3.5,10.6,9.4,4.31,3.53,11.61,4.68,3.13,5.91,52871.204,21.55997739724053
2022-05-08,2718.0,real,2894.0,real,3175.0,real,2729.0,real,1640.0,real,0.0662014528788534,0.8131112433890946,0.0942028985507246,31.17534461270539,136.91,real,3171.5,real,92.5,forward_filled_monthly,76.979,real,933.5,759.5,real,34.17893582940369,56.241634378302216,38.70520676762324,2644.0,2403.0,2484.0,2495.8571428571427,2289.0666666666666,2721.0,2149.0,1734.0,2355.5714285714284,1815.9666666666667,3110.0,2914.0,3416.0,3009.5714285714284,2996.833333333333,2732.0,2736.0,2991.0,2732.5714285714284,2658.733333333333,1632.0,1582.0,1787.0,1611.428571428571,1575.1,144.9,151.19,150.14,144.9157142857143,152.6146666666667,3088.0,3012.5,3331.5,3029.928571428572,3384.7166666666667,76.515,76.67,76.09,76.54314285714285,76.236,935.0,903.5,953.5,927.3571428571428,914.7,769.5,743.0,729.5,756.2857142857143,730.0666666666667,92.5,86.0,87.0,91.57142857142856,87.4,5,0.0,0.0,0.0,0.0,0.0,2,18,128,0,0,1,0.0,0.0,0.0,0.0,0.0,0.0,0.0,none,0.0,Capesize Bulk,12.5,4540.2,15.13,152866.9,280.57,49.0,16.99,2.7,1.0,V.O. Chidambaranar (Tuticorin),Richards Bay (ZA),Thermal Coal,375.9,130.9,96.6,-3.5,10.6,9.4,4.31,3.53,11.61,4.68,3.13,5.91,140637.548,8.717441241082359
2022-05-11,3052.0,real,3756.0,real,3316.0,real,2759.0,real,1665.0,real,0.0498485684616222,0.8592759437519533,0.29431721798134,40.04404552295758,134.26,real,3058.0,real,92.5,forward_filled_monthly,77.425,real,902.0,726.5,real,25.07598819897056,63.300457907713984,44.02642731377455,2939.0,2404.0,2358.0,2725.8571428571427,2345.0,3461.0,2136.0,1760.0,2926.1428571428573,1994.5333333333333,3277.0,2938.0,3141.0,3154.1428571428573,3000.5666666666666,2746.0,2734.0,2808.0,2737.5714285714284,2645.6666666666665,1661.0,1593.0,1735.0,1639.571428571429,1565.5,131.9,144.08,150.84,138.32285714285717,150.87733333333335,3117.0,2990.0,3741.0,3083.714285714286,3336.133333333333,77.225,76.485,75.928,76.89457142857142,76.38926666666666,907.5,920.5,915.5,923.3571428571428,913.3,737.0,751.0,716.0,752.5714285714286,732.4333333333333,92.5,92.5,87.0,92.5,87.95,5,2.0,0.0,1.0,1.0,0.0,2,19,131,0,0,1,1.0,0.0,70.0,70.0,1.0,1.0,0.0,none,0.0,Aframax / Suezmax Tanker,13.6,4576.8,14.02,92037.8,273.88,44.68,15.5,15.0,1.08,Visakhapatnam,Hay Point (AU),Iron Ore Fines,375.9,130.9,96.6,-3.5,10.6,9.4,4.31,3.53,11.61,4.68,3.13,5.91,84674.77600000001,10.855199750010463
2022-05-12,3117.0,real,3965.0,real,3310.0,real,2750.0,real,1665.0,real,0.0388071910865291,0.8904460948463574,0.3224437844717862,41.2905635459848,131.98,real,3049.0,real,92.5,forward_filled_monthly,77.435,real,902.0,722.0,real,19.961965619641614,64.67418104966536,44.77433812759088,3052.0,2412.0,2357.0,2826.5714285714284,2370.333333333333,3756.0,2147.0,1864.0,3185.8571428571427,2064.5666666666666,3316.0,2955.0,3073.0,3204.8571428571427,3008.4666666666667,2759.0,2733.0,2755.0,2740.0,2645.5,1665.0,1609.0,1695.0,1647.571428571429,1564.5,134.26,144.08,159.85,136.59428571428572,149.94833333333332,3058.0,2990.0,3741.0,3092.1428571428573,3313.0666666666666,77.425,76.47,75.995,77.03242857142857,76.43726666666666,902.0,928.5,904.5,919.5714285714286,913.2166666666668,726.5,757.5,706.0,747.5,732.9666666666667,92.5,92.5,86.0,92.5,88.16666666666667,5,3.0,0.0,1.0,0.0,1.0,2,19,132,0,0,1,0.0,1.0,66.55313898520114,66.55313898520114,1.0,1.0,0.0,none,0.0,Panamax / Kamsarmax Bulk,12.9,7591.8,24.52,79454.8,226.57,32.27,12.52,5.9,1.007,Paradip,Newcastle (AU),Iron Ore Fines,375.9,130.9,96.6,-3.5,10.6,9.4,4.31,3.53,11.61,4.68,3.13,5.91,73098.41600000001,19.883466614982577
2022-05-14,3104.0,real,3947.0,real,3283.0,real,2752.0,real,1673.0,real,0.0535696266019131,0.8487712811067323,0.3454703077589944,42.31105697503207,132.33,real,3049.0,real,92.5,forward_filled_monthly,77.48,real,918.5,730.0,real,19.34427957495532,64.3994364212751,45.38663418501924,3117.0,2485.0,2307.0,2915.0,2396.9,3965.0,2319.0,1796.0,3418.428571428572,2136.266666666667,3310.0,3013.0,3015.0,3243.428571428572,3017.4,2750.0,2732.0,2717.0,2742.8571428571427,2646.6666666666665,1665.0,1620.0,1672.0,1655.142857142857,1564.5333333333333,131.98,142.9,161.84,135.08428571428573,148.96466666666666,3049.0,2990.0,3741.0,3100.5714285714284,3290.0,77.435,76.283,75.451,77.20342857142857,76.50489999999999,902.0,925.0,909.5,918.6428571428572,913.5166666666668,722.0,761.5,711.0,743.0,733.6,92.5,92.5,86.0,92.5,88.38333333333334,5,0.0,0.0,0.0,0.0,2.0,2,19,134,0,0,1,0.0,2.0,0.0,0.0,0.0,0.0,0.0,none,0.0,Supramax / Ultramax Bulk,13.6,10589.4,32.44,63289.9,189.58,32.05,12.42,6.8,1.014,Syama Prasad Mookerjee (Kolkata & Haldia),Hay Point (AU),Lump Iron Ore,375.9,130.9,96.6,-3.5,10.6,9.4,4.31,3.53,11.61,4.68,3.13,5.91,58226.708000000006,31.05146694564908
2022-05-16,3085.0,real,3929.0,real,3241.0,real,2748.0,real,1667.0,real,0.0431218532174834,0.8782656697078665,0.3940352462720289,44.46336629313774,132.96,real,2974.0,real,92.5,forward_filled_monthly,77.833,real,935.0,734.0,real,18.77235986786864,63.99788657978161,46.678019775882646,3104.0,2644.0,2213.0,2978.0,2425.9666666666667,3947.0,2721.0,1624.0,3591.0,2213.1,3283.0,3110.0,2951.0,3262.1428571428573,3027.0666666666666,2752.0,2732.0,2660.0,2745.1428571428573,2649.6,1673.0,1632.0,1639.0,1660.142857142857,1565.4666666666667,132.33,144.9,161.25,133.37857142857143,148.02166666666665,3049.0,3088.0,3741.0,3084.285714285714,3264.4333333333334,77.48,76.515,75.465,77.39171428571429,76.58383333333333,918.5,935.0,919.5,918.6428571428572,914.0333333333332,730.0,769.5,722.0,737.9285714285714,734.0,92.5,92.5,86.0,92.5,88.6,5,0.0,0.0,1.0,0.0,5.0,2,20,136,0,0,1,0.0,5.0,54.98362686875652,54.98362686875652,1.0,1.0,0.0,none,0.0,Panamax / Kamsarmax Bulk,14.2,10438.6,30.63,75222.3,226.04,32.25,14.16,6.4,1.011,Visakhapatnam,Port Hedland (AU),Pellets,375.9,130.9,96.6,-3.5,10.6,9.4,4.31,3.53,11.61,4.68,3.13,5.91,69204.516,25.986109849779066
2022-05-17,3095.0,real,3950.0,real,3254.0,real,2745.0,real,1663.0,real,0.0465905200700187,0.8684735155031232,0.4544172932330828,47.13938826083138,132.61,real,2999.5,real,92.5,forward_filled_monthly,77.476,real,949.0,746.0,real,19.44503717177029,64.20922860162028,48.28363295649883,3085.0,2718.0,2128.0,3031.8571428571427,2458.2,3929.0,2894.0,1490.0,3741.857142857143,2295.1,3241.0,3175.0,2868.0,3273.428571428572,3039.9333333333334,2748.0,2729.0,2605.0,2747.428571428572,2654.266666666667,1667.0,1640.0,1605.0,1663.428571428571,1567.4,132.96,136.91,160.08,132.7642857142857,147.10599999999997,2974.0,3171.5,3741.0,3059.714285714286,3239.7166666666667,77.833,76.979,75.947,77.46271428571428,76.6348,935.0,933.5,919.5,920.8571428571428,915.0166666666668,734.0,759.5,712.5,736.0,735.1166666666667,92.5,92.5,86.0,92.5,88.81666666666666,5,1.0,0.0,1.0,0.0,6.0,2,20,137,0,0,1,0.0,6.0,52.57195287655278,52.57195287655278,1.0,1.0,0.0,none,0.0,Panamax / Kamsarmax Bulk,13.5,6696.2,20.67,65514.8,223.41,32.28,14.29,5.7,1.006,V.O. Chidambaranar (Tuticorin),Tubarao (BR),Coking Coal,375.9,130.9,96.6,-3.5,10.6,9.4,4.31,3.53,11.61,4.68,3.13,5.91,60273.616,19.82479503423092
2022-05-19,3289.0,real,4385.0,real,3370.0,real,2800.0,real,1664.0,real,0.035711838760256,0.8991843705544217,0.6004866180048662,53.61291377989152,131.92,real,2759.5,real,92.5,forward_filled_monthly,77.415,real,949.0,725.5,real,18.000106153793972,68.30926382529059,52.16774826793491,3189.0,2939.0,2055.0,3133.0,2536.9333333333334,4164.0,3461.0,1444.0,4013.714285714286,2484.7,3327.0,3277.0,2777.0,3300.1428571428573,3078.0,2758.0,2746.0,2502.0,2758.8571428571427,2671.233333333333,1667.0,1661.0,1544.0,1666.2857142857142,1574.7,130.81,131.9,154.21,132.41000000000005,145.48033333333333,3075.0,3117.0,3741.0,2994.8571428571427,3184.8,77.81,77.225,75.96,77.55342857142857,76.74653333333335,959.5,907.5,887.5,930.7142857142856,919.3333333333334,742.5,737.0,688.5,732.3571428571429,737.8833333333333,92.5,92.5,86.0,92.5,89.25,5,3.0,0.0,1.0,0.0,8.0,2,20,139,0,0,1,0.0,8.0,48.235906100387965,48.235906100387965,1.0,1.0,0.0,none,0.0,Panamax / Kamsarmax Bulk,12.7,2782.1,9.13,65756.4,221.23,32.3,13.13,4.3,1.0,Kamarajar (Ennore),Newcastle (AU),Pellets,375.9,130.9,96.6,-3.5,10.6,9.4,4.31,3.53,11.61,4.68,3.13,5.91,60495.888,9.187831177775257
2022-05-21,3344.0,real,4526.0,real,3382.0,real,2816.0,real,1662.0,real,0.0280610352362004,0.9207828264116016,0.6464795667159036,55.65123721051531,133.66,real,2808.0,real,92.5,forward_filled_monthly,77.865,real,950.0,734.5,real,18.84377607506297,69.4716449454033,53.39074232630919,3289.0,3052.0,2031.0,3174.714285714286,2580.7,4385.0,3756.0,1395.0,4123.714285714285,2589.0666666666666,3370.0,3316.0,2785.0,3309.5714285714284,3097.9,2800.0,2759.0,2473.0,2767.0,2682.6666666666665,1664.0,1665.0,1520.0,1665.857142857143,1579.4333333333334,131.92,134.26,155.94,132.32428571428574,144.73766666666668,2759.5,3058.0,3741.0,2959.1428571428573,3153.7,77.415,77.425,75.836,77.61628571428571,76.81416666666665,949.0,902.0,884.0,937.5714285714286,921.5333333333332,725.5,726.5,693.0,733.5,739.2666666666667,92.5,92.5,86.0,92.5,89.46666666666667,5,0.0,0.0,0.0,0.0,9.0,2,20,141,0,0,1,0.0,9.0,0.0,0.0,0.0,0.0,0.0,none,0.0,Supramax / Ultramax Bulk,13.1,9665.4,30.74,58635.0,196.14,32.22,12.54,7.3,1.018,Chennai,Port Hedland (AU),Pellets,375.9,130.9,96.6,-3.5,10.6,9.4,4.31,3.53,11.61,4.68,3.13,5.91,53944.2,32.22733964834032
2022-05-22,3344.0,real,4526.0,real,3382.0,real,2816.0,real,1662.0,real,0.0280610352362004,0.9207828264116016,0.6464795667159036,55.65123721051531,133.66,real,2808.0,real,92.5,forward_filled_monthly,77.865,real,950.0,734.5,real,18.84377607506297,69.4716449454033,53.39074232630919,3289.0,3052.0,2031.0,3174.714285714286,2580.7,4385.0,3756.0,1395.0,4123.714285714285,2589.0666666666666,3370.0,3316.0,2785.0,3309.5714285714284,3097.9,2800.0,2759.0,2473.0,2767.0,2682.6666666666665,1664.0,1665.0,1520.0,1665.857142857143,1579.4333333333334,131.92,134.26,155.94,132.32428571428574,144.73766666666668,2759.5,3058.0,3741.0,2959.1428571428573,3153.7,77.415,77.425,75.836,77.61628571428571,76.81416666666665,949.0,902.0,884.0,937.5714285714286,921.5333333333332,725.5,726.5,693.0,733.5,739.2666666666667,92.5,92.5,86.0,92.5,89.46666666666667,5,0.0,0.0,0.0,0.0,9.0,2,20,142,0,0,1,0.0,9.0,0.0,0.0,0.0,0.0,0.0,none,0.0,Feeder Container,17.9,6714.8,15.63,28524.0,205.86,27.93,8.93,10.0,1.04,V.O. Chidambaranar (Tuticorin),Newcastle (AU),Lump Iron Ore,375.9,130.9,96.6,-3.5,10.6,9.4,4.31,3.53,11.61,4.68,3.13,5.91,26242.08,33.434843263643735
2022-05-23,3369.0,real,4602.0,real,3377.0,real,2818.0,real,1664.0,real,0.0252258953678987,0.9287865142728716,0.6555282555282556,56.0522585613863,133.99,real,2942.0,real,92.5,forward_filled_monthly,77.545,real,958.5,734.5,real,21.14439592471032,70.0,53.63135513683178,3344.0,3117.0,2035.0,3210.714285714286,2625.1666666666665,4526.0,3965.0,1368.0,4214.714285714285,2696.866666666667,3382.0,3310.0,2862.0,3319.1428571428573,3115.0666666666666,2816.0,2750.0,2448.0,2776.714285714286,2695.0,1662.0,1665.0,1505.0,1665.7142857142858,1584.7333333333331,133.66,131.98,155.56,132.61142857142858,144.01866666666666,2808.0,3049.0,3741.0,2943.8571428571427,3127.0666666666666,77.865,77.435,76.082,77.63199999999999,76.86293333333333,950.0,902.0,887.5,945.6428571428572,923.9,734.5,722.0,699.5,735.2857142857143,740.4333333333333,92.5,92.5,86.0,92.5,89.68333333333334,5,0.0,0.0,1.0,0.0,12.0,2,21,143,0,0,1,0.0,12.0,41.2186422838475,41.2186422838475,1.0,1.0,0.0,none,0.0,Capesize Bulk,14.4,9541.7,27.61,183553.1,285.44,43.7,16.04,3.0,1.0,Kamarajar (Ennore),Port Hedland (AU),Pellets,375.9,130.9,96.6,-3.5,10.6,9.4,4.31,3.53,11.61,4.68,3.13,5.91,168868.852,17.71637947858318
2022-05-26,2933.0,real,3478.0,real,3140.0,real,2823.0,real,1652.0,real,0.0721387375757724,0.7963501043747785,0.3724847917641554,43.508289534742175,132.98,real,2971.5,real,92.5,forward_filled_monthly,77.636,real,975.5,736.5,real,21.021995501509284,60.78548784783374,46.10497372084531,3127.0,3095.0,2137.0,3214.8571428571427,2724.2,3987.0,3950.0,1481.0,4204.285714285715,2944.2,3218.0,3254.0,3042.0,3305.0,3135.9666666666667,2833.0,2745.0,2497.0,2810.8571428571427,2729.3,1656.0,1663.0,1449.0,1661.0,1604.7333333333331,133.27,132.61,155.69,132.84857142857143,141.80233333333337,2854.5,2999.5,3741.0,2899.785714285714,3043.4333333333334,77.531,77.476,76.332,77.611,76.99279999999999,974.0,949.0,927.0,960.9285714285714,929.1333333333332,740.0,746.0,736.5,735.3571428571429,740.8666666666667,92.5,92.5,86.0,92.5,90.33333333333331,5,3.0,0.0,1.0,0.0,15.0,2,21,146,0,0,1,0.0,15.0,37.125942754652286,37.125942754652286,0.0,0.0,0.0,none,0.0,Capesize Bulk,13.5,5102.5,15.75,166131.7,270.63,48.06,16.08,4.1,1.0,Kamarajar (Ennore),Newcastle (AU),Coking Coal,375.9,130.9,96.6,-3.5,10.6,9.4,4.31,3.53,11.61,4.68,3.13,5.91,152841.16400000002,9.556893757054215
2022-05-27,2681.0,real,2818.0,real,3048.0,real,2796.0,real,1647.0,real,0.0895720207059357,0.7471354049058064,0.2545624707533926,38.28218778119019,133.17,real,3084.5,real,92.5,forward_filled_monthly,77.624,real,1000.5,745.0,real,22.81135767809971,55.45966889749912,42.96931266871411,2933.0,3189.0,2137.0,3142.285714285714,2742.333333333333,3478.0,4164.0,1481.0,4012.0,2988.766666666667,3140.0,3327.0,3042.0,3265.1428571428573,3136.1666666666665,2823.0,2758.0,2497.0,2816.285714285714,2739.266666666667,1652.0,1667.0,1449.0,1658.142857142857,1611.3333333333333,132.98,130.81,155.62,133.18571428571428,141.054,2971.5,3075.0,3741.0,2901.1428571428573,3021.55,77.636,77.81,76.284,77.58442857142857,77.03746666666667,975.5,959.5,928.5,966.7857142857144,931.5333333333332,736.5,742.5,741.0,735.7142857142857,741.0,92.5,92.5,86.0,92.5,90.55,5,4.0,0.0,1.0,0.0,16.0,2,21,147,0,0,1,0.0,16.0,35.945327866198525,35.945327866198525,0.0,0.0,1.0,rate_shock,0.0,Supramax / Ultramax Bulk,13.1,8268.7,26.3,56698.9,193.78,32.16,11.67,7.3,1.018,Kamarajar (Ennore),Port Hedland (AU),Iron Ore Fines,375.9,130.9,96.6,-3.5,10.6,9.4,4.31,3.53,11.61,4.68,3.13,5.91,52162.988000000005,28.99898043771814
2022-05-28,2681.0,real,2818.0,real,3048.0,real,2796.0,real,1647.0,real,0.0895720207059357,0.7471354049058064,0.2545624707533926,38.28218778119019,133.17,real,3084.5,real,92.5,forward_filled_monthly,77.624,real,1000.5,745.0,real,22.81135767809971,55.45966889749912,42.96931266871411,2933.0,3189.0,2137.0,3142.285714285714,2742.333333333333,3478.0,4164.0,1481.0,4012.0,2988.766666666667,3140.0,3327.0,3042.0,3265.1428571428573,3136.1666666666665,2823.0,2758.0,2497.0,2816.285714285714,2739.266666666667,1652.0,1667.0,1449.0,1658.142857142857,1611.3333333333333,132.98,130.81,155.62,133.18571428571428,141.054,2971.5,3075.0,3741.0,2901.1428571428573,3021.55,77.636,77.81,76.284,77.58442857142857,77.03746666666667,975.5,959.5,928.5,966.7857142857144,931.5333333333332,736.5,742.5,741.0,735.7142857142857,741.0,92.5,92.5,86.0,92.5,90.55,5,0.0,0.0,0.0,0.0,16.0,2,21,148,0,0,1,0.0,16.0,0.0,0.0,0.0,0.0,0.0,none,0.0,Capesize Bulk,14.1,11913.1,35.2,196920.1,293.52,46.17,17.98,2.6,1.0,Visakhapatnam,Port Hedland (AU),Lump Iron Ore,375.9,130.9,96.6,-3.5,10.6,9.4,4.31,3.53,11.61,4.68,3.13,5.91,181166.49200000003,17.60918714897896
2022-06-04,2633.0,forward_filled,2927.0,forward_filled,2851.0,forward_filled,2703.0,forward_filled,1595.0,forward_filled,0.0986145886535844,0.7216079548753931,0.117572156196944,32.21102740216617,144.02,real,3300.0,forward_filled,89.0,forward_filled_monthly,77.615,real,1067.5,741.0,real,43.591176046634864,49.06061180805809,39.3266164412997,2633.0,3127.0,2356.0,2664.285714285714,2804.9,2927.0,3987.0,2003.0,2905.5714285714284,3183.9,2851.0,3218.0,2967.0,2936.8571428571427,3109.0333333333333,2703.0,2833.0,2699.0,2749.285714285714,2754.8,1595.0,1656.0,1538.0,1619.7142857142858,1631.9,142.35,133.27,152.47,136.59285714285713,138.392,3300.0,2854.5,3064.5,3171.5714285714284,3044.3,77.399,77.531,76.748,77.56942857142857,77.22170000000001,1038.5,974.0,890.0,1025.428571428571,951.9166666666666,731.5,740.0,726.5,740.4285714285714,741.1,89.0,92.5,86.0,91.0,91.28333333333332,6,0.0,0.0,0.0,0.0,23.0,2,22,155,1,0,0,0.0,23.0,0.0,0.0,0.0,0.0,0.0,none,0.0,Supramax / Ultramax Bulk,13.2,10558.1,33.33,50506.2,189.55,32.08,12.22,7.3,1.018,Chennai,Port Hedland (AU),Coking Coal,381.8,120.1,90.7,3.3,10.0,8.8,4.39,3.37,11.91,4.89,3.15,6.6,46465.704,40.6779073638178
2022-06-06,2560.0,real,2757.0,real,2841.0,real,2660.0,real,1565.0,real,0.0914023728906569,0.7419682638675488,0.0648918469217969,29.876332373093767,144.81,real,3300.0,real,89.0,forward_filled_monthly,77.814,real,1083.5,738.5,real,44.00620699916368,47.51781504863576,37.92579942385626,2633.0,2933.0,2404.0,2611.0,2810.1,2927.0,3478.0,2169.0,2802.5714285714284,3203.5,2851.0,3140.0,2919.0,2894.1428571428573,3106.4333333333334,2703.0,2823.0,2714.0,2726.0,2753.0,1595.0,1652.0,1564.0,1607.2857142857142,1631.9333333333334,144.02,132.98,152.08,138.28285714285715,138.14966666666666,3300.0,2971.5,3073.5,3218.5,3051.85,77.615,77.636,76.68,77.59485714285714,77.25949999999999,1067.5,975.5,886.5,1040.857142857143,958.4833333333332,741.0,736.5,712.0,740.7142857142857,741.9833333333333,89.0,92.5,86.0,90.5,91.38333333333334,6,0.0,1.0,0.0,0.0,26.0,2,23,157,1,0,0,0.0,26.0,7.8059022657985535,7.8059022657985535,0.0,0.0,0.0,none,0.0,Feeder Container,18.7,4470.4,9.96,29493.4,190.86,31.98,10.68,9.5,1.036,V.O. Chidambaranar (Tuticorin),Newcastle (AU),Pellets,381.8,120.1,90.7,3.3,10.0,8.8,4.39,3.37,11.91,4.89,3.15,6.6,27133.928000000004,19.29785400672976
2022-06-07,2514.0,real,2668.0,real,2815.0,real,2632.0,real,1537.0,real,0.0587251286898271,0.8342171386670134,0.036701030927835,28.62696692949247,145.88,real,3300.0,real,89.0,forward_filled_monthly,77.664,real,1100.0,732.0,real,44.50673290313752,46.54564174817785,37.17618015769549,2560.0,2681.0,2425.0,2587.1428571428573,2813.0666666666666,2757.0,2818.0,2226.0,2781.1428571428573,3218.233333333333,2841.0,3048.0,2904.0,2860.8571428571427,3103.4666666666667,2660.0,2796.0,2736.0,2702.5714285714284,2749.5333333333333,1565.0,1647.0,1574.0,1591.571428571429,1630.7,144.81,133.17,151.62,140.09857142857143,137.95833333333334,3300.0,3084.5,3087.5,3249.285714285714,3058.9333333333334,77.814,77.624,76.633,77.60057142857143,77.29386666666666,1083.5,1000.5,901.0,1055.071428571429,965.1166666666668,738.5,745.0,738.0,738.8571428571429,741.7833333333333,89.0,92.5,86.0,90.0,91.48333333333332,6,1.0,1.0,0.0,0.0,27.0,2,23,158,1,0,0,0.0,27.0,7.26778506169233,7.26778506169233,0.0,0.0,0.0,none,0.0,Supramax / Ultramax Bulk,13.8,2869.2,8.66,53934.7,187.6,32.11,13.1,8.2,1.026,Kamarajar (Ennore),Tubarao (BR),Thermal Coal,381.8,120.1,90.7,3.3,10.0,8.8,4.39,3.37,11.91,4.89,3.15,6.6,49619.924,10.60785495341428
2022-06-08,2410.0,real,2457.0,real,2747.0,real,2585.0,real,1510.0,real,0.0586414688981674,0.834453312855973,0.0029130253849354,27.129544274449447,145.34,real,3300.0,real,89.0,forward_filled_monthly,77.709,real,1119.5,732.5,real,45.90917577833029,44.34768472105562,36.27772656466967,2514.0,2571.0,2403.0,2564.1428571428573,2813.3,2668.0,2594.0,2149.0,2761.5714285714284,3228.5,2815.0,2944.0,2914.0,2832.714285714286,3097.9,2632.0,2774.0,2736.0,2675.5714285714284,2744.5,1537.0,1640.0,1582.0,1573.0,1628.3,145.88,133.17,151.19,141.83714285714285,137.76333333333335,3300.0,3125.0,3012.5,3274.285714285714,3068.516666666667,77.664,77.554,76.67,77.6227142857143,77.3285,1100.0,1023.5,903.5,1068.7857142857142,972.3166666666668,732.0,743.5,743.0,737.2857142857143,741.4333333333333,89.0,92.5,86.0,89.5,91.58333333333331,6,2.0,1.0,0.0,0.0,28.0,2,23,159,1,0,0,0.0,28.0,6.766764161830635,6.766764161830635,0.0,0.0,0.0,none,0.0,Panamax / Kamsarmax Bulk,13.9,11899.4,35.67,67617.6,222.36,32.29,14.22,5.6,1.005,Chennai,Tubarao (BR),Lump Iron Ore,381.8,120.1,90.7,3.3,10.0,8.8,4.39,3.37,11.91,4.89,3.15,6.6,62208.19200000001,33.14003745697904
2022-06-11,2320.0,real,2371.0,real,2629.0,real,2495.0,real,1417.0,real,0.0315800929918569,0.91084841712303,-0.0349417637271214,25.45188920403402,141.51,real,3250.0,real,89.0,forward_filled_monthly,78.144,real,1122.5,730.0,real,43.68482016263616,42.44560652450754,35.27113352242041,2342.0,2633.0,2404.0,2487.428571428572,2808.4333333333334,2369.0,2927.0,2136.0,2639.428571428572,3244.1,2674.0,2851.0,2938.0,2772.5714285714284,3078.8,2527.0,2703.0,2734.0,2615.0,2729.633333333333,1469.0,1595.0,1593.0,1526.857142857143,1618.3,143.63,136.95,150.77,143.93428571428572,137.21666666666667,3300.0,3300.0,2990.0,3292.8571428571427,3087.516666666667,77.815,77.56,76.535,77.73714285714286,77.42479999999999,1118.5,1042.0,924.5,1092.857142857143,985.3833333333332,731.5,741.5,747.5,733.8571428571429,740.3166666666667,89.0,89.0,92.5,89.0,91.56666666666666,6,0.0,0.0,0.0,0.0,30.0,2,23,162,1,0,0,0.0,30.0,0.0,0.0,0.0,0.0,0.0,none,0.0,Aframax / Suezmax Tanker,14.1,10523.5,31.1,129919.9,249.58,44.93,14.25,12.6,1.061,Syama Prasad Mookerjee (Kolkata & Haldia),Hay Point (AU),Thermal Coal,381.8,120.1,90.7,3.3,10.0,8.8,4.39,3.37,11.91,4.89,3.15,6.6,119526.308,19.029581889612995
2022-06-12,2320.0,real,2371.0,real,2629.0,real,2495.0,real,1417.0,real,0.0315800929918569,0.91084841712303,-0.0349417637271214,25.45188920403402,141.51,real,3250.0,real,89.0,forward_filled_monthly,78.144,real,1122.5,730.0,real,43.68482016263616,42.44560652450754,35.27113352242041,2342.0,2633.0,2404.0,2487.428571428572,2808.4333333333334,2369.0,2927.0,2136.0,2639.428571428572,3244.1,2674.0,2851.0,2938.0,2772.5714285714284,3078.8,2527.0,2703.0,2734.0,2615.0,2729.633333333333,1469.0,1595.0,1593.0,1526.857142857143,1618.3,143.63,136.95,150.77,143.93428571428572,137.21666666666667,3300.0,3300.0,2990.0,3292.8571428571427,3087.516666666667,77.815,77.56,76.535,77.73714285714286,77.42479999999999,1118.5,1042.0,924.5,1092.857142857143,985.3833333333332,731.5,741.5,747.5,733.8571428571429,740.3166666666667,89.0,89.0,92.5,89.0,91.56666666666666,6,0.0,0.0,0.0,0.0,30.0,2,23,163,1,0,0,0.0,30.0,0.0,0.0,0.0,0.0,0.0,none,0.0,Supramax / Ultramax Bulk,13.7,4451.5,13.54,63889.9,197.86,32.03,12.91,8.7,1.03,Kamarajar (Ennore),Hay Point (AU),Pellets,381.8,120.1,90.7,3.3,10.0,8.8,4.39,3.37,11.91,4.89,3.15,6.6,58778.708000000006,14.028337941671156
2022-06-16,2462.0,real,2702.0,real,2790.0,real,2460.0,real,1341.0,real,0.0652902057549234,0.8156837223083742,-0.0688350983358547,23.94979855729159,137.85,real,2903.5,real,89.0,forward_filled_monthly,77.977,real,1097.5,729.5,real,36.58371184367593,45.44666323461674,34.369879134374955,2387.0,2514.0,2644.0,2352.1428571428573,2790.0333333333333,2551.0,2668.0,2721.0,2429.1428571428573,3260.233333333333,2706.0,2815.0,3110.0,2682.1428571428573,3035.766666666667,2454.0,2632.0,2732.0,2490.714285714286,2692.866666666667,1349.0,1537.0,1632.0,1408.2857142857142,1585.2333333333331,137.17,145.88,144.9,140.84714285714284,136.53300000000002,3212.5,3300.0,3088.0,3173.714285714286,3097.7833333333333,78.171,77.664,76.515,77.99171428571428,77.64216666666667,1104.5,1100.0,935.0,1113.857142857143,1009.6333333333332,730.0,732.0,769.5,731.6428571428571,736.5833333333334,89.0,89.0,92.5,89.0,91.1,6,3.0,1.0,0.0,0.0,36.0,2,24,167,1,0,0,0.0,36.0,3.821314349538404,3.821314349538404,0.0,0.0,0.0,none,0.0,Supramax / Ultramax Bulk,14.3,6697.9,19.52,63136.3,198.07,32.23,13.08,8.2,1.026,Visakhapatnam,Muara Pantai (ID),Thermal Coal,381.8,120.1,90.7,3.3,10.0,8.8,4.39,3.37,11.91,4.89,3.15,6.6,58085.39600000001,19.73739472584868
2022-06-21,2484.0,real,2710.0,real,2851.0,real,2471.0,real,1336.0,real,0.0788622643305154,0.777369379623412,-0.1548145627764545,20.1393458284866,133.47,real,2615.0,real,89.0,forward_filled_monthly,78.133,real,1087.5,704.5,real,35.680438676748494,45.91161568266182,32.08360749709196,2596.0,2320.0,2939.0,2435.8571428571427,2762.366666666667,3031.0,2371.0,3461.0,2647.8571428571427,3233.1666666666665,2872.0,2629.0,3277.0,2758.5714285714284,2999.1,2470.0,2495.0,2746.0,2462.285714285714,2666.233333333333,1336.0,1417.0,1661.0,1353.857142857143,1554.0333333333333,135.69,141.51,131.9,137.18571428571428,136.62399999999997,2693.5,3250.0,3117.0,2932.0,3054.383333333333,77.927,78.144,77.225,78.04085714285715,77.7236,1076.5,1122.5,907.5,1099.357142857143,1025.8333333333333,699.0,730.0,737.0,722.0714285714286,732.3833333333333,89.0,89.0,92.5,89.0,90.75,6,1.0,1.0,0.0,0.0,41.0,2,25,172,1,0,0,0.0,41.0,2.6736687070495315,2.6736687070495315,0.0,0.0,0.0,none,0.0,Panamax / Kamsarmax Bulk,12.6,6871.5,22.72,68346.4,227.81,32.26,14.4,6.7,1.014,V.O. Chidambaranar (Tuticorin),Hay Point (AU),Thermal Coal,381.8,120.1,90.7,3.3,10.0,8.8,4.39,3.37,11.91,4.89,3.15,6.6,62878.688,21.251240137570303
2022-06-23,2354.0,real,2419.0,real,2732.0,real,2466.0,real,1339.0,real,0.0963661567188221,0.7279553480267329,-0.2447866538338146,16.151947184910938,131.45,real,2820.0,real,89.0,forward_filled_monthly,78.145,real,1066.5,689.0,real,39.18799411575677,43.16416939875904,29.69116831094656,2349.0,2284.0,3117.0,2458.5714285714284,2713.5,2343.0,2308.0,3965.0,2677.5714285714284,3134.5333333333333,2797.0,2629.0,3310.0,2801.428571428572,2962.5333333333333,2475.0,2451.0,2750.0,2466.1428571428573,2647.3,1338.0,1372.0,1665.0,1340.2857142857142,1532.2666666666669,127.92,140.09,131.98,134.17714285714283,136.395,2820.0,3125.0,3049.0,2844.8571428571427,3038.8166666666666,78.18,78.022,77.435,78.06928571428571,77.77243333333332,1080.0,1125.5,902.0,1086.7857142857142,1037.25,694.5,739.0,722.0,710.0,730.2166666666667,89.0,89.0,92.5,89.0,90.51666666666668,6,3.0,1.0,0.0,0.0,43.0,2,25,174,1,0,0,0.0,43.0,2.317744313394881,2.317744313394881,0.0,0.0,0.0,none,0.0,Panamax / Kamsarmax Bulk,14.2,5344.2,15.68,73711.8,224.15,32.27,13.87,5.9,1.007,Visakhapatnam,Newcastle (AU),Coking Coal,381.8,120.1,90.7,3.3,10.0,8.8,4.39,3.37,11.91,4.89,3.15,6.6,67814.856,13.586913913496096
2022-06-29,2186.0,real,2200.0,real,2510.0,real,2359.0,real,1297.0,real,0.0645632630995747,0.8177359039913679,-0.3145186578864848,13.061552206804176,130.46,real,2769.0,real,89.0,forward_filled_monthly,78.945,real,1085.5,700.0,real,37.94610232645502,39.61362343186929,27.836931324082503,2204.0,2596.0,3189.0,2314.714285714286,2598.266666666667,2152.0,3031.0,4164.0,2364.5714285714284,2904.2,2566.0,2872.0,3327.0,2686.1428571428573,2873.133333333333,2416.0,2470.0,2758.0,2439.285714285714,2602.633333333333,1313.0,1336.0,1667.0,1327.2857142857142,1485.8666666666666,131.01,135.69,130.81,130.70714285714286,136.175,2660.0,2693.5,3075.0,2749.714285714286,3002.0,78.995,77.927,77.81,78.44185714285713,77.90696666666666,1081.5,1076.5,959.5,1076.571428571429,1055.25,697.5,699.0,742.5,695.7142857142857,724.5333333333333,89.0,89.0,92.5,89.0,90.05,6,2.0,1.0,0.0,0.0,49.0,2,26,180,1,0,0,0.0,49.0,1.5098691711159251,1.5098691711159251,0.0,0.0,0.0,none,0.0,Supramax / Ultramax Bulk,13.7,5218.7,15.87,61576.0,192.87,32.23,11.97,8.3,1.026,V.O. Chidambaranar (Tuticorin),Tubarao (BR),Iron Ore Fines,381.8,120.1,90.7,3.3,10.0,8.8,4.39,3.37,11.91,4.89,3.15,6.6,56649.920000000006,16.079144069222902
2022-06-30,2240.0,real,2434.0,real,2485.0,real,2306.0,real,1285.0,real,0.0783847147147075,0.778717517013715,-0.3189419276375798,12.86552097535885,130.0,real,3103.5,real,89.0,forward_filled_monthly,78.965,real,1077.5,688.0,real,49.38653853864537,40.75487034979815,27.71931258521531,2186.0,2484.0,3289.0,2279.8571428571427,2563.3,2200.0,2710.0,4385.0,2325.1428571428573,2839.1666666666665,2510.0,2851.0,3370.0,2633.8571428571427,2843.633333333333,2359.0,2471.0,2800.0,2415.714285714286,2586.1666666666665,1297.0,1336.0,1664.0,1320.0,1473.2333333333331,130.46,133.47,131.92,130.21142857142857,136.111,2769.0,2615.0,2759.5,2819.5,3013.4666666666667,78.945,78.133,77.415,78.56071428571428,77.95863333333334,1085.5,1087.5,949.0,1075.142857142857,1059.5333333333333,700.0,704.5,725.5,693.3571428571429,723.2833333333333,89.0,89.0,92.5,89.0,89.93333333333334,6,3.0,1.0,0.0,0.0,50.0,2,26,181,1,0,0,0.0,50.0,1.4057829874486016,1.4057829874486016,0.0,0.0,0.0,none,0.0,Capesize Bulk,12.3,2715.7,9.2,206598.6,285.61,47.74,17.95,3.9,1.0,Paradip,Hay Point (AU),Iron Ore Fines,381.8,120.1,90.7,3.3,10.0,8.8,4.39,3.37,11.91,4.89,3.15,6.6,190070.712,4.594118552888885
2022-07-02,2214.0,real,2381.0,real,2477.0,real,2290.0,real,1276.0,real,0.0577389846660473,0.8370010538596413,-0.3379186602870813,12.024506866018214,114.45,real,3103.5,real,91.0,real,78.956,real,1072.0,681.0,real,38.32946145618514,43.282304169940666,27.21470411961093,2240.0,2349.0,3344.0,2260.5714285714284,2525.633333333333,2434.0,2343.0,4526.0,2330.5714285714284,2767.6666666666665,2485.0,2797.0,3382.0,2588.1428571428573,2813.4666666666667,2306.0,2475.0,2816.0,2389.285714285714,2568.633333333333,1285.0,1338.0,1662.0,1311.142857142857,1460.3666666666666,130.0,127.92,133.66,128.28714285714287,135.47066666666666,3103.5,2820.0,2808.0,2860.0,3023.3166666666666,78.965,78.18,77.865,78.67157142857143,77.99499999999999,1077.5,1080.0,950.0,1074.0,1063.6,688.0,694.5,734.5,691.4285714285714,721.5,89.0,89.0,92.5,89.28571428571429,89.88333333333334,7,0.0,0.0,0.0,0.0,51.0,3,26,183,1,0,0,0.0,51.0,0.0,0.0,0.0,0.0,0.0,none,0.0,Feeder Container,18.4,5090.5,11.53,22571.1,166.3,32.05,10.52,10.5,1.044,Chennai,Port Hedland (AU),Iron Ore Fines,408.0,108.3,81.4,3.9,9.9,8.7,4.47,3.34,11.34,5.0,3.05,6.34,20765.412,26.10522884208167
2022-07-10,2067.0,real,2270.0,real,2223.0,real,2163.0,real,1185.0,real,0.0739066747259706,0.791359162916569,-0.2290190227527042,16.850739777662145,113.74,real,3103.5,real,91.0,forward_filled_monthly,79.29,real,1020.5,624.0,real,32.698771478044364,40.17557644891213,30.110443866597286,2073.0,2186.0,2681.0,2127.714285714286,2361.5333333333333,2205.0,2200.0,2818.0,2228.8571428571427,2488.133333333333,2278.0,2510.0,3048.0,2390.8571428571427,2669.133333333333,2203.0,2359.0,2796.0,2250.8571428571427,2470.7,1200.0,1297.0,1647.0,1237.142857142857,1387.6333333333334,115.14,130.46,133.17,116.25285714285714,132.224,3103.5,2769.0,3084.5,3103.5,3049.2166666666667,79.175,78.945,77.624,79.09585714285716,78.25963333333333,997.0,1085.5,1000.5,1050.428571428571,1074.7666666666669,616.5,700.0,745.0,652.0,705.0,91.0,89.0,92.5,90.71428571428572,89.63333333333334,7,0.0,0.0,0.0,0.0,58.0,3,27,191,1,0,0,0.0,58.0,0.0,0.0,0.0,0.0,0.0,none,0.0,Panamax / Kamsarmax Bulk,13.9,7364.5,22.08,80272.3,222.58,32.25,14.48,5.4,1.003,Visakhapatnam,Richards Bay (ZA),Coking Coal,408.0,108.3,81.4,3.9,9.9,8.7,4.47,3.34,11.34,5.0,3.05,6.34,73850.516,15.95916736014577
2022-07-11,2081.0,real,2365.0,real,2172.0,real,2152.0,real,1180.0,real,0.0625699097756493,0.823363202305747,-0.190587320108907,18.55396260144295,109.97,real,3103.5,real,91.0,forward_filled_monthly,79.435,real,1009.5,626.5,real,29.791227430786567,40.47145527948628,31.13237756086577,2067.0,2240.0,2571.0,2105.0,2345.2,2270.0,2434.0,2594.0,2219.0,2480.5,2223.0,2485.0,2944.0,2346.1428571428573,2643.4,2163.0,2306.0,2774.0,2228.8571428571427,2449.9666666666667,1185.0,1285.0,1640.0,1222.142857142857,1372.3,113.74,130.0,133.17,113.39142857142856,131.45066666666668,3103.5,3103.5,3125.0,3103.5,3048.5,79.29,78.965,77.554,79.163,78.32233333333333,1020.5,1077.5,1023.5,1040.7142857142858,1074.3,624.0,688.0,743.5,643.2142857142857,701.1,91.0,89.0,92.5,91.0,89.58333333333333,7,0.0,1.0,0.0,0.0,61.0,3,28,192,1,0,0,0.0,61.0,0.640747476746363,0.640747476746363,0.0,0.0,0.0,none,0.0,Supramax / Ultramax Bulk,14.6,4460.3,12.73,63082.1,195.34,32.25,12.61,7.3,1.018,Chennai,Muara Pantai (ID),Iron Ore Fines,408.0,108.3,81.4,3.9,9.9,8.7,4.47,3.34,11.34,5.0,3.05,6.34,58035.532,11.784712184305445
2022-07-12,2013.0,real,2249.0,real,2096.0,real,2123.0,real,1176.0,real,0.0647839037975432,0.817113028451513,-0.2155105222135619,17.44941183355754,109.68,real,3103.5,real,91.0,forward_filled_monthly,79.465,real,995.0,616.0,real,29.548458580298497,39.034329530983285,30.469647100134527,2081.0,2214.0,2566.0,2076.285714285714,2326.766666666667,2365.0,2381.0,2668.0,2200.1428571428573,2466.5333333333333,2172.0,2477.0,2873.0,2291.714285714286,2617.5,2152.0,2290.0,2743.0,2205.0,2429.3,1180.0,1276.0,1614.0,1207.857142857143,1357.7,109.97,114.45,133.51,112.71,130.65633333333332,3103.5,3103.5,3120.0,3103.5,3047.95,79.435,78.956,77.598,79.23571428571428,78.38456666666666,1009.5,1072.0,1030.5,1029.7142857142858,1073.1166666666666,626.5,681.0,744.0,633.9285714285714,696.8333333333334,91.0,91.0,92.5,91.0,89.53333333333333,7,1.0,1.0,0.0,0.0,62.0,3,28,193,1,0,0,0.0,62.0,0.5965761267878071,0.5965761267878071,0.0,0.0,0.0,none,0.0,Aframax / Suezmax Tanker,14.8,7517.6,21.16,123472.5,250.67,43.09,14.26,12.0,1.056,Syama Prasad Mookerjee (Kolkata & Haldia),Hay Point (AU),Pellets,408.0,108.3,81.4,3.9,9.9,8.7,4.47,3.34,11.34,5.0,3.05,6.34,113594.7,11.827030263264044
2022-07-13,2002.0,real,2334.0,real,2008.0,real,2077.0,real,1175.0,real,0.060948433238279,0.8279406809072731,-0.2396505886821116,16.37956820581352,111.05,real,3103.5,real,91.0,forward_filled_monthly,79.68,real,968.5,591.0,real,25.73529191731024,38.80185330696074,29.82774092348811,2013.0,2159.0,2633.0,2053.8571428571427,2305.733333333333,2249.0,2228.0,2927.0,2215.285714285714,2446.766666666667,2096.0,2469.0,2851.0,2225.8571428571427,2589.4,2123.0,2282.0,2703.0,2175.714285714286,2408.4333333333334,1176.0,1256.0,1595.0,1196.2857142857142,1343.7,109.68,114.45,136.95,112.2242857142857,129.793,3103.5,3103.5,3300.0,3103.5,3041.4,79.465,78.939,77.56,79.34157142857143,78.45523333333334,995.0,1077.5,1042.0,1014.1428571428572,1070.6666666666667,616.0,670.5,741.5,622.5714285714286,691.8166666666667,91.0,91.0,89.0,91.0,89.6,7,2.0,1.0,0.0,0.0,63.0,3,28,194,1,0,0,0.0,63.0,0.5554498269121153,0.5554498269121153,0.0,0.0,0.0,none,0.0,Panamax / Kamsarmax Bulk,13.1,11835.0,37.64,75606.0,220.42,32.3,14.1,6.7,1.014,Visakhapatnam,Port Hedland (AU),Iron Ore Fines,408.0,108.3,81.4,3.9,9.9,8.7,4.47,3.34,11.34,5.0,3.05,6.34,69557.52,26.289770315734543
2022-07-15,2150.0,real,2919.0,real,1885.0,real,2039.0,real,1181.0,real,0.0728676473828606,0.7942923693613567,-0.1834409418913786,18.87067702339503,104.3,real,2448.5,real,91.0,forward_filled_monthly,79.785,real,957.0,575.5,real,8.091760503137921,41.92971523017314,31.322406214037017,2010.0,2043.0,2633.0,2056.5714285714284,2268.866666666667,2457.0,2000.0,2927.0,2399.8571428571427,2430.833333333333,1920.0,2363.0,2851.0,2083.1428571428573,2526.1666666666665,2050.0,2247.0,2703.0,2115.285714285714,2364.5333333333333,1172.0,1219.0,1595.0,1181.2857142857142,1315.8,106.01,112.38,144.02,109.98428571428572,127.25766666666664,3103.5,3103.5,3300.0,3009.928571428572,3006.4666666666667,79.915,79.048,77.615,79.535,78.61143333333332,960.0,1027.5,1067.5,986.7857142857144,1064.3666666666666,577.0,623.5,741.0,603.7857142857143,681.15,91.0,91.0,89.0,91.0,89.73333333333333,7,4.0,1.0,0.0,0.0,65.0,3,28,196,1,0,0,0.0,65.0,0.4815071793701763,0.4815071793701763,0.0,0.0,0.0,none,0.0,Supramax / Ultramax Bulk,14.0,6930.2,20.63,54023.7,190.52,32.02,11.72,8.4,1.027,Kamarajar (Ennore),Muara Pantai (ID),Iron Ore Fines,408.0,108.3,81.4,3.9,9.9,8.7,4.47,3.34,11.34,5.0,3.05,6.34,49701.804,20.117862969260063
2022-07-17,2150.0,real,2919.0,real,1885.0,real,2039.0,real,1181.0,real,0.0728676473828606,0.7942923693613567,-0.1834409418913786,18.87067702339503,104.3,real,2448.5,real,91.0,forward_filled_monthly,79.785,real,957.0,575.5,real,8.091760503137921,41.92971523017314,31.322406214037017,2010.0,2043.0,2633.0,2056.5714285714284,2268.866666666667,2457.0,2000.0,2927.0,2399.8571428571427,2430.833333333333,1920.0,2363.0,2851.0,2083.1428571428573,2526.1666666666665,2050.0,2247.0,2703.0,2115.285714285714,2364.5333333333333,1172.0,1219.0,1595.0,1181.2857142857142,1315.8,106.01,112.38,144.02,109.98428571428572,127.25766666666664,3103.5,3103.5,3300.0,3009.928571428572,3006.4666666666667,79.915,79.048,77.615,79.535,78.61143333333332,960.0,1027.5,1067.5,986.7857142857144,1064.3666666666666,577.0,623.5,741.0,603.7857142857143,681.15,91.0,91.0,89.0,91.0,89.73333333333333,7,0.0,0.0,0.0,0.0,65.0,3,28,198,1,0,0,0.0,65.0,0.0,0.0,0.0,0.0,0.0,none,0.0,Feeder Container,16.0,2938.3,7.65,23957.1,194.41,25.92,9.78,9.4,1.035,V.O. Chidambaranar (Tuticorin),Richards Bay (ZA),Coking Coal,408.0,108.3,81.4,3.9,9.9,8.7,4.47,3.34,11.34,5.0,3.05,6.34,22040.532,15.85443874629183
2022-07-18,2162.0,real,2967.0,real,1872.0,real,2037.0,real,1187.0,real,0.0712749136841474,0.7987887060370715,-0.15546875,20.110353446325032,106.69,real,2448.5,real,91.0,forward_filled_monthly,80.015,real,966.0,590.0,real,9.062286915626482,42.18332565637954,32.06621206779502,2150.0,2073.0,2560.0,2069.285714285714,2255.6,2919.0,2205.0,2757.0,2508.714285714286,2437.833333333333,1885.0,2278.0,2841.0,2025.142857142857,2493.866666666667,2039.0,2203.0,2660.0,2091.5714285714284,2343.766666666667,1181.0,1200.0,1565.0,1179.428571428571,1303.2,104.3,115.14,144.81,108.77714285714283,125.987,2448.5,3103.5,3300.0,2916.3571428571427,2978.083333333333,79.785,79.175,77.814,79.655,78.6848,957.0,997.0,1083.5,982.3571428571428,1060.45,575.5,616.5,738.5,600.0,676.2,91.0,91.0,89.0,91.0,89.8,7,0.0,1.0,0.0,0.0,68.0,3,29,199,1,0,0,0.0,68.0,0.3886329897801768,0.3886329897801768,0.0,0.0,0.0,none,0.0,Feeder Container,15.9,3291.8,8.63,20414.8,193.09,29.34,8.99,10.9,1.047,Kamarajar (Ennore),Newcastle (AU),Pellets,408.0,108.3,81.4,3.9,9.9,8.7,4.47,3.34,11.34,5.0,3.05,6.34,18781.616,20.66618196978415
2022-07-21,2118.0,real,2653.0,real,2051.0,real,2073.0,real,1212.0,real,0.0815238314448572,0.7698556930349005,-0.0956447480785653,22.76164387774024,105.27,real,2349.0,real,91.0,forward_filled_monthly,79.875,real,942.0,591.0,real,7.103630629263319,41.25342076028938,33.656986326644144,2113.0,2013.0,2342.0,2100.0,2225.9333333333334,2719.0,2249.0,2369.0,2706.8571428571427,2463.733333333333,1972.0,2096.0,2674.0,1942.428571428572,2416.4,2057.0,2123.0,2527.0,2053.1428571428573,2291.266666666667,1206.0,1176.0,1469.0,1190.428571428571,1273.2666666666669,104.51,109.68,143.63,106.08428571428573,121.97666666666666,2358.5,3103.5,3300.0,2606.214285714286,2886.0666666666666,80.005,79.465,77.815,79.87714285714286,78.90336666666666,963.5,995.0,1118.5,960.7857142857144,1044.9833333333331,594.0,616.0,731.5,587.0714285714286,662.2,91.0,91.0,89.0,91.0,90.0,7,3.0,1.0,0.0,0.0,71.0,3,29,202,1,0,0,0.0,71.0,0.3136725831233447,0.3136725831233447,0.0,0.0,0.0,none,0.0,Panamax / Kamsarmax Bulk,13.3,9538.6,29.88,69185.8,220.04,32.22,13.52,5.4,1.003,Syama Prasad Mookerjee (Kolkata & Haldia),Port Hedland (AU),Pellets,408.0,108.3,81.4,3.9,9.9,8.7,4.47,3.34,11.34,5.0,3.05,6.34,63650.93600000001,22.005463426346164
2022-07-23,2146.0,real,2696.0,real,2093.0,real,2080.0,real,1211.0,real,0.0814348059694348,0.7701070147156927,-0.0749999999999999,23.6765813824488,105.39,real,2349.0,real,91.0,forward_filled_monthly,79.845,real,925.5,588.0,real,8.621815073587804,41.84517842143767,34.20594882946928,2118.0,2002.0,2320.0,2120.5714285714284,2220.133333333333,2653.0,2334.0,2371.0,2758.5714285714284,2474.5666666666666,2051.0,2008.0,2629.0,1954.571428571429,2398.5333333333333,2073.0,2077.0,2495.0,2053.5714285714284,2277.4333333333334,1212.0,1175.0,1417.0,1195.571428571429,1266.4,105.27,111.05,141.51,105.2757142857143,120.77266666666668,2349.0,3103.5,3250.0,2498.428571428572,2856.0333333333333,79.875,79.68,78.144,79.90071428571427,78.96006666666668,942.0,968.5,1122.5,954.6428571428572,1038.4166666666667,591.0,591.0,730.0,586.6428571428571,657.4666666666667,91.0,91.0,89.0,91.0,90.06666666666666,7,0.0,0.0,0.0,0.0,72.0,3,29,204,1,0,0,0.0,72.0,0.0,0.0,0.0,0.0,0.0,none,0.0,Feeder Container,15.4,3098.0,8.38,43438.8,186.49,29.43,9.95,10.4,1.043,Kamarajar (Ennore),Tubarao (BR),Lump Iron Ore,408.0,108.3,81.4,3.9,9.9,8.7,4.47,3.34,11.34,5.0,3.05,6.34,39963.696,10.170467342626148
2022-07-26,2061.0,real,2455.0,real,2088.0,real,2071.0,real,1211.0,real,0.0310775480314716,0.9122671171470214,-0.0976357267950963,22.673407339716213,106.01,real,2354.5,real,91.0,forward_filled_monthly,79.862,real,917.5,585.5,real,11.238499398937494,40.04877123580892,33.60404440382973,2114.0,2150.0,2284.0,2122.714285714286,2207.833333333333,2596.0,2919.0,2308.0,2712.1428571428573,2491.133333333333,2100.0,1885.0,2629.0,2009.2857142857144,2363.833333333333,2079.0,2039.0,2451.0,2062.285714285714,2251.9666666666667,1212.0,1181.0,1372.0,1205.571428571429,1254.7666666666669,105.42,104.3,140.09,105.43571428571428,118.47266666666664,2346.5,2448.5,3125.0,2376.8571428571427,2804.4,79.719,79.785,78.022,79.88371428571428,79.07523333333333,911.0,957.0,1125.5,942.0,1024.8833333333334,584.5,575.5,739.0,589.1428571428571,647.5333333333333,91.0,91.0,89.0,91.0,90.2,7,1.0,1.0,0.0,0.0,76.0,3,30,207,1,0,0,0.0,76.0,0.219468092138922,0.219468092138922,0.0,0.0,0.0,none,0.0,Feeder Container,15.8,7391.8,19.49,30528.0,180.53,26.67,8.91,10.4,1.043,V.O. Chidambaranar (Tuticorin),Richards Bay (ZA),Thermal Coal,408.0,108.3,81.4,3.9,9.9,8.7,4.47,3.34,11.34,5.0,3.05,6.34,28085.76,29.56407570139316
2022-07-28,1945.0,real,2190.0,real,2065.0,real,2003.0,real,1196.0,real,0.0278313918458169,0.9214311168316204,-0.2099918765231518,17.693988124735288,106.89,real,2356.0,real,91.0,forward_filled_monthly,79.638,real,916.5,586.0,real,15.87996280694828,37.597203782480285,30.61639287484117,2007.0,2145.0,2462.0,2072.0,2177.9333333333334,2333.0,2899.0,2702.0,2520.285714285714,2466.8,2076.0,1889.0,2790.0,2063.5714285714284,2318.6666666666665,2038.0,2039.0,2460.0,2057.285714285714,2222.866666666667,1205.0,1200.0,1341.0,1207.571428571429,1245.1333333333334,106.24,104.76,137.85,105.67571428571428,116.40966666666668,2354.5,2432.0,2903.5,2352.5714285714284,2757.55,79.86,79.865,77.977,79.82914285714286,79.18690000000001,906.0,968.5,1097.5,926.0,1012.2333333333332,575.0,591.0,729.5,586.2857142857143,637.5833333333334,91.0,91.0,89.0,91.0,90.33333333333331,7,3.0,1.0,0.0,0.0,78.0,3,30,209,1,0,0,0.0,78.0,0.1902520387755681,0.1902520387755681,0.0,0.0,0.0,none,0.0,Feeder Container,18.3,9742.0,22.18,28835.5,171.84,30.62,9.32,9.9,1.039,Syama Prasad Mookerjee (Kolkata & Haldia),Hay Point (AU),Lump Iron Ore,408.0,108.3,81.4,3.9,9.9,8.7,4.47,3.34,11.34,5.0,3.05,6.34,26528.66,34.11472544156745
2022-07-31,1895.0,real,2081.0,real,2051.0,real,1971.0,real,1173.0,real,0.026479942038281,0.925246301592212,-0.264934057408844,15.259051079657285,107.22,real,2313.5,real,91.0,forward_filled_monthly,79.351,real,914.5,584.0,real,17.047757204311154,36.54049367328691,29.15543064779437,1945.0,2113.0,2578.0,2040.857142857143,2155.1666666666665,2190.0,2719.0,2987.0,2429.1428571428573,2436.6,2065.0,1972.0,2862.0,2074.8571428571427,2291.633333333333,2003.0,2057.0,2467.0,2045.0,2206.333333333333,1196.0,1206.0,1343.0,1202.857142857143,1239.4666666666667,106.89,104.51,135.69,106.06285714285715,115.46066666666664,2356.0,2358.5,2849.5,2346.1428571428573,2739.6833333333334,79.638,80.005,77.952,79.73571428571428,79.23353333333333,916.5,963.5,1095.0,919.0,1006.2166666666668,586.0,594.0,723.5,584.8571428571429,632.9333333333333,91.0,91.0,89.0,91.0,90.4,7,0.0,0.0,0.0,0.0,79.0,3,30,212,1,0,0,0.0,79.0,0.0,0.0,0.0,0.0,0.0,none,0.0,Supramax / Ultramax Bulk,13.0,4468.5,14.32,62329.1,191.19,32.16,11.6,6.8,1.014,Visakhapatnam,Hay Point (AU),Iron Ore Fines,408.0,108.3,81.4,3.9,9.9,8.7,4.47,3.34,11.34,5.0,3.05,6.34,57342.772,12.13889007491907
2022-08-02,1817.0,real,1971.0,real,2026.0,real,1866.0,real,1141.0,real,0.0169996020786841,0.9520095956023908,-0.2685185185185185,15.1001943142015,113.36,real,2313.5,real,96.0,forward_filled_monthly,78.605,real,869.5,580.0,real,25.63427748658969,42.58433359525293,29.060116588520906,1872.0,2146.0,2484.0,1958.7142857142856,2108.8,2062.0,2696.0,2710.0,2241.1428571428573,2379.6666666666665,2044.0,2093.0,2851.0,2064.285714285714,2236.5333333333333,1928.0,2080.0,2471.0,1993.7142857142856,2168.1,1154.0,1211.0,1336.0,1184.571428571429,1226.9,114.35,105.39,133.47,108.49857142857142,114.079,2313.5,2349.0,2615.0,2336.0,2716.9666666666667,78.971,79.845,78.133,79.42942857142857,79.28406666666666,901.5,925.5,1087.5,905.2142857142856,993.1166666666668,584.0,588.0,704.5,582.7142857142857,624.95,96.0,91.0,89.0,92.42857142857144,90.86666666666666,8,1.0,1.0,0.0,0.0,83.0,3,31,214,1,0,0,0.0,83.0,0.1331141267108933,0.1331141267108933,0.0,0.0,0.0,none,0.0,Supramax / Ultramax Bulk,13.8,4374.7,13.21,50750.9,195.76,32.14,13.2,8.3,1.026,Syama Prasad Mookerjee (Kolkata & Haldia),Newcastle (AU),Thermal Coal,434.6,101.4,85.7,0.5,10.8,9.6,4.51,3.57,11.54,4.93,3.12,6.66,46690.828,12.640848819869388
2022-08-03,1731.0,real,1790.0,real,2005.0,real,1805.0,real,1117.0,real,0.0244479186122382,0.9309827668053292,-0.2630906768837803,15.340746335584448,110.11,real,2400.0,real,96.0,forward_filled_monthly,79.118,real,864.5,580.5,real,24.66435483373186,40.766792207440325,29.20444780135067,1817.0,2114.0,2349.0,1904.0,2088.2,1971.0,2596.0,2343.0,2126.0,2361.233333333333,2026.0,2100.0,2797.0,2050.714285714286,2210.133333333333,1866.0,2079.0,2475.0,1954.571428571429,2145.766666666667,1141.0,1212.0,1338.0,1171.0,1219.5333333333333,113.36,105.42,127.92,109.16857142857144,113.48533333333332,2313.5,2346.5,2820.0,2343.6428571428573,2702.9666666666667,78.605,79.719,78.18,79.34357142857142,79.31533333333333,869.5,911.0,1080.0,898.5714285714286,985.9333333333332,580.0,584.5,694.5,582.1428571428571,621.15,96.0,91.0,89.0,93.14285714285714,91.1,8,2.0,1.0,0.0,0.0,84.0,3,31,215,1,0,0,0.0,84.0,0.1239376088333179,0.1239376088333179,0.0,0.0,0.0,none,0.0,Aframax / Suezmax Tanker,14.9,11749.4,32.86,149251.6,248.45,42.47,15.07,11.9,1.055,Chennai,Newcastle (AU),Pellets,434.6,101.4,85.7,0.5,10.8,9.6,4.51,3.57,11.54,4.93,3.12,6.66,137311.472,14.186471953955689
2022-08-04,1603.0,real,1480.0,real,1983.0,real,1747.0,real,1095.0,real,0.0522462691014134,0.8525071604124735,-0.3190314358538657,12.86155413479737,107.03,real,2400.0,real,96.0,forward_filled_monthly,79.165,real,844.5,571.0,real,21.065805915154733,38.06161432790528,27.716932480878423,1731.0,2061.0,2354.0,1838.571428571429,2063.1666666666665,1790.0,2455.0,2419.0,1986.7142857142856,2329.9333333333334,2005.0,2088.0,2732.0,2035.7142857142856,2185.1666666666665,1805.0,2071.0,2466.0,1908.2857142857144,2121.8,1117.0,1211.0,1339.0,1154.428571428571,1211.4,110.11,106.01,131.45,109.31428571428572,112.67133333333332,2400.0,2354.5,2820.0,2350.1428571428573,2688.9666666666667,79.118,79.862,78.145,79.244,79.34933333333332,864.5,917.5,1066.5,888.1428571428571,978.5333333333332,580.5,585.5,689.0,580.0714285714286,617.2166666666667,96.0,91.0,89.0,93.85714285714286,91.33333333333331,8,3.0,1.0,0.0,0.0,85.0,3,31,216,1,0,0,0.0,85.0,0.1153936945902188,0.1153936945902188,0.0,0.0,1.0,rate_shock,0.0,Aframax / Suezmax Tanker,13.1,6700.2,21.31,84981.8,257.94,46.84,15.38,11.9,1.055,Chennai,Richards Bay (ZA),Coking Coal,434.6,101.4,85.7,0.5,10.8,9.6,4.51,3.57,11.54,4.93,3.12,6.66,78183.25600000001,12.586903643766648
2022-08-05,1560.0,real,1411.0,real,1967.0,real,1700.0,real,1058.0,real,0.0524425058569403,0.8519531779597184,-0.3307593307593307,12.341795266369653,109.2,real,2400.0,real,96.0,forward_filled_monthly,79.365,real,819.0,568.0,real,23.50502798741027,37.15284363399897,27.40507715982179,1603.0,2007.0,2331.0,1774.7142857142858,2037.4666666666667,1480.0,2333.0,2396.0,1855.0,2297.1,1983.0,2076.0,2695.0,2020.142857142857,2160.9,1747.0,2038.0,2449.0,1860.0,2096.833333333333,1095.0,1205.0,1334.0,1133.428571428571,1202.2,107.03,106.24,129.71,109.73714285714286,111.98766666666668,2400.0,2354.5,2802.0,2356.6428571428573,2675.5666666666666,79.165,79.86,78.255,79.17328571428571,79.38633333333334,844.5,906.0,1065.5,875.7142857142857,970.3166666666668,571.0,575.0,694.5,579.0714285714286,613.0,96.0,91.0,89.0,94.57142857142856,91.56666666666666,8,4.0,1.0,0.0,0.0,86.0,3,31,217,1,0,0,0.0,86.0,0.1074387740454861,0.1074387740454861,0.0,0.0,0.0,none,0.0,Panamax / Kamsarmax Bulk,12.6,8331.9,27.55,74206.6,222.18,32.21,14.41,6.0,1.008,Kamarajar (Ennore),Hay Point (AU),Pellets,434.6,101.4,85.7,0.5,10.8,9.6,4.51,3.57,11.54,4.93,3.12,6.66,68270.07200000001,17.59815584796852
2022-08-07,1560.0,real,1411.0,real,1967.0,real,1700.0,real,1058.0,real,0.0524425058569403,0.8519531779597184,-0.3307593307593307,12.341795266369653,109.2,real,2400.0,real,96.0,forward_filled_monthly,79.365,real,819.0,568.0,real,23.50502798741027,37.15284363399897,27.40507715982179,1603.0,2007.0,2331.0,1774.7142857142858,2037.4666666666667,1480.0,2333.0,2396.0,1855.0,2297.1,1983.0,2076.0,2695.0,2020.142857142857,2160.9,1747.0,2038.0,2449.0,1860.0,2096.833333333333,1095.0,1205.0,1334.0,1133.428571428571,1202.2,107.03,106.24,129.71,109.73714285714286,111.98766666666668,2400.0,2354.5,2802.0,2356.6428571428573,2675.5666666666666,79.165,79.86,78.255,79.17328571428571,79.38633333333334,844.5,906.0,1065.5,875.7142857142857,970.3166666666668,571.0,575.0,694.5,579.0714285714286,613.0,96.0,91.0,89.0,94.57142857142856,91.56666666666666,8,0.0,0.0,0.0,0.0,86.0,3,31,219,1,0,0,0.0,86.0,0.0,0.0,0.0,0.0,0.0,none,0.0,Panamax / Kamsarmax Bulk,12.9,10505.5,33.93,73593.5,227.5,32.29,13.64,6.0,1.008,Chennai,Hay Point (AU),Coking Coal,434.6,101.4,85.7,0.5,10.8,9.6,4.51,3.57,11.54,4.93,3.12,6.66,67706.02,21.683635846650446
2022-08-10,1592.0,real,1622.0,real,1932.0,real,1614.0,real,1008.0,real,0.0856340812787147,0.7582523301568153,-0.2717291857273559,14.957903411288845,109.63,real,2400.0,real,96.0,forward_filled_monthly,79.095,real,807.5,567.0,real,23.94843841791111,37.829138103882734,28.974742046773304,1564.0,1872.0,2186.0,1633.2857142857142,1972.0333333333333,1510.0,2062.0,2200.0,1607.0,2227.5333333333333,1938.0,2044.0,2510.0,1972.7142857142856,2097.5666666666666,1636.0,1928.0,2359.0,1719.857142857143,2020.4,1027.0,1154.0,1297.0,1069.857142857143,1173.3333333333333,109.85,114.35,130.46,109.93714285714285,109.903,2400.0,2313.5,2769.0,2387.6428571428573,2642.5333333333333,79.573,78.971,78.945,79.21614285714286,79.449,814.5,901.5,1085.5,833.2142857142857,943.6,568.0,584.0,700.0,570.7857142857143,599.95,96.0,96.0,89.0,96.0,92.26666666666668,8,2.0,1.0,0.0,0.0,91.0,3,32,222,1,0,0,0.0,91.0,0.0751719596488786,0.0751719596488786,0.0,0.0,0.0,none,0.0,Panamax / Kamsarmax Bulk,14.0,7483.8,22.27,78389.7,229.94,32.27,13.62,5.2,1.002,V.O. Chidambaranar (Tuticorin),Richards Bay (ZA),Lump Iron Ore,434.6,101.4,85.7,0.5,10.8,9.6,4.51,3.57,11.54,4.93,3.12,6.66,72118.524,13.519637288922288
2022-08-12,1477.0,real,1314.0,real,1907.0,real,1593.0,real,978.0,real,0.094197402491525,0.7340778085364125,-0.3328816621499548,12.247737417888644,109.71,real,2400.0,real,96.0,forward_filled_monthly,79.651,real,829.5,589.0,real,27.940262288514862,35.398704852737964,27.348642450733188,1556.0,1731.0,2214.0,1559.7142857142858,1924.6666666666667,1538.0,1790.0,2381.0,1477.142857142857,2162.1,1927.0,2005.0,2477.0,1944.571428571429,2059.9666666666667,1591.0,1805.0,2290.0,1650.2857142857142,1973.3333333333333,985.0,1117.0,1276.0,1027.7142857142858,1153.4,110.41,110.11,114.45,109.45857142857145,109.092,2400.0,2400.0,3103.5,2400.0,2595.633333333333,79.585,79.118,78.956,79.43228571428571,79.49283333333334,822.0,864.5,1072.0,821.4285714285714,927.0,583.0,580.5,681.0,572.4285714285714,593.3833333333333,96.0,96.0,91.0,96.0,92.66666666666669,8,4.0,1.0,0.0,0.0,93.0,3,32,224,1,0,0,0.0,93.0,0.0651649105005252,0.0651649105005252,0.0,0.0,0.0,none,0.0,Capesize Bulk,12.8,6671.5,21.72,161131.6,289.55,47.99,17.72,1.6,1.0,Chennai,Newcastle (AU),Coking Coal,434.6,101.4,85.7,0.5,10.8,9.6,4.51,3.57,11.54,4.93,3.12,6.66,148241.072,8.382395727661763
2022-08-13,1477.0,real,1314.0,real,1907.0,real,1593.0,real,978.0,real,0.094197402491525,0.7340778085364125,-0.3328816621499548,12.247737417888644,109.71,real,2400.0,real,96.0,forward_filled_monthly,79.651,real,829.5,589.0,real,27.940262288514862,35.398704852737964,27.348642450733188,1556.0,1731.0,2214.0,1559.7142857142858,1924.6666666666667,1538.0,1790.0,2381.0,1477.142857142857,2162.1,1927.0,2005.0,2477.0,1944.571428571429,2059.9666666666667,1591.0,1805.0,2290.0,1650.2857142857142,1973.3333333333333,985.0,1117.0,1276.0,1027.7142857142858,1153.4,110.41,110.11,114.45,109.45857142857145,109.092,2400.0,2400.0,3103.5,2400.0,2595.633333333333,79.585,79.118,78.956,79.43228571428571,79.49283333333334,822.0,864.5,1072.0,821.4285714285714,927.0,583.0,580.5,681.0,572.4285714285714,593.3833333333333,96.0,96.0,91.0,96.0,92.66666666666669,8,0.0,0.0,0.0,0.0,93.0,3,32,225,1,0,0,0.0,93.0,0.0,0.0,0.0,0.0,0.0,none,0.0,Panamax / Kamsarmax Bulk,13.2,11905.1,37.58,78904.6,224.18,32.26,13.8,5.5,1.004,Syama Prasad Mookerjee (Kolkata & Haldia),Richards Bay (ZA),Thermal Coal,434.6,101.4,85.7,0.5,10.8,9.6,4.51,3.57,11.54,4.93,3.12,6.66,72592.232,22.63803158800248
2022-08-14,1477.0,real,1314.0,real,1907.0,real,1593.0,real,978.0,real,0.094197402491525,0.7340778085364125,-0.3328816621499548,12.247737417888644,109.71,real,2400.0,real,96.0,forward_filled_monthly,79.651,real,829.5,589.0,real,27.940262288514862,35.398704852737964,27.348642450733188,1556.0,1731.0,2214.0,1559.7142857142858,1924.6666666666667,1538.0,1790.0,2381.0,1477.142857142857,2162.1,1927.0,2005.0,2477.0,1944.571428571429,2059.9666666666667,1591.0,1805.0,2290.0,1650.2857142857142,1973.3333333333333,985.0,1117.0,1276.0,1027.7142857142858,1153.4,110.41,110.11,114.45,109.45857142857145,109.092,2400.0,2400.0,3103.5,2400.0,2595.633333333333,79.585,79.118,78.956,79.43228571428571,79.49283333333334,822.0,864.5,1072.0,821.4285714285714,927.0,583.0,580.5,681.0,572.4285714285714,593.3833333333333,96.0,96.0,91.0,96.0,92.66666666666669,8,0.0,0.0,0.0,0.0,93.0,3,32,226,1,0,0,0.0,93.0,0.0,0.0,0.0,0.0,0.0,none,0.0,Supramax / Ultramax Bulk,14.2,7621.9,22.36,58018.8,197.29,32.1,12.2,8.6,1.029,Kamarajar (Ennore),Richards Bay (ZA),Pellets,434.6,101.4,85.7,0.5,10.8,9.6,4.51,3.57,11.54,4.93,3.12,6.66,53377.296,17.174916982525392
2022-08-16,1387.0,real,1059.0,real,1850.0,real,1626.0,real,968.0,real,0.0920670636544466,0.7400918212069514,-0.3388941849380362,11.981273396346907,107.37,real,2171.5,real,96.0,forward_filled_monthly,79.256,real,797.0,574.5,real,22.836763335135,33.49662665618988,27.188764037808145,1404.0,1560.0,2098.0,1506.571428571429,1875.8,1098.0,1411.0,2084.0,1372.2857142857142,2090.266666666667,1885.0,1967.0,2441.0,1913.857142857143,2020.8,1607.0,1700.0,2265.0,1619.7142857142858,1929.5333333333333,970.0,1058.0,1239.0,997.0,1134.8333333333333,107.6,109.2,113.61,109.27857142857144,108.65566666666668,2170.0,2400.0,3103.5,2334.5,2533.45,79.546,79.365,79.298,79.47114285714285,79.51166666666667,813.5,819.0,1081.0,813.8571428571429,908.7333333333332,587.0,568.0,660.5,575.6428571428571,587.7333333333333,96.0,96.0,91.0,96.0,93.0,8,1.0,1.0,0.0,0.0,97.0,3,33,228,1,0,0,0.0,97.0,0.048969950546428,0.048969950546428,0.0,0.0,0.0,none,0.0,Feeder Container,18.7,9591.7,21.37,43672.6,172.04,26.73,8.75,9.1,1.033,V.O. Chidambaranar (Tuticorin),Muara Pantai (ID),Pellets,434.6,101.4,85.7,0.5,10.8,9.6,4.51,3.57,11.54,4.93,3.12,6.66,40178.792,18.64131895900734
2022-08-22,1270.0,real,747.0,real,1645.0,real,1751.0,real,955.0,real,0.0853081971813905,0.7591723110801892,-0.3897164824603556,9.728922052476284,105.52,real,2101.5,real,96.0,forward_filled_monthly,79.855,real,797.5,568.0,real,22.711132280287195,31.023925000677377,25.83735323148577,1279.0,1556.0,2081.0,1361.571428571429,1775.7666666666669,756.0,1538.0,2365.0,989.1428571428572,1910.7,1688.0,1927.0,2172.0,1789.857142857143,1949.1666666666667,1735.0,1591.0,2152.0,1667.0,1865.4666666666667,960.0,985.0,1180.0,967.4285714285714,1103.9,105.64,110.41,109.97,106.7714285714286,107.70533333333334,2109.0,2400.0,3103.5,2182.214285714286,2404.116666666667,79.925,79.585,79.435,79.62185714285714,79.57673333333332,800.0,822.0,1009.5,803.7857142857143,879.8,571.5,583.0,626.5,575.5714285714286,580.6666666666666,96.0,96.0,91.0,96.0,93.66666666666669,8,0.0,1.0,0.0,0.0,103.0,3,34,234,1,0,0,0.0,103.0,0.0319009384313074,0.0319009384313074,0.0,0.0,0.0,none,0.0,Aframax / Suezmax Tanker,14.6,4445.3,12.69,123427.3,258.54,44.09,15.56,12.1,1.057,Visakhapatnam,Hay Point (AU),Coking Coal,434.6,101.4,85.7,0.5,10.8,9.6,4.51,3.57,11.54,4.93,3.12,6.66,113553.116,5.466019545579757
2022-08-23,1271.0,real,797.0,real,1572.0,real,1765.0,real,951.0,real,0.1005824384305335,0.7160526538658505,-0.3686040735221063,10.66458543179377,105.57,real,2134.0,real,96.0,forward_filled_monthly,79.857,real,804.0,570.5,real,23.51985027328076,31.04505920286125,26.39875125907626,1270.0,1477.0,2013.0,1332.142857142857,1751.0333333333333,747.0,1314.0,2249.0,915.2857142857144,1862.3,1645.0,1907.0,2096.0,1742.0,1931.7,1751.0,1593.0,2123.0,1691.571428571429,1853.5333333333333,955.0,978.0,1176.0,963.5714285714286,1096.4,105.52,109.71,109.68,106.18,107.56833333333331,2101.5,2400.0,3103.5,2144.214285714286,2371.8,79.855,79.651,79.465,79.65128571428572,79.5898,797.5,829.5,995.0,800.1428571428571,873.4333333333333,568.0,589.0,616.0,572.9285714285714,579.15,96.0,96.0,91.0,96.0,93.83333333333331,8,1.0,1.0,0.0,0.0,104.0,3,34,235,1,0,0,0.0,104.0,0.02970177641102,0.02970177641102,0.0,0.0,0.0,none,0.0,Feeder Container,19.0,9475.4,20.78,34114.8,193.15,29.89,11.3,9.4,1.035,V.O. Chidambaranar (Tuticorin),Tubarao (BR),Thermal Coal,434.6,101.4,85.7,0.5,10.8,9.6,4.51,3.57,11.54,4.93,3.12,6.66,31385.616000000005,21.553617742498087
2022-08-24,1213.0,real,680.0,real,1491.0,real,1773.0,real,947.0,real,0.0978470898602693,0.7237746277948758,-0.3941058941058941,9.53439135039049,105.55,real,2150.0,real,96.0,forward_filled_monthly,79.798,real,813.5,577.0,real,22.872122634463608,29.81927547619693,25.72063481023429,1271.0,1404.0,2002.0,1304.857142857143,1724.7333333333331,797.0,1098.0,2334.0,855.5714285714286,1807.1666666666667,1572.0,1885.0,2008.0,1685.7142857142858,1914.4666666666667,1765.0,1607.0,2077.0,1715.2857142857142,1843.4,951.0,970.0,1175.0,960.2857142857144,1088.8,105.57,107.6,111.05,105.88714285714283,107.385,2134.0,2170.0,3103.5,2141.3571428571427,2340.016666666667,79.857,79.546,79.68,79.68728571428572,79.59373333333333,804.0,813.5,968.5,800.1428571428571,868.2666666666667,570.5,587.0,591.0,571.5,578.6833333333333,96.0,96.0,91.0,96.0,94.0,8,2.0,1.0,0.0,0.0,105.0,3,34,236,1,0,0,0.0,105.0,0.0276542185073916,0.0276542185073916,0.0,0.0,0.0,none,0.0,Supramax / Ultramax Bulk,13.9,6803.8,20.4,56802.4,193.49,32.28,13.1,7.8,1.022,Syama Prasad Mookerjee (Kolkata & Haldia),Newcastle (AU),Thermal Coal,434.6,101.4,85.7,0.5,10.8,9.6,4.51,3.57,11.54,4.93,3.12,6.66,52258.208000000006,16.49240420581249
2022-08-26,1082.0,real,411.0,real,1372.0,real,1744.0,real,933.0,real,0.1206406818039091,0.6594276101419759,-0.4967441860465116,4.985649832289898,105.49,real,2157.5,real,96.0,forward_filled_monthly,79.971,real,823.5,575.5,real,37.969018286219125,27.05069499011028,22.99138989937394,1123.0,1394.0,2150.0,1222.571428571429,1659.5666666666666,474.0,1083.0,2919.0,676.0,1657.4666666666667,1424.0,1805.0,1885.0,1563.0,1880.8333333333333,1763.0,1659.0,2039.0,1747.0,1824.0,938.0,973.0,1181.0,950.2857142857144,1072.7333333333331,105.35,105.51,104.3,105.59571428571428,107.40266666666666,2141.0,2182.0,2448.5,2133.5,2298.233333333333,79.88,79.36,79.785,79.8637142857143,79.59876666666668,821.5,792.0,957.0,808.1428571428571,859.2,576.5,567.0,575.5,573.0,578.6666666666666,96.0,96.0,91.0,96.0,94.33333333333331,8,4.0,1.0,0.0,0.0,107.0,3,34,238,1,0,0,0.0,107.0,0.0239728308589202,0.0239728308589202,0.0,1.0,0.0,none,1.0,Feeder Container,16.7,2906.7,7.25,21427.5,165.53,26.58,9.89,10.6,1.045,Kamarajar (Ennore),Newcastle (AU),Thermal Coal,434.6,101.4,85.7,0.5,10.8,9.6,4.51,3.57,11.54,4.93,3.12,6.66,19713.3,11.858392155565658
2022-08-29,1082.0,forward_filled,411.0,forward_filled,1372.0,forward_filled,1744.0,forward_filled,933.0,forward_filled,0.1228759606396412,0.6531173485975186,-0.4995374653098983,4.861856800305621,105.28,real,2152.5,real,96.0,forward_filled_monthly,79.971,real,823.5,573.0,real,35.95263519725255,27.05069499011028,22.91711408018337,1082.0,1320.0,2162.0,1188.571428571429,1623.5666666666666,411.0,867.0,2967.0,610.8571428571429,1572.2666666666669,1372.0,1749.0,1872.0,1509.142857142857,1864.1666666666667,1744.0,1698.0,2037.0,1753.571428571429,1814.233333333333,933.0,968.0,1187.0,945.2857142857144,1064.2666666666669,105.49,106.05,106.69,105.48571428571428,107.35566666666666,2157.5,2141.5,2448.5,2135.0714285714284,2288.366666666667,79.971,79.76,80.015,79.89385714285716,79.5973,823.5,797.0,966.0,811.9285714285714,854.45,575.5,572.0,590.0,573.1428571428571,578.1,96.0,96.0,91.0,96.0,94.5,8,0.0,1.0,0.0,0.0,110.0,3,35,241,1,0,0,0.0,110.0,0.019348897232193,0.019348897232193,0.0,1.0,0.0,none,1.0,Capesize Bulk,12.6,7468.4,24.7,153118.0,295.79,46.21,16.66,3.9,1.0,V.O. Chidambaranar (Tuticorin),Tubarao (BR),Iron Ore Fines,434.6,101.4,85.7,0.5,10.8,9.6,4.51,3.57,11.54,4.93,3.12,6.66,140868.56,7.737005365995079
2022-08-31,965.0,real,302.0,real,1217.0,real,1626.0,real,902.0,real,0.1206444210619056,0.6594170541005719,-0.5433033601514434,2.922232327036515,104.76,real,2121.5,real,96.0,forward_filled_monthly,79.511,real,797.0,546.5,real,38.28412053556119,24.57799333459777,21.75333939622191,1017.0,1270.0,2113.0,1107.571428571429,1547.7,337.0,747.0,2719.0,487.4285714285714,1406.3,1284.0,1645.0,1972.0,1390.2857142857142,1818.8333333333333,1691.0,1751.0,2057.0,1729.428571428571,1788.2666666666669,919.0,955.0,1206.0,931.8571428571428,1044.7666666666669,104.92,105.52,104.51,105.27428571428572,107.36933333333332,2122.0,2101.5,2358.5,2139.785714285714,2270.133333333333,79.683,79.855,80.005,79.81014285714286,79.57476666666666,822.0,797.5,963.5,815.0,844.0166666666667,573.0,568.0,594.0,570.2857142857143,575.9166666666666,96.0,96.0,91.0,96.0,94.83333333333331,8,2.0,1.0,0.0,0.0,112.0,3,35,243,1,0,0,0.0,112.0,0.0167731313951255,0.0167731313951255,0.0,1.0,0.0,none,1.0,Feeder Container,17.1,4376.1,10.66,38008.3,205.91,27.94,9.07,10.4,1.043,Paradip,Tubarao (BR),Iron Ore Fines,434.6,101.4,85.7,0.5,10.8,9.6,4.51,3.57,11.54,4.93,3.12,6.66,34967.636000000006,9.670376175132558
2022-09-05,1133.0,real,844.0,real,1327.0,real,1498.0,real,863.0,real,0.3170462279914163,0.1049686561120731,-0.4640491958372753,6.434632045328767,95.55,forward_filled,2128.0,real,99.5,forward_filled_monthly,79.791,real,773.5,529.5,real,31.267228734259845,33.51315468610291,23.860779227197263,1086.0,1123.0,2114.0,1052.428571428571,1442.4666666666667,733.0,474.0,2596.0,501.0,1209.6666666666667,1271.0,1424.0,2100.0,1296.142857142857,1738.3,1514.0,1763.0,2079.0,1625.142857142857,1732.9,869.0,938.0,1212.0,899.8571428571429,1010.6666666666666,95.55,105.35,105.42,101.12,106.413,2129.5,2141.0,2346.5,2135.214285714286,2248.4166666666665,79.722,79.88,79.719,79.76428571428572,79.56726666666667,761.0,821.5,911.0,795.8571428571429,828.2333333333333,528.5,576.5,584.5,550.3571428571429,569.95,99.5,96.0,91.0,97.5,95.68333333333334,9,0.0,1.0,0.0,0.0,117.0,3,36,248,1,0,0,0.0,117.0,0.0117356994029539,0.0117356994029539,0.0,1.0,0.0,none,1.0,Capesize Bulk,13.6,9602.8,29.42,156329.0,287.57,46.81,16.58,3.9,1.0,Chennai,Tubarao (BR),Thermal Coal,430.3,99.8,79.8,0.6,9.9,8.8,4.19,3.13,11.59,4.89,3.31,6.81,143822.68,9.721850984462256
2022-09-06,1114.0,real,728.0,real,1413.0,real,1487.0,real,859.0,real,0.3176560210652442,0.1032471913344617,-0.4594856865599224,6.6368784362775015,97.44,real,2128.5,real,99.5,forward_filled_monthly,79.895,real,777.5,522.0,real,32.09740752392841,33.111604844609424,23.9821270617665,1133.0,1082.0,2061.0,1057.0,1410.9,844.0,411.0,2455.0,546.2857142857143,1152.1,1327.0,1372.0,2088.0,1302.0,1715.8,1498.0,1744.0,2071.0,1588.428571428571,1713.4333333333334,863.0,933.0,1211.0,889.2857142857143,998.9333333333332,95.55,105.49,106.01,99.97,106.12733333333334,2128.0,2157.5,2354.5,2131.0714285714284,2240.883333333333,79.791,79.971,79.862,79.75342857142857,79.56836666666666,773.5,823.5,917.5,789.2857142857143,823.5666666666667,529.5,575.5,585.5,542.7142857142857,567.8333333333334,99.5,96.0,91.0,98.0,95.96666666666668,9,1.0,1.0,0.0,0.0,118.0,3,36,249,1,0,0,0.0,118.0,0.0109266729078851,0.0109266729078851,0.0,1.0,0.0,none,1.0,Supramax / Ultramax Bulk,14.0,9649.9,28.72,61964.6,188.46,32.1,11.92,7.4,1.019,V.O. Chidambaranar (Tuticorin),Richards Bay (ZA),Coking Coal,430.3,99.8,79.8,0.6,9.9,8.8,4.19,3.13,11.59,4.89,3.31,6.81,57007.432,19.41360970428038
2022-09-08,1178.0,real,652.0,real,1757.0,real,1477.0,real,867.0,real,0.3065639178418119,0.1345605430734422,-0.3943444730077121,9.523817969486313,98.37,real,2129.0,real,99.5,forward_filled_monthly,79.69,real,740.5,492.5,real,32.1649945288998,34.46419378437695,25.714290781691787,1133.0,1017.0,1945.0,1087.2857142857142,1356.2,656.0,337.0,2190.0,626.2857142857143,1044.9333333333334,1577.0,1284.0,2065.0,1398.857142857143,1688.9,1482.0,1691.0,2003.0,1520.428571428571,1677.3666666666666,861.0,919.0,1196.0,871.5714285714286,976.5,97.19,104.92,106.89,97.87857142857142,105.54166666666669,2128.0,2122.0,2356.0,2128.5714285714284,2225.766666666667,79.65,79.683,79.638,79.70857142857143,79.56309999999999,757.5,822.0,916.5,768.2142857142857,812.75,512.0,573.0,586.0,522.5,562.6166666666667,99.5,96.0,91.0,99.0,96.53333333333332,9,3.0,1.0,0.0,0.0,120.0,3,36,251,1,0,0,0.0,120.0,0.0094720912616447,0.0094720912616447,0.0,1.0,0.0,none,1.0,Supramax / Ultramax Bulk,13.3,7585.9,23.77,58721.4,191.7,32.23,11.94,7.9,1.023,Visakhapatnam,Richards Bay (ZA),Lump Iron Ore,430.3,99.8,79.8,0.6,9.9,8.8,4.19,3.13,11.59,4.89,3.31,6.81,54023.688,16.385563276064588
2022-09-09,1213.0,real,672.0,real,1865.0,real,1475.0,real,873.0,real,0.2932734115343897,0.1720800549649547,-0.3598944591029024,11.050579625249384,100.21,real,2128.5,real,99.5,forward_filled_monthly,79.655,real,741.5,490.5,real,34.17602559811845,35.203890860812315,26.63034777514963,1178.0,965.0,1895.0,1122.7142857142858,1333.4666666666667,652.0,302.0,2081.0,679.1428571428571,997.9666666666668,1757.0,1217.0,2051.0,1491.428571428571,1682.7,1477.0,1626.0,1971.0,1498.857142857143,1660.8333333333333,867.0,902.0,1173.0,867.4285714285714,966.5,98.37,104.76,107.22,97.2285714285714,105.308,2129.0,2121.5,2313.5,2129.5714285714284,2219.6,79.69,79.511,79.351,79.72914285714286,79.57323333333333,740.5,797.0,914.5,760.2857142857143,806.9833333333333,492.5,546.5,584.0,514.5,559.5,99.5,96.0,91.0,99.5,96.81666666666666,9,4.0,1.0,0.0,0.0,121.0,3,36,252,1,0,0,0.0,121.0,0.0088191116196771,0.0088191116196771,0.0,1.0,0.0,none,1.0,Panamax / Kamsarmax Bulk,14.1,9510.6,28.1,67046.6,224.1,32.29,13.77,6.7,1.014,Visakhapatnam,Tubarao (BR),Lump Iron Ore,430.3,99.8,79.8,0.6,9.9,8.8,4.19,3.13,11.59,4.89,3.31,6.81,61682.87200000001,17.9447955156636
2022-09-11,1213.0,real,672.0,real,1865.0,real,1475.0,real,873.0,real,0.2932734115343897,0.1720800549649547,-0.3598944591029024,11.050579625249384,100.21,real,2128.5,real,99.5,forward_filled_monthly,79.655,real,741.5,490.5,real,34.17602559811845,35.203890860812315,26.63034777514963,1178.0,965.0,1895.0,1122.7142857142858,1333.4666666666667,652.0,302.0,2081.0,679.1428571428571,997.9666666666668,1757.0,1217.0,2051.0,1491.428571428571,1682.7,1477.0,1626.0,1971.0,1498.857142857143,1660.8333333333333,867.0,902.0,1173.0,867.4285714285714,966.5,98.37,104.76,107.22,97.2285714285714,105.308,2129.0,2121.5,2313.5,2129.5714285714284,2219.6,79.69,79.511,79.351,79.72914285714286,79.57323333333333,740.5,797.0,914.5,760.2857142857143,806.9833333333333,492.5,546.5,584.0,514.5,559.5,99.5,96.0,91.0,99.5,96.81666666666666,9,0.0,0.0,0.0,0.0,121.0,3,36,254,1,0,0,0.0,121.0,0.0,0.0,0.0,0.0,0.0,none,0.0,Capesize Bulk,13.0,9461.8,30.33,164688.0,290.42,43.85,16.28,0.8,1.0,Visakhapatnam,Newcastle (AU),Pellets,430.3,99.8,79.8,0.6,9.9,8.8,4.19,3.13,11.59,4.89,3.31,6.81,151512.96000000002,9.02809900243517
2022-09-14,1595.0,real,1565.0,real,2145.0,real,1505.0,real,893.0,real,0.2385130347010577,0.3266702987267361,-0.0785673021374927,23.518485071280544,100.43,real,2128.5,real,99.5,forward_filled_monthly,79.459,real,755.0,498.0,real,30.605905479713574,43.277156095049726,34.11109104276833,1408.0,1133.0,1731.0,1271.0,1294.7666666666669,1079.0,844.0,1790.0,872.5714285714286,917.2,2074.0,1327.0,2005.0,1821.857142857143,1684.9,1484.0,1498.0,1805.0,1483.2857142857142,1622.9333333333334,884.0,863.0,1117.0,873.0,941.1333333333332,101.43,95.55,110.11,99.49714285714286,104.15633333333334,2128.5,2128.0,2400.0,2128.5,2198.2166666666667,79.602,79.791,79.118,79.61514285714286,79.63063333333335,765.5,773.5,864.5,756.0,794.9666666666667,502.0,529.5,580.5,502.7857142857143,551.4333333333333,99.5,99.5,96.0,99.5,97.16666666666669,9,2.0,1.0,0.0,0.0,126.0,3,37,257,1,0,0,0.0,126.0,0.0061704902043339,0.0061704902043339,0.0,1.0,1.0,rate_shock,1.0,Panamax / Kamsarmax Bulk,12.7,7611.5,24.97,70205.7,229.07,32.27,13.62,5.1,1.001,Chennai,Hay Point (AU),Lump Iron Ore,430.3,99.8,79.8,0.6,9.9,8.8,4.19,3.13,11.59,4.89,3.31,6.81,64589.244,16.490161727464695
2022-09-15,1612.0,real,1637.0,real,2090.0,real,1529.0,real,900.0,real,0.2153663570437938,0.3920140883102616,0.0056144728633811,27.249267489555983,100.39,real,2132.0,real,99.5,forward_filled_monthly,79.849,real,751.5,496.0,real,32.68660280788512,43.63643753217547,36.34956049373359,1595.0,1114.0,1603.0,1342.142857142857,1295.0666666666666,1565.0,728.0,1480.0,1002.4285714285714,922.4333333333332,2145.0,1413.0,1983.0,1918.571428571429,1688.4666666666667,1505.0,1487.0,1747.0,1489.2857142857142,1615.6666666666667,893.0,859.0,1095.0,878.8571428571429,934.6333333333332,100.43,97.44,107.03,99.91857142857144,103.935,2128.5,2128.5,2400.0,2129.0,2189.2833333333333,79.459,79.895,79.165,79.60857142857142,79.65343333333334,755.0,777.5,844.5,752.2857142857143,791.8666666666667,498.0,522.0,571.0,499.07142857142856,548.9333333333333,99.5,99.5,96.0,99.5,97.28333333333332,9,3.0,1.0,0.0,0.0,127.0,3,37,258,1,0,0,0.0,127.0,0.0057451137617836,0.0057451137617836,0.0,1.0,0.0,none,1.0,Panamax / Kamsarmax Bulk,13.3,10512.4,32.93,80857.1,225.78,32.26,14.1,6.6,1.013,Chennai,Richards Bay (ZA),Iron Ore Fines,430.3,99.8,79.8,0.6,9.9,8.8,4.19,3.13,11.59,4.89,3.31,6.81,74388.532,19.30186367828217
2022-09-20,1729.0,real,1994.0,real,2023.0,real,1580.0,real,921.0,real,0.2116091796690992,0.4026207166754768,0.1054987212276215,31.67595482961382,98.8,real,2192.5,real,99.5,forward_filled_monthly,79.769,real,741.0,484.0,real,31.095783137909592,46.10913918768797,39.00557289776829,1553.0,1213.0,1564.0,1529.428571428571,1299.9,1519.0,672.0,1510.0,1438.428571428571,943.9666666666668,1990.0,1865.0,1938.0,2033.428571428572,1693.1333333333334,1551.0,1475.0,1636.0,1524.7142857142858,1604.8333333333333,905.0,873.0,1027.0,897.4285714285714,921.4,98.99,100.21,109.85,100.10142857142856,102.85566666666666,2162.5,2128.5,2400.0,2147.214285714286,2166.383333333333,79.713,79.655,79.573,79.63514285714287,79.67513333333333,736.5,741.5,814.5,749.1428571428571,784.2333333333333,486.0,490.5,568.0,494.2857142857143,541.0833333333334,99.5,99.5,96.0,99.5,97.63333333333334,9,1.0,1.0,0.0,0.0,132.0,3,38,263,1,0,0,0.0,132.0,0.0040196983232159,0.0040196983232159,0.0,1.0,1.0,rate_shock,1.0,Capesize Bulk,12.9,4398.7,14.21,184713.8,297.34,46.88,16.44,3.0,1.0,V.O. Chidambaranar (Tuticorin),Tubarao (BR),Iron Ore Fines,430.3,99.8,79.8,0.6,9.9,8.8,4.19,3.13,11.59,4.89,3.31,6.81,169936.696,5.508646908867759
2022-09-21,1746.0,real,2021.0,real,2021.0,real,1605.0,real,934.0,real,0.220798762020838,0.3766782404184553,0.0967336683417086,31.28750370463245,98.65,real,2228.0,real,99.5,forward_filled_monthly,79.936,real,744.0,482.0,real,31.9450158816992,46.46842062481373,38.772502222779465,1729.0,1256.0,1592.0,1599.428571428571,1305.0333333333333,1994.0,756.0,1622.0,1619.142857142857,957.2666666666668,2023.0,1922.0,1932.0,2047.571428571429,1696.1,1580.0,1473.0,1614.0,1543.571428571429,1604.5333333333333,921.0,874.0,1008.0,906.0,918.9333333333332,98.8,101.41,109.63,99.70714285714288,102.48966666666664,2192.5,2128.5,2400.0,2161.428571428572,2160.65,79.769,79.355,79.095,79.71814285714287,79.70316666666668,741.0,754.5,807.5,747.6428571428571,782.1166666666667,484.0,502.5,567.0,491.3571428571428,538.25,99.5,99.5,96.0,99.5,97.75,9,2.0,1.0,0.0,0.0,133.0,3,38,264,1,0,0,0.0,133.0,0.003742591494385,0.003742591494385,0.0,1.0,0.0,none,1.0,Feeder Container,15.2,5065.7,13.89,38311.4,206.66,29.73,9.82,9.2,1.034,Chennai,Newcastle (AU),Pellets,430.3,99.8,79.8,0.6,9.9,8.8,4.19,3.13,11.59,4.89,3.31,6.81,35246.488000000005,14.744098158638762
2022-09-22,1720.0,real,1929.0,real,1998.0,real,1637.0,real,952.0,real,0.1996713762388811,0.4363215063518241,0.1053984575835476,31.67151132814929,98.83,real,2258.0,real,99.5,forward_filled_monthly,81.062,real,739.5,482.0,real,32.26872100833907,45.91893136803317,39.002906796889576,1746.0,1408.0,1556.0,1644.0,1310.5,2021.0,1079.0,1538.0,1740.571428571429,970.3,2021.0,2074.0,1927.0,2036.7142857142856,1698.4666666666667,1605.0,1484.0,1591.0,1565.428571428571,1606.0666666666666,934.0,884.0,985.0,915.7142857142856,917.8333333333334,98.65,101.43,110.41,99.33571428571427,102.10366666666668,2228.0,2128.5,2400.0,2179.928571428572,2155.9166666666665,79.936,79.602,79.585,79.9267142857143,79.75240000000001,744.0,765.5,822.0,743.9285714285714,779.3666666666667,482.0,502.0,583.0,488.5,534.8833333333333,99.5,99.5,96.0,99.5,97.86666666666666,9,3.0,1.0,0.0,0.0,134.0,3,38,265,1,0,0,0.0,134.0,0.0034845876400587,0.0034845876400587,0.0,1.0,0.0,none,1.0,Panamax / Kamsarmax Bulk,12.6,9468.8,31.31,66140.0,225.88,32.28,12.53,5.0,1.0,Kamarajar (Ennore),Newcastle (AU),Thermal Coal,430.3,99.8,79.8,0.6,9.9,8.8,4.19,3.13,11.59,4.89,3.31,6.81,60848.8,20.56902245993347
2022-09-23,1816.0,real,2206.0,real,1995.0,real,1652.0,real,966.0,real,0.1324866567017342,0.6259860552632657,0.2295192958700067,37.17232003901246,98.89,real,2305.5,real,99.5,forward_filled_monthly,81.255,real,737.5,481.0,real,33.843673979764134,47.94781477768446,42.30339202340748,1720.0,1595.0,1477.0,1675.571428571429,1321.8,1929.0,1565.0,1314.0,1832.142857142857,1000.0333333333332,1998.0,2145.0,1907.0,2015.2857142857144,1701.4,1637.0,1505.0,1593.0,1586.428571428571,1608.0333333333333,952.0,893.0,978.0,926.1428571428572,917.4333333333332,98.83,100.43,109.71,99.11571428571428,101.743,2258.0,2128.5,2400.0,2205.214285714286,2152.766666666667,81.062,79.459,79.651,80.18328571428572,79.80586666666666,739.5,755.0,829.5,741.4285714285714,776.3,482.0,498.0,589.0,486.07142857142856,531.2833333333333,99.5,99.5,96.0,99.5,97.98333333333332,9,4.0,1.0,0.0,0.0,135.0,3,38,266,1,0,0,0.0,135.0,0.0032443698542753,0.0032443698542753,0.0,1.0,0.0,none,1.0,Panamax / Kamsarmax Bulk,13.3,11659.8,36.53,84357.2,222.95,32.28,13.75,5.1,1.001,Syama Prasad Mookerjee (Kolkata & Haldia),Tubarao (BR),Pellets,430.3,99.8,79.8,0.6,9.9,8.8,4.19,3.13,11.59,4.89,3.31,6.81,77608.624,19.97715196691427
2022-09-24,1816.0,real,2206.0,real,1995.0,real,1652.0,real,966.0,real,0.1324866567017342,0.6259860552632657,0.2295192958700067,37.17232003901246,98.89,real,2305.5,real,99.5,forward_filled_monthly,81.255,real,737.5,481.0,real,33.843673979764134,47.94781477768446,42.30339202340748,1720.0,1595.0,1477.0,1675.571428571429,1321.8,1929.0,1565.0,1314.0,1832.142857142857,1000.0333333333332,1998.0,2145.0,1907.0,2015.2857142857144,1701.4,1637.0,1505.0,1593.0,1586.428571428571,1608.0333333333333,952.0,893.0,978.0,926.1428571428572,917.4333333333332,98.83,100.43,109.71,99.11571428571428,101.743,2258.0,2128.5,2400.0,2205.214285714286,2152.766666666667,81.062,79.459,79.651,80.18328571428572,79.80586666666666,739.5,755.0,829.5,741.4285714285714,776.3,482.0,498.0,589.0,486.07142857142856,531.2833333333333,99.5,99.5,96.0,99.5,97.98333333333332,9,0.0,0.0,0.0,0.0,135.0,3,38,267,1,0,0,0.0,135.0,0.0,0.0,0.0,0.0,0.0,none,0.0,Supramax / Ultramax Bulk,13.7,7601.1,23.12,52677.4,194.23,32.12,11.58,8.1,1.025,Paradip,Muara Pantai (ID),Coking Coal,430.3,99.8,79.8,0.6,9.9,8.8,4.19,3.13,11.59,4.89,3.31,6.81,48463.208000000006,18.20618491076777
2022-09-25,1816.0,real,2206.0,real,1995.0,real,1652.0,real,966.0,real,0.1324866567017342,0.6259860552632657,0.2295192958700067,37.17232003901246,98.89,real,2305.5,real,99.5,forward_filled_monthly,81.255,real,737.5,481.0,real,33.843673979764134,47.94781477768446,42.30339202340748,1720.0,1595.0,1477.0,1675.571428571429,1321.8,1929.0,1565.0,1314.0,1832.142857142857,1000.0333333333332,1998.0,2145.0,1907.0,2015.2857142857144,1701.4,1637.0,1505.0,1593.0,1586.428571428571,1608.0333333333333,952.0,893.0,978.0,926.1428571428572,917.4333333333332,98.83,100.43,109.71,99.11571428571428,101.743,2258.0,2128.5,2400.0,2205.214285714286,2152.766666666667,81.062,79.459,79.651,80.18328571428572,79.80586666666666,739.5,755.0,829.5,741.4285714285714,776.3,482.0,498.0,589.0,486.07142857142856,531.2833333333333,99.5,99.5,96.0,99.5,97.98333333333332,9,0.0,0.0,0.0,0.0,135.0,3,38,268,1,0,0,0.0,135.0,0.0,0.0,0.0,0.0,0.0,none,0.0,Panamax / Kamsarmax Bulk,14.2,9687.9,28.43,74859.7,224.72,32.25,14.19,4.3,1.0,Paradip,Newcastle (AU),Iron Ore Fines,430.3,99.8,79.8,0.6,9.9,8.8,4.19,3.13,11.59,4.89,3.31,6.81,68870.924,17.044726486789983
2022-09-26,1813.0,real,2195.0,real,1992.0,real,1657.0,real,974.0,real,0.1345704763490907,0.6201033677094367,0.2913105413105412,39.91079510787975,99.01,real,2395.5,real,99.5,forward_filled_monthly,81.625,real,716.5,470.5,real,43.196210717317264,47.88441217113285,43.94647706472785,1816.0,1612.0,1404.0,1704.2857142857142,1335.4333333333334,2206.0,1637.0,1098.0,1911.857142857143,1036.6,1995.0,2090.0,1885.0,2001.2857142857144,1704.9666666666667,1652.0,1529.0,1607.0,1604.7142857142858,1609.7,966.0,900.0,970.0,936.7142857142856,917.5666666666668,98.89,100.39,107.6,98.91857142857144,101.45666666666666,2305.5,2132.0,2170.0,2242.8571428571427,2160.2833333333333,81.255,79.849,79.546,80.437,79.87516666666667,737.5,751.5,813.5,736.4285714285714,773.0666666666667,481.0,496.0,587.0,482.4285714285714,527.4,99.5,99.5,96.0,99.5,98.1,9,0.0,1.0,0.0,0.0,138.0,3,39,269,1,0,0,0.0,138.0,0.0026185884872349,0.0026185884872349,0.0,1.0,0.0,none,1.0,Capesize Bulk,12.9,11739.8,37.92,202403.5,281.85,45.35,16.52,2.2,1.0,Chennai,Newcastle (AU),Iron Ore Fines,430.3,99.8,79.8,0.6,9.9,8.8,4.19,3.13,11.59,4.89,3.31,6.81,186211.22,13.87039333707174
2022-09-27,1807.0,real,2160.0,real,1998.0,real,1671.0,real,983.0,real,0.1276020163174669,0.6397755467050577,0.3028118240807498,40.42051094062696,98.71,real,2309.5,real,99.5,forward_filled_monthly,81.727,real,702.5,469.0,real,40.90715258455476,47.75760695802965,44.25230656437617,1813.0,1553.0,1387.0,1740.571428571429,1349.4333333333334,2195.0,1519.0,1059.0,2003.428571428572,1073.3,1992.0,1990.0,1850.0,2002.428571428572,1709.9,1657.0,1551.0,1626.0,1621.857142857143,1611.2,974.0,905.0,968.0,947.8571428571428,918.0666666666668,99.01,99.26,107.37,98.84,101.168,2395.5,2158.0,2171.5,2264.5,2164.883333333333,81.625,79.699,79.256,80.72671428571428,79.95753333333333,716.5,740.0,797.0,731.0714285714286,769.9166666666666,470.5,491.5,574.5,479.2142857142857,523.8833333333333,99.5,99.5,96.0,99.5,98.21666666666668,9,1.0,1.0,0.0,0.0,139.0,3,39,270,1,0,0,0.0,139.0,0.0024380702758259,0.0024380702758259,0.0,1.0,0.0,none,1.0,Aframax / Suezmax Tanker,13.6,3074.5,9.42,134906.2,242.44,43.05,16.57,12.4,1.059,Kamarajar (Ennore),Port Hedland (AU),Thermal Coal,430.3,99.8,79.8,0.6,9.9,8.8,4.19,3.13,11.59,4.89,3.31,6.81,124113.704,4.023917609395961
2022-09-28,1799.0,real,2107.0,real,2022.0,real,1680.0,real,992.0,real,0.1297675518322969,0.633662172720593,0.2905308464849354,39.8762404581713,98.52,real,2370.0,real,99.5,forward_filled_monthly,81.431,real,711.5,464.0,real,43.26734407166703,47.58853334055871,43.92574427490278,1807.0,1553.0,1394.0,1775.7142857142858,1362.9333333333334,2160.0,1519.0,1083.0,2087.428571428572,1107.4333333333334,1998.0,1990.0,1805.0,2007.0,1717.1333333333334,1671.0,1551.0,1659.0,1640.2857142857142,1611.9,983.0,905.0,973.0,960.2857142857144,918.7,98.71,98.99,105.51,98.77285714285712,100.935,2309.5,2162.5,2182.0,2294.1428571428573,2171.15,81.727,79.713,79.36,80.97214285714286,80.02656666666667,702.5,736.5,792.0,727.5,767.2333333333333,469.0,486.0,567.0,476.07142857142856,520.45,99.5,99.5,96.0,99.5,98.33333333333331,9,2.0,1.0,0.0,0.0,140.0,3,39,271,1,0,0,0.0,140.0,0.0022699964881242,0.0022699964881242,0.0,1.0,0.0,none,1.0,Capesize Bulk,13.8,2776.5,8.38,152624.3,273.69,46.91,16.86,3.9,1.0,Paradip,Muara Pantai (ID),Iron Ore Fines,430.3,99.8,79.8,0.6,9.9,8.8,4.19,3.13,11.59,4.89,3.31,6.81,140414.356,3.754205228973881
2022-10-01,1760.0,forward_filled,1955.0,forward_filled,2082.0,forward_filled,1663.0,forward_filled,1009.0,forward_filled,0.0666807574830558,0.8117581516120727,0.3858267716535433,44.09958169977192,98.31,forward_filled,2741.5,forward_filled,95.0,real,81.522,forward_filled,725.0,460.5,forward_filled,55.14635521729247,39.841222532310944,46.45974901986315,1760.0,1720.0,1270.0,1787.428571428571,1409.8666666666666,1955.0,1929.0,747.0,2076.0,1223.9,2082.0,1998.0,1645.0,2033.428571428572,1755.3,1663.0,1637.0,1751.0,1665.7142857142858,1605.7666666666669,1009.0,952.0,955.0,990.4285714285714,923.2,98.31,98.83,105.52,98.5957142857143,100.19599999999998,2741.5,2258.0,2101.5,2464.0714285714284,2221.6833333333334,81.522,81.062,79.855,81.51014285714287,80.193,725.0,739.5,797.5,719.9285714285714,759.8,460.5,482.0,568.0,467.9285714285714,509.76666666666665,99.5,99.5,96.0,98.85714285714286,98.53333333333332,10,5.0,0.0,1.0,0.0,143.0,4,39,274,0,0,0,0.0,143.0,20.001832154451204,20.001832154451204,0.0,0.0,0.0,none,0.0,Capesize Bulk,12.7,2937.4,9.64,208204.5,295.95,47.21,17.75,2.1,1.0,Syama Prasad Mookerjee (Kolkata & Haldia),Port Hedland (AU),Iron Ore Fines,391.8,92.6,84.5,1.2,10.5,9.3,4.17,3.5,11.67,5.18,3.26,5.94,191548.14,3.479233732575007
2022-10-02,1760.0,forward_filled,1955.0,forward_filled,2082.0,forward_filled,1663.0,forward_filled,1009.0,forward_filled,0.0666807574830558,0.8117581516120727,0.3858267716535433,44.09958169977192,98.31,forward_filled,2741.5,forward_filled,95.0,real,81.522,forward_filled,725.0,460.5,forward_filled,55.14635521729247,39.841222532310944,46.45974901986315,1760.0,1720.0,1270.0,1787.428571428571,1409.8666666666666,1955.0,1929.0,747.0,2076.0,1223.9,2082.0,1998.0,1645.0,2033.428571428572,1755.3,1663.0,1637.0,1751.0,1665.7142857142858,1605.7666666666669,1009.0,952.0,955.0,990.4285714285714,923.2,98.31,98.83,105.52,98.5957142857143,100.19599999999998,2741.5,2258.0,2101.5,2464.0714285714284,2221.6833333333334,81.522,81.062,79.855,81.51014285714287,80.193,725.0,739.5,797.5,719.9285714285714,759.8,460.5,482.0,568.0,467.9285714285714,509.76666666666665,99.5,99.5,96.0,98.85714285714286,98.53333333333332,10,0.0,0.0,0.0,0.0,143.0,4,39,275,0,0,0,0.0,143.0,0.0,0.0,0.0,0.0,0.0,none,0.0,Aframax / Suezmax Tanker,13.3,2651.6,8.31,120392.9,266.91,42.37,15.73,13.3,1.066,Chennai,Muara Pantai (ID),Pellets,391.8,92.6,84.5,1.2,10.5,9.3,4.17,3.5,11.67,5.18,3.26,5.94,110761.468,3.902382617350558
2022-10-03,1788.0,real,2041.0,real,2082.0,real,1663.0,real,1012.0,real,0.0349189959565898,0.901422590401896,0.4067663257277734,45.02758446742388,94.22,real,2741.5,forward_filled,95.0,forward_filled_monthly,81.509,real,722.0,463.0,real,51.02173330415655,40.43298019345924,47.01655068045433,1760.0,1816.0,1271.0,1783.428571428571,1427.1,1955.0,2206.0,797.0,2052.428571428572,1265.3666666666666,2082.0,1995.0,1572.0,2045.857142857143,1772.3,1663.0,1652.0,1765.0,1667.2857142857142,1602.3666666666666,1009.0,966.0,951.0,997.0,925.2333333333332,98.31,98.89,105.57,97.92857142857144,99.81766666666668,2741.5,2305.5,2134.0,2526.3571428571427,2241.9333333333334,81.522,81.255,79.857,81.54642857142858,80.24806666666667,725.0,737.5,804.0,717.7142857142857,757.0666666666667,460.5,481.0,570.5,465.3571428571428,506.1833333333333,95.0,99.5,96.0,98.21428571428572,98.5,10,0.0,0.0,1.0,0.0,145.0,4,40,276,0,0,0,0.0,145.0,20.00158825420268,20.00158825420268,0.0,0.0,0.0,none,0.0,Supramax / Ultramax Bulk,13.1,9577.1,30.46,61293.3,197.87,32.3,11.98,8.2,1.026,Paradip,Newcastle (AU),Pellets,391.8,92.6,84.5,1.2,10.5,9.3,4.17,3.5,11.67,5.18,3.26,5.94,56389.836,20.96014928159996
2022-10-05,1996.0,real,2553.0,real,2205.0,real,1676.0,real,1024.0,real,0.072802065705817,0.7944775084715447,0.7773820124666073,61.45259437019638,95.26,real,2741.5,forward_filled,95.0,forward_filled_monthly,81.649,real,744.5,481.0,real,51.69746269076537,44.82889424770369,56.87155662211783,1865.0,1807.0,1123.0,1817.857142857143,1477.9333333333334,2244.0,2160.0,474.0,2115.5714285714284,1386.8,2110.0,1998.0,1424.0,2092.285714285714,1818.9666666666667,1668.0,1671.0,1763.0,1669.571428571429,1595.9666666666667,1017.0,983.0,938.0,1009.0,930.4333333333332,95.21,98.71,105.35,96.89285714285714,99.13666666666668,2741.5,2309.5,2141.0,2637.5,2281.6666666666665,81.479,81.727,79.88,81.51442857142857,80.36306666666665,728.5,702.5,821.5,725.4285714285714,751.6666666666666,477.5,469.0,576.5,468.07142857142856,499.6833333333333,95.0,99.5,96.0,96.92857142857144,98.43333333333334,10,2.0,0.0,1.0,0.0,147.0,4,40,278,0,0,0,0.0,147.0,20.00137682246749,20.00137682246749,0.0,0.0,0.0,none,0.0,Panamax / Kamsarmax Bulk,12.5,9474.3,31.58,76479.0,223.93,32.2,13.67,4.4,1.0,Kamarajar (Ennore),Muara Pantai (ID),Thermal Coal,391.8,92.6,84.5,1.2,10.5,9.3,4.17,3.5,11.67,5.18,3.26,5.94,70360.68000000001,19.52793869385572
2022-10-06,1992.0,real,2506.0,real,2232.0,real,1690.0,real,1028.0,real,0.0721217903610978,0.7963979468879082,0.8410351201478743,64.27358377085226,95.46,real,2741.5,forward_filled,95.0,forward_filled_monthly,82.088,real,757.5,492.0,real,51.21138077684755,44.744357438968215,58.56415026251136,1996.0,1799.0,1082.0,1845.428571428572,1508.2666666666669,2553.0,2107.0,411.0,2172.5714285714284,1456.6333333333334,2205.0,2022.0,1372.0,2122.285714285714,1847.6333333333328,1676.0,1680.0,1744.0,1671.0,1594.1666666666667,1024.0,992.0,933.0,1014.1428571428572,933.6,95.26,98.52,105.49,96.4557142857143,98.80233333333332,2741.5,2370.0,2157.5,2690.5714285714284,2301.133333333333,81.649,81.431,79.971,81.60828571428571,80.43363333333333,744.5,711.5,823.5,732.0,749.4666666666667,481.0,464.0,575.5,472.07142857142856,496.9,95.0,99.5,96.0,96.28571428571428,98.4,10,3.0,0.0,1.0,0.0,148.0,4,40,279,0,0,0,0.0,148.0,20.00128190815374,20.00128190815374,0.0,0.0,0.0,none,0.0,Capesize Bulk,12.3,11803.8,39.99,205479.5,285.51,43.82,17.32,2.5,1.0,Paradip,Hay Point (AU),Coking Coal,391.8,92.6,84.5,1.2,10.5,9.3,4.17,3.5,11.67,5.18,3.26,5.94,189041.14,15.80062198925324
2022-10-07,1961.0,real,2396.0,real,2235.0,real,1706.0,real,1033.0,real,0.0660566922829153,0.8135199070453232,0.8123844731977818,63.00383945965768,95.62,real,2741.5,forward_filled,95.0,forward_filled_monthly,82.833,real,768.5,498.0,real,51.63114934436122,44.08919717126832,57.80230367579461,1992.0,1757.0,1082.0,1874.571428571429,1537.5666666666666,2506.0,1954.0,411.0,2235.714285714286,1522.8,2232.0,2063.0,1372.0,2146.8571428571427,1876.4,1690.0,1674.0,1744.0,1675.571428571429,1592.9,1028.0,1000.0,933.0,1018.8571428571428,936.9333333333332,95.46,98.42,105.28,96.05571428571427,98.48033333333332,2741.5,2385.0,2152.5,2741.5,2320.766666666667,82.088,81.489,79.971,81.8002857142857,80.52903333333332,757.5,721.5,823.5,738.7142857142857,747.6333333333333,492.0,470.0,573.0,476.07142857142856,494.4,95.0,99.5,96.0,95.64285714285714,98.36666666666666,10,4.0,0.0,1.0,0.0,149.0,4,40,280,0,0,0,0.0,149.0,20.001193536968945,20.001193536968945,0.0,0.0,0.0,none,0.0,Supramax / Ultramax Bulk,13.1,11946.0,38.0,58228.8,187.77,32.11,12.17,6.8,1.014,Paradip,Newcastle (AU),Coking Coal,391.8,92.6,84.5,1.2,10.5,9.3,4.17,3.5,11.67,5.18,3.26,5.94,53570.49600000001,28.08867095592917
2022-10-08,1961.0,real,2396.0,real,2235.0,real,1706.0,real,1033.0,real,0.0660566922829153,0.8135199070453232,0.8123844731977818,63.00383945965768,95.62,real,2741.5,forward_filled,95.0,forward_filled_monthly,82.833,real,768.5,498.0,real,51.63114934436122,44.08919717126832,57.80230367579461,1992.0,1757.0,1082.0,1874.571428571429,1537.5666666666666,2506.0,1954.0,411.0,2235.714285714286,1522.8,2232.0,2063.0,1372.0,2146.8571428571427,1876.4,1690.0,1674.0,1744.0,1675.571428571429,1592.9,1028.0,1000.0,933.0,1018.8571428571428,936.9333333333332,95.46,98.42,105.28,96.05571428571427,98.48033333333332,2741.5,2385.0,2152.5,2741.5,2320.766666666667,82.088,81.489,79.971,81.8002857142857,80.52903333333332,757.5,721.5,823.5,738.7142857142857,747.6333333333333,492.0,470.0,573.0,476.07142857142856,494.4,95.0,99.5,96.0,95.64285714285714,98.36666666666666,10,0.0,0.0,0.0,0.0,149.0,4,40,281,0,0,0,0.0,149.0,0.0,0.0,0.0,0.0,0.0,none,0.0,Panamax / Kamsarmax Bulk,13.5,6762.0,20.87,70526.4,224.32,32.3,12.64,4.8,1.0,V.O. Chidambaranar (Tuticorin),Muara Pantai (ID),Lump Iron Ore,391.8,92.6,84.5,1.2,10.5,9.3,4.17,3.5,11.67,5.18,3.26,5.94,64884.288,14.203867788170845
2022-10-09,1961.0,real,2396.0,real,2235.0,real,1706.0,real,1033.0,real,0.0660566922829153,0.8135199070453232,0.8123844731977818,63.00383945965768,95.62,real,2741.5,forward_filled,95.0,forward_filled_monthly,82.833,real,768.5,498.0,real,51.63114934436122,44.08919717126832,57.80230367579461,1992.0,1757.0,1082.0,1874.571428571429,1537.5666666666666,2506.0,1954.0,411.0,2235.714285714286,1522.8,2232.0,2063.0,1372.0,2146.8571428571427,1876.4,1690.0,1674.0,1744.0,1675.571428571429,1592.9,1028.0,1000.0,933.0,1018.8571428571428,936.9333333333332,95.46,98.42,105.28,96.05571428571427,98.48033333333332,2741.5,2385.0,2152.5,2741.5,2320.766666666667,82.088,81.489,79.971,81.8002857142857,80.52903333333332,757.5,721.5,823.5,738.7142857142857,747.6333333333333,492.0,470.0,573.0,476.07142857142856,494.4,95.0,99.5,96.0,95.64285714285714,98.36666666666666,10,0.0,0.0,0.0,0.0,149.0,4,40,282,0,0,0,0.0,149.0,0.0,0.0,0.0,0.0,0.0,none,0.0,Feeder Container,18.6,7386.6,16.55,23571.0,194.6,26.49,9.68,10.3,1.042,Syama Prasad Mookerjee (Kolkata & Haldia),Newcastle (AU),Coking Coal,391.8,92.6,84.5,1.2,10.5,9.3,4.17,3.5,11.67,5.18,3.26,5.94,21685.32,28.628354103041595
2022-10-10,1944.0,real,2341.0,real,2228.0,real,1714.0,real,1034.0,real,0.0684344782606639,0.8068073434150129,0.9115044247787611,67.39665456310247,97.35,real,2741.5,real,95.0,forward_filled_monthly,82.385,real,786.5,514.0,real,54.15607632412016,43.72991573414257,60.437992737861485,1961.0,1760.0,1017.0,1900.857142857143,1568.4666666666667,2396.0,1955.0,337.0,2290.8571428571427,1589.6,2235.0,2082.0,1284.0,2167.714285714286,1907.8666666666663,1706.0,1663.0,1691.0,1682.857142857143,1593.6666666666667,1033.0,1009.0,919.0,1022.4285714285714,940.7666666666668,95.62,98.31,104.92,95.91857142857144,98.228,2741.5,2741.5,2122.0,2741.5,2341.4166666666665,82.833,81.522,79.683,81.92357142857142,80.61909999999999,768.5,725.0,822.0,747.5,746.45,498.0,460.5,573.0,483.7142857142857,492.4333333333333,95.0,99.5,96.0,95.0,98.33333333333331,10,0.0,0.0,1.0,0.0,152.0,4,41,283,0,0,0,0.0,152.0,20.000963324869343,20.000963324869343,0.0,0.0,0.0,none,0.0,Aframax / Suezmax Tanker,15.2,7353.8,20.16,147451.6,262.55,45.9,16.6,11.2,1.05,Visakhapatnam,Port Hedland (AU),Coking Coal,391.8,92.6,84.5,1.2,10.5,9.3,4.17,3.5,11.67,5.18,3.26,5.94,135655.472,8.607196952897263
2022-10-12,1873.0,real,2199.0,real,2147.0,real,1708.0,real,1024.0,real,0.0736703354755359,0.7920263559573762,0.8692614770459082,65.52452432236782,96.13,real,2741.5,real,95.0,forward_filled_monthly,82.177,real,763.0,489.5,real,59.155348465880174,42.22938737908798,59.314714593420696,1904.0,1788.0,1002.0,1933.571428571429,1628.8,2246.0,2041.0,469.0,2355.0,1712.0666666666666,2196.0,2082.0,1230.0,2193.285714285714,1971.0666666666664,1714.0,1663.0,1559.0,1696.571428571429,1601.5666666666666,1032.0,1012.0,880.0,1027.428571428571,949.9,96.97,94.22,96.29,96.0,97.963,2741.5,2741.5,2135.5,2741.5,2382.2833333333333,82.274,81.509,79.701,82.12642857142858,80.79373333333334,773.0,722.0,770.5,760.2142857142857,745.4,497.5,463.0,526.5,492.7857142857143,489.56666666666666,95.0,95.0,99.5,95.0,98.15,10,2.0,0.0,1.0,0.0,154.0,4,41,285,0,0,0,0.0,154.0,20.000835085039512,20.000835085039512,0.0,0.0,0.0,none,0.0,Capesize Bulk,13.5,7409.9,22.87,196432.8,288.06,49.25,17.11,3.1,1.0,Kamarajar (Ennore),Port Hedland (AU),Iron Ore Fines,391.8,92.6,84.5,1.2,10.5,9.3,4.17,3.5,11.67,5.18,3.26,5.94,180718.176,8.914041289093134
2022-10-13,1818.0,real,2094.0,real,2088.0,real,1696.0,real,1020.0,real,0.0653931344433046,0.8153931514257932,0.6740331491712708,56.872361628287685,95.4,real,2741.5,real,95.0,forward_filled_monthly,82.192,real,761.0,478.0,real,59.36185879407958,41.067006258975255,54.12341697697261,1873.0,1865.0,1086.0,1926.857142857143,1653.2,2199.0,2244.0,733.0,2333.5714285714284,1757.4333333333334,2147.0,2110.0,1271.0,2190.1428571428573,1998.3,1708.0,1668.0,1514.0,1700.571428571429,1607.6333333333334,1024.0,1017.0,869.0,1027.857142857143,954.9333333333332,96.13,95.21,95.55,96.02714285714283,97.958,2741.5,2741.5,2129.5,2741.5,2402.6833333333334,82.177,81.479,79.722,82.2282857142857,80.87606666666667,763.0,728.5,761.0,764.8571428571429,745.4,489.5,477.5,528.5,492.8571428571428,487.8833333333333,95.0,95.0,99.5,95.0,98.0,10,3.0,0.0,1.0,0.0,155.0,4,41,286,0,0,0,0.0,155.0,20.000777516598177,20.000777516598177,0.0,0.0,0.0,none,0.0,Supramax / Ultramax Bulk,13.7,11905.4,36.21,56776.3,192.71,32.09,12.65,8.1,1.025,Visakhapatnam,Port Hedland (AU),Iron Ore Fines,391.8,92.6,84.5,1.2,10.5,9.3,4.17,3.5,11.67,5.18,3.26,5.94,52234.196,27.266127164800523
2022-10-18,1875.0,real,2247.0,real,2136.0,real,1678.0,real,990.0,real,0.0326895694505573,0.907716330637934,0.6548984995586937,56.02434892775098,95.21,real,2741.5,real,95.0,forward_filled_monthly,82.298,real,753.0,470.0,real,57.95824005669456,42.271655783455714,53.61460935665059,1843.0,1961.0,1133.0,1870.7142857142856,1725.7333333333331,2186.0,2396.0,656.0,2211.285714285714,1903.1333333333328,2088.0,2235.0,1577.0,2137.714285714286,2064.5666666666666,1678.0,1706.0,1482.0,1696.857142857143,1626.9333333333334,996.0,1033.0,861.0,1015.4285714285714,968.7666666666668,94.93,95.62,97.19,95.98857142857142,97.821,2741.5,2741.5,2128.0,2741.5,2464.016666666667,82.189,82.833,79.65,82.26885714285713,81.12666666666665,755.0,768.5,757.5,764.5714285714286,744.0666666666667,471.0,498.0,512.0,485.8571428571428,483.1666666666667,95.0,95.0,99.5,95.0,97.55,10,1.0,0.0,1.0,0.0,160.0,4,42,291,0,0,0,0.0,160.0,20.000544007011097,20.000544007011097,0.0,0.0,0.0,none,0.0,Feeder Container,18.6,9613.5,21.54,22014.5,167.36,27.15,8.77,10.4,1.043,Paradip,Richards Bay (ZA),Thermal Coal,391.8,92.6,84.5,1.2,10.5,9.3,4.17,3.5,11.67,5.18,3.26,5.94,20253.34,37.87597968970125
2022-10-23,1819.0,real,2071.0,real,2144.0,real,1678.0,real,961.0,real,0.0328738135119849,0.907196203932918,0.4482484076433122,46.86599452568586,94.86,real,2741.5,real,95.0,forward_filled_monthly,82.542,real,740.0,480.5,real,54.52310989806205,41.08814046115913,48.11959671541152,1837.0,1873.0,1256.0,1843.0,1788.4,2111.0,2199.0,756.0,2154.8571428571427,2046.8333333333333,2161.0,2147.0,1922.0,2123.1428571428573,2095.4,1676.0,1708.0,1473.0,1682.0,1647.1666666666667,966.0,1024.0,874.0,988.1428571428572,978.2666666666668,94.76,96.13,101.41,95.13571428571429,97.304,2741.5,2741.5,2128.5,2741.5,2525.3,82.825,82.177,79.355,82.49057142857143,81.44959999999999,751.5,763.0,754.5,752.5714285714286,744.1333333333333,480.5,489.5,502.5,475.8571428571428,481.35,95.0,95.0,99.5,95.0,97.1,10,0.0,0.0,0.0,0.0,163.0,4,42,296,0,0,0,0.0,163.0,0.0,0.0,0.0,0.0,0.0,none,0.0,Feeder Container,15.1,6896.7,19.03,32643.6,200.86,31.2,10.35,10.7,1.046,Paradip,Tubarao (BR),Iron Ore Fines,391.8,92.6,84.5,1.2,10.5,9.3,4.17,3.5,11.67,5.18,3.26,5.94,30032.112,23.25089027571768
2022-10-24,1797.0,real,2036.0,real,2113.0,real,1670.0,real,959.0,real,0.0284352296034279,0.919726464096564,0.2762784090909091,39.24459848047895,94.51,real,2851.5,real,95.0,forward_filled_monthly,82.762,real,744.5,475.0,real,57.09120870967956,40.623188013114046,43.54675908828737,1819.0,1818.0,1408.0,1840.0,1801.3666666666666,2071.0,2094.0,1079.0,2146.5714285714284,2078.733333333333,2144.0,2088.0,2074.0,2126.714285714286,2096.7,1678.0,1696.0,1484.0,1678.2857142857142,1653.3666666666666,961.0,1020.0,884.0,979.4285714285714,980.7666666666668,94.86,95.4,101.43,95.00857142857144,97.07333333333334,2741.5,2741.5,2128.5,2757.214285714286,2549.4,82.542,82.192,79.602,82.572,81.55493333333334,740.0,761.0,765.5,750.2142857142857,743.4333333333333,480.5,478.0,502.0,475.4285714285714,480.45,95.0,95.0,99.5,95.0,96.95,10,0.0,0.0,1.0,0.0,166.0,4,43,297,0,0,0,0.0,166.0,20.0003543874146,20.0003543874146,0.0,0.0,0.0,none,0.0,Panamax / Kamsarmax Bulk,13.8,10424.1,31.47,71106.2,222.13,32.2,13.11,6.5,1.012,Chennai,Richards Bay (ZA),Lump Iron Ore,391.8,92.6,84.5,1.2,10.5,9.3,4.17,3.5,11.67,5.18,3.26,5.94,65417.704,20.274590919300607
2022-10-25,1755.0,real,1955.0,real,2073.0,real,1658.0,real,953.0,real,0.0255718670492457,0.9278098254762096,0.1003134796238245,31.446154398228813,94.61,real,2839.5,real,95.0,forward_filled_monthly,82.523,real,742.5,468.5,real,57.57465479722443,39.735551521391606,38.867692638937285,1797.0,1838.0,1595.0,1828.142857142857,1806.7,2036.0,2166.0,1565.0,2116.428571428572,2091.733333333333,2113.0,2081.0,2145.0,2125.5714285714284,2094.3,1670.0,1690.0,1505.0,1673.7142857142858,1658.4666666666667,959.0,1012.0,893.0,971.0,982.7666666666668,94.51,95.93,100.43,94.82,96.87933333333332,2851.5,2741.5,2128.5,2771.214285714286,2573.1,82.762,82.367,79.459,82.5942857142857,81.65706666666667,744.5,760.5,755.0,747.6428571428571,743.0166666666667,475.0,481.0,498.0,473.6428571428572,479.4666666666666,95.0,95.0,99.5,95.0,96.8,10,1.0,0.0,1.0,0.0,167.0,4,43,298,0,0,0,0.0,167.0,20.00032995693133,20.00032995693133,0.0,0.0,0.0,none,0.0,Feeder Container,16.7,6871.4,17.14,43036.4,208.93,25.08,10.37,10.5,1.044,V.O. Chidambaranar (Tuticorin),Port Hedland (AU),Thermal Coal,391.8,92.6,84.5,1.2,10.5,9.3,4.17,3.5,11.67,5.18,3.26,5.94,39593.488000000005,16.40328052866835
2022-10-27,1612.0,real,1748.0,real,1900.0,real,1572.0,real,922.0,real,0.0201798837288832,0.9430315617763684,0.0379909851899549,28.684135344882225,92.81,real,3260.0,real,95.0,forward_filled_monthly,82.393,real,746.0,474.5,real,66.768337736618,36.713360609098544,37.21048120692933,1706.0,1875.0,1553.0,1771.0,1811.8,1885.0,2247.0,1519.0,2002.142857142857,2107.633333333333,2007.0,2136.0,1990.0,2080.285714285714,2088.5333333333333,1632.0,1678.0,1551.0,1652.0,1662.6,940.0,990.0,905.0,953.2857142857144,984.6666666666666,93.56,95.21,99.26,94.28142857142858,96.43666666666668,2839.5,2741.5,2158.0,2859.285714285714,2633.4166666666665,81.929,82.298,79.699,82.57071428571429,81.8162,740.0,753.0,740.0,744.5,742.8333333333334,471.5,470.0,491.5,474.3571428571428,478.0833333333333,95.0,95.0,99.5,95.0,96.5,10,3.0,0.0,1.0,0.0,169.0,4,43,300,0,0,0,0.0,169.0,20.00028603237164,20.00028603237164,0.0,0.0,0.0,none,0.0,Capesize Bulk,13.9,9482.8,28.43,186262.8,275.96,46.46,17.86,3.3,1.0,Chennai,Muara Pantai (ID),Coking Coal,391.8,92.6,84.5,1.2,10.5,9.3,4.17,3.5,11.67,5.18,3.26,5.94,171361.77599999998,10.29639509266524
2022-10-30,1534.0,real,1670.0,real,1817.0,real,1483.0,real,897.0,real,0.0186902593057726,0.94723681776617,-0.0122343850611719,26.458238726732592,93.01,real,3260.0,real,95.0,forward_filled_monthly,82.268,real,748.5,479.0,real,66.94839725464895,35.06489283875688,35.87494323603956,1612.0,1871.0,1553.0,1722.857142857143,1811.1666666666667,1748.0,2209.0,1519.0,1925.142857142857,2112.6666666666665,1900.0,2164.0,1990.0,2030.7142857142856,2082.766666666667,1572.0,1678.0,1551.0,1624.142857142857,1660.3333333333333,922.0,972.0,905.0,942.5714285714286,984.4,92.81,94.86,98.99,94.01714285714286,96.23733333333332,3260.0,2741.5,2162.5,2933.3571428571427,2670.0,82.393,83.021,79.713,82.46314285714287,81.90136666666666,746.0,747.0,736.5,744.7142857142857,743.2333333333333,474.5,470.0,486.0,475.6428571428572,477.85,95.0,95.0,99.5,95.0,96.35,10,0.0,0.0,0.0,0.0,170.0,4,43,303,0,0,0,0.0,170.0,0.0,0.0,0.0,0.0,0.0,none,0.0,Panamax / Kamsarmax Bulk,12.7,2692.6,8.83,66574.0,225.27,32.24,13.68,6.6,1.013,Chennai,Muara Pantai (ID),Iron Ore Fines,391.8,92.6,84.5,1.2,10.5,9.3,4.17,3.5,11.67,5.18,3.26,5.94,61248.08,6.024181329588813
2022-11-06,1323.0,real,1343.0,real,1700.0,real,1268.0,real,836.0,real,0.0660815678457131,0.813449682559317,-0.2702702702702703,15.022559878047698,85.16,real,3080.0,real,98.8,forward_filled_monthly,81.982,real,741.5,484.5,real,48.577773938393726,36.45173002411467,29.01353592682862,1290.0,1706.0,1813.0,1417.142857142857,1742.8333333333333,1225.0,1885.0,2195.0,1459.857142857143,1994.5333333333333,1699.0,2007.0,1992.0,1748.571428571429,2032.5666666666664,1287.0,1632.0,1657.0,1395.428571428571,1613.0666666666666,841.0,940.0,974.0,871.5714285714286,968.9,83.37,93.56,99.01,86.98714285714287,93.86766666666668,3080.0,2839.5,2395.5,3162.6428571428573,2811.3,82.738,81.929,81.625,82.50857142857144,82.20976666666667,731.5,740.0,716.5,739.4285714285714,743.3333333333334,482.5,471.5,470.5,478.7857142857143,477.8,98.8,95.0,99.5,97.17142857142858,96.10666666666664,11,0.0,0.0,0.0,0.0,177.0,4,44,310,0,0,0,0.0,177.0,0.0,0.0,0.0,0.0,0.0,none,0.0,Capesize Bulk,14.0,8270.0,24.61,201699.9,287.31,49.23,17.49,2.8,1.0,V.O. Chidambaranar (Tuticorin),Richards Bay (ZA),Lump Iron Ore,353.8,92.7,74.5,-6.6,10.4,9.5,4.36,3.68,11.35,4.79,3.27,6.33,185563.908,7.857140851623473
2022-11-09,1393.0,real,1637.0,real,1641.0,real,1232.0,real,803.0,real,0.0852685047182471,0.7592843641358414,-0.2071713147410359,17.818990268088392,87.51,real,3080.0,real,98.8,forward_filled_monthly,81.355,real,738.0,489.5,real,51.13444283315385,37.93112417698539,30.69139416085304,1356.0,1463.0,1757.0,1342.428571428571,1700.2666666666669,1493.0,1559.0,1954.0,1396.571428571429,1938.3,1669.0,1745.0,2063.0,1683.428571428571,1996.6666666666667,1241.0,1437.0,1674.0,1285.7142857142858,1569.7,818.0,883.0,1000.0,835.1428571428571,951.3,85.33,92.43,98.42,84.37714285714286,92.67866666666669,3080.0,3298.5,2385.0,3080.0,2883.8166666666666,81.38,82.78,81.489,82.09799999999998,82.20710000000001,747.0,739.5,721.5,739.0714285714286,746.5333333333333,498.0,471.5,470.0,487.07142857142856,480.4666666666666,98.8,95.0,99.5,98.8,96.03666666666666,11,2.0,0.0,1.0,0.0,182.0,4,45,313,0,0,0,0.0,182.0,20.000113016470348,20.000113016470348,0.0,0.0,0.0,none,0.0,Supramax / Ultramax Bulk,14.6,8283.2,23.64,55744.3,192.06,32.01,11.88,6.9,1.015,Syama Prasad Mookerjee (Kolkata & Haldia),Port Hedland (AU),Coking Coal,353.8,92.7,74.5,-6.6,10.4,9.5,4.36,3.68,11.35,4.79,3.27,6.33,51284.75600000001,15.674276385035892
2022-11-12,1355.0,real,1544.0,real,1637.0,real,1213.0,real,787.0,real,0.0654132978728259,0.8153362294383084,-0.2301136363636363,16.802228502930436,90.79,real,3080.0,real,98.8,forward_filled_monthly,80.505,real,738.0,497.0,real,44.53253686633976,37.12802449399842,30.081337101758265,1390.0,1321.0,1760.0,1349.142857142857,1674.4333333333334,1652.0,1286.0,1955.0,1471.142857142857,1914.5,1619.0,1683.0,2082.0,1665.857142857143,1966.4,1227.0,1332.0,1663.0,1245.571428571429,1540.1666666666667,797.0,855.0,1009.0,815.4285714285714,936.8333333333334,88.19,82.1,98.31,86.78428571428572,92.09066666666668,3080.0,3080.0,2741.5,3080.0,2906.383333333333,80.64,82.739,81.522,81.49028571428572,82.14380000000001,729.0,733.5,725.0,738.7857142857143,747.1,487.5,481.5,460.5,490.6428571428572,482.5833333333333,98.8,98.8,95.0,98.8,96.14,11,0.0,0.0,0.0,0.0,184.0,4,45,316,0,0,0,0.0,184.0,0.0,0.0,0.0,0.0,0.0,none,0.0,Supramax / Ultramax Bulk,13.9,5252.9,15.75,63837.2,191.98,32.02,12.02,8.5,1.028,Kamarajar (Ennore),Richards Bay (ZA),Iron Ore Fines,353.8,92.7,74.5,-6.6,10.4,9.5,4.36,3.68,11.35,4.79,3.27,6.33,58730.224,9.660985616665108
2022-11-16,1288.0,real,1333.0,real,1688.0,real,1180.0,real,768.0,real,0.0644771831648841,0.8179789103192336,-0.3547094188376753,11.280371133676931,92.34,real,2772.0,real,98.8,forward_filled_monthly,81.495,real,724.5,500.0,real,41.88267162595445,35.7120329476793,26.76822268020616,1300.0,1337.0,1996.0,1343.857142857143,1616.5666666666666,1371.0,1404.0,2553.0,1496.571428571429,1824.9,1681.0,1696.0,2205.0,1657.428571428571,1921.0333333333333,1186.0,1251.0,1676.0,1210.857142857143,1492.0333333333333,772.0,826.0,1024.0,789.2857142857143,912.4,92.29,87.14,95.26,89.79142857142858,91.825,2680.0,3080.0,2741.5,2978.8571428571427,2916.633333333333,81.091,81.832,81.649,81.06542857142857,82.1085,718.0,746.5,744.5,733.2142857142857,746.6166666666667,495.0,495.5,481.0,495.2857142857143,485.03333333333336,98.8,98.8,95.0,98.8,96.52,11,2.0,0.0,1.0,0.0,189.0,4,46,320,0,0,0,0.0,189.0,20.00006854795432,20.00006854795432,0.0,0.0,0.0,none,0.0,Feeder Container,17.5,2850.1,6.79,39533.0,188.91,26.06,10.93,10.2,1.042,Visakhapatnam,Richards Bay (ZA),Pellets,353.8,92.7,74.5,-6.6,10.4,9.5,4.36,3.68,11.35,4.79,3.27,6.33,36370.36,6.595307182200176
2022-11-18,1189.0,real,1122.0,real,1594.0,real,1170.0,real,763.0,real,0.0362338935365612,0.897710593714433,-0.393676695563488,9.553412645390996,92.89,real,2720.5,real,98.8,forward_filled_monthly,81.645,real,692.5,489.0,real,41.00956429844884,33.61974693147641,25.7320475872346,1228.0,1393.0,1961.0,1296.428571428571,1565.3666666666666,1188.0,1637.0,2396.0,1379.428571428571,1738.5,1650.0,1641.0,2235.0,1648.0,1880.2666666666669,1175.0,1232.0,1706.0,1192.571428571429,1457.0,763.0,803.0,1033.0,775.7142857142857,894.5666666666667,93.09,87.51,95.62,91.66857142857144,91.655,2802.0,3080.0,2741.5,2887.785714285714,2917.95,81.54,81.355,82.833,81.12971428571429,82.05063333333334,708.0,738.0,768.5,721.1428571428571,742.4333333333333,493.5,489.5,498.0,494.57142857142856,484.78333333333336,98.8,98.8,95.0,98.8,96.77333333333333,11,4.0,0.0,1.0,0.0,191.0,4,46,322,0,0,0,0.0,191.0,20.00005942270668,20.00005942270668,0.0,0.0,0.0,none,0.0,Supramax / Ultramax Bulk,13.6,5181.9,15.88,58839.3,191.4,32.16,11.85,7.1,1.017,Visakhapatnam,Newcastle (AU),Iron Ore Fines,353.8,92.7,74.5,-6.6,10.4,9.5,4.36,3.68,11.35,4.79,3.27,6.33,54132.156,9.780756908846897
2022-11-19,1189.0,real,1122.0,real,1594.0,real,1170.0,real,763.0,real,0.0362338935365612,0.897710593714433,-0.393676695563488,9.553412645390996,92.89,real,2720.5,real,98.8,forward_filled_monthly,81.645,real,692.5,489.0,real,41.00956429844884,33.61974693147641,25.7320475872346,1228.0,1393.0,1961.0,1296.428571428571,1565.3666666666666,1188.0,1637.0,2396.0,1379.428571428571,1738.5,1650.0,1641.0,2235.0,1648.0,1880.2666666666669,1175.0,1232.0,1706.0,1192.571428571429,1457.0,763.0,803.0,1033.0,775.7142857142857,894.5666666666667,93.09,87.51,95.62,91.66857142857144,91.655,2802.0,3080.0,2741.5,2887.785714285714,2917.95,81.54,81.355,82.833,81.12971428571429,82.05063333333334,708.0,738.0,768.5,721.1428571428571,742.4333333333333,493.5,489.5,498.0,494.57142857142856,484.78333333333336,98.8,98.8,95.0,98.8,96.77333333333333,11,0.0,0.0,0.0,0.0,191.0,4,46,323,0,0,0,0.0,191.0,0.0,0.0,0.0,0.0,0.0,none,0.0,Supramax / Ultramax Bulk,13.6,11760.4,36.03,58830.8,191.83,32.14,13.02,8.7,1.03,Visakhapatnam,Hay Point (AU),Iron Ore Fines,353.8,92.7,74.5,-6.6,10.4,9.5,4.36,3.68,11.35,4.79,3.27,6.33,54124.336,21.533752928575787
2022-11-21,1177.0,real,1129.0,real,1549.0,real,1164.0,real,757.0,real,0.0354196786351055,0.9000091476574348,-0.3945473251028807,9.514827935358884,91.54,real,2775.0,real,98.8,forward_filled_monthly,81.728,real,687.5,484.0,real,39.698770363814575,33.36613650527,25.70889676121533,1189.0,1390.0,1944.0,1266.0,1539.8,1122.0,1652.0,2341.0,1304.7142857142858,1698.1,1594.0,1619.0,2228.0,1638.0,1857.6333333333328,1170.0,1227.0,1714.0,1183.571428571429,1438.6666666666667,763.0,797.0,1034.0,770.0,885.3333333333334,92.89,88.19,97.35,92.14714285714284,91.46133333333331,2720.5,3080.0,2741.5,2844.214285714286,2919.0666666666666,81.645,80.64,82.385,81.28514285714286,82.02873333333334,692.5,729.0,786.5,715.2142857142857,739.1333333333333,489.0,487.5,514.0,494.07142857142856,483.78333333333336,98.8,98.8,95.0,98.8,96.9,11,0.0,0.0,1.0,0.0,194.0,4,47,325,0,0,0,0.0,194.0,20.00004796112113,20.00004796112113,0.0,0.0,0.0,none,0.0,Aframax / Suezmax Tanker,14.9,2776.8,7.77,116316.7,250.56,44.3,16.56,11.5,1.052,Paradip,Newcastle (AU),Lump Iron Ore,353.8,92.7,74.5,-6.6,10.4,9.5,4.36,3.68,11.35,4.79,3.27,6.33,107011.364,3.1910589821969744
2022-11-23,1184.0,real,1219.0,real,1464.0,real,1163.0,real,752.0,real,0.0702631443564051,0.8016449622582882,-0.3678590496529631,10.697603528076083,91.94,real,2940.5,real,98.8,forward_filled_monthly,81.633,real,693.5,485.0,real,44.2712243415209,33.51407592055708,26.418562116845653,1149.0,1325.0,1873.0,1216.428571428571,1491.6666666666667,1092.0,1446.0,2199.0,1207.7142857142858,1626.9666666666667,1496.0,1667.0,2147.0,1588.857142857143,1811.5333333333333,1160.0,1197.0,1708.0,1171.142857142857,1402.0333333333333,753.0,780.0,1024.0,761.1428571428571,866.9666666666667,91.45,92.09,96.13,92.22,91.13766666666668,2929.5,3080.0,2741.5,2802.785714285714,2931.9666666666667,81.719,80.992,82.177,81.55014285714286,81.9921,689.0,738.0,763.0,701.8571428571429,734.0166666666667,482.5,500.0,489.5,489.8571428571428,483.1333333333333,98.8,98.8,95.0,98.8,97.15333333333334,11,2.0,0.0,1.0,0.0,196.0,4,47,327,0,0,0,0.0,196.0,20.000041576435954,20.000041576435954,0.0,0.0,0.0,none,0.0,Supramax / Ultramax Bulk,13.9,7392.6,22.16,50908.6,191.99,32.07,12.44,8.6,1.029,Visakhapatnam,Port Hedland (AU),Thermal Coal,353.8,92.7,74.5,-6.6,10.4,9.5,4.36,3.68,11.35,4.79,3.27,6.33,46835.912,15.027384627339908
2022-11-24,1242.0,real,1384.0,real,1466.0,real,1174.0,real,747.0,real,0.0898990760376059,0.7462121175515142,-0.3168316831683168,12.95904315357507,91.94,forward_filled,3000.0,real,98.8,forward_filled_monthly,81.642,real,678.0,470.5,real,46.033548376649016,34.739859647221394,27.77542589214504,1184.0,1300.0,1818.0,1208.142857142857,1472.4666666666667,1219.0,1371.0,2094.0,1209.571428571429,1603.3,1464.0,1681.0,2088.0,1558.142857142857,1790.8,1163.0,1186.0,1696.0,1169.428571428571,1384.6333333333334,752.0,772.0,1020.0,757.5714285714286,857.8666666666667,91.94,92.29,95.4,92.17,91.02233333333334,2940.5,2680.0,2741.5,2848.5,2940.583333333333,81.633,81.091,82.192,81.62885714285713,81.97376666666666,693.5,718.0,761.0,696.1428571428571,731.25,485.0,495.0,478.0,486.3571428571428,482.8833333333333,98.8,98.8,95.0,98.8,97.28,11,3.0,0.0,1.0,0.0,197.0,4,47,328,0,0,0,0.0,197.0,20.00003871027203,20.00003871027203,0.0,0.0,0.0,none,0.0,Panamax / Kamsarmax Bulk,13.0,4624.5,14.82,73946.1,229.66,32.24,13.02,4.5,1.0,Syama Prasad Mookerjee (Kolkata & Haldia),Hay Point (AU),Pellets,353.8,92.7,74.5,-6.6,10.4,9.5,4.36,3.68,11.35,4.79,3.27,6.33,68030.41200000001,7.788516274033443
2022-11-27,1324.0,real,1613.0,real,1479.0,real,1182.0,real,745.0,real,0.1064142642208596,0.6995892286186747,-0.279651795429815,14.606787828557476,92.74,real,3194.0,real,98.8,forward_filled_monthly,81.713,real,686.0,477.0,real,50.16791458183062,36.472864226298526,28.764072697134488,1242.0,1288.0,1838.0,1213.2857142857142,1455.3333333333333,1384.0,1333.0,2166.0,1249.571428571429,1584.8666666666666,1466.0,1688.0,2081.0,1528.2857142857142,1770.7333333333331,1174.0,1180.0,1690.0,1169.7142857142858,1367.7,747.0,768.0,1012.0,754.2857142857143,848.9666666666667,91.94,92.34,95.93,92.22714285714288,90.916,3000.0,2772.0,2741.5,2908.785714285714,2955.6666666666665,81.642,81.495,82.367,81.66,81.95196666666668,678.0,724.5,760.5,690.6428571428571,728.7666666666667,470.5,500.0,481.0,483.07142857142856,482.75,98.8,98.8,95.0,98.8,97.40666666666668,11,0.0,0.0,0.0,0.0,198.0,4,47,331,0,0,0,0.0,198.0,0.0,0.0,0.0,0.0,0.0,none,0.0,Panamax / Kamsarmax Bulk,13.5,6918.3,21.35,72429.3,221.95,32.25,13.98,5.9,1.007,Paradip,Muara Pantai (ID),Iron Ore Fines,353.8,92.7,74.5,-6.6,10.4,9.5,4.36,3.68,11.35,4.79,3.27,6.33,66634.956,11.316367855409434
2022-11-29,1327.0,real,1589.0,real,1524.0,real,1177.0,real,745.0,real,0.0851437729708866,0.7596364857307673,-0.2922666666666667,14.047719790151705,92.9,real,3096.0,real,98.8,forward_filled_monthly,81.626,real,676.0,459.0,real,48.89228821308005,36.53626683285013,28.42863187409102,1347.0,1189.0,1875.0,1250.0,1420.5333333333333,1669.0,1122.0,2247.0,1385.0,1545.7,1496.0,1594.0,2136.0,1496.2857142857142,1730.6,1180.0,1170.0,1678.0,1171.428571428571,1334.4,746.0,763.0,990.0,749.2857142857143,832.4666666666667,93.04,92.89,95.21,92.22142857142856,90.776,3096.0,2720.5,2741.5,3004.428571428572,2979.3,81.65,81.645,82.298,81.673,81.91159999999999,670.0,692.5,753.0,682.8571428571429,723.3666666666667,462.5,489.0,470.0,474.3571428571428,482.1,98.8,98.8,95.0,98.8,97.66,11,1.0,0.0,1.0,0.0,202.0,4,48,333,0,0,0,0.0,202.0,20.00002708451425,20.00002708451425,0.0,0.0,0.0,none,0.0,Feeder Container,18.7,6913.0,15.4,29424.7,190.16,25.57,10.55,9.3,1.034,Visakhapatnam,Hay Point (AU),Pellets,353.8,92.7,74.5,-6.6,10.4,9.5,4.36,3.68,11.35,4.79,3.27,6.33,27070.724,17.14660010847083
2022-11-30,1355.0,real,1643.0,real,1568.0,real,1172.0,real,744.0,real,0.0831778395695692,0.76518637675241,-0.2757883484767504,14.7780087367206,93.25,real,3332.0,real,98.8,forward_filled_monthly,81.374,real,680.5,460.5,real,54.20175382604469,37.12802449399842,28.86680524203236,1327.0,1177.0,1871.0,1275.428571428571,1403.3333333333333,1589.0,1129.0,2209.0,1458.428571428571,1526.8333333333333,1524.0,1549.0,2164.0,1499.0,1710.7333333333331,1177.0,1164.0,1678.0,1172.571428571429,1317.5333333333333,745.0,757.0,972.0,747.4285714285714,824.8666666666667,92.9,91.54,94.86,92.46571428571428,90.72233333333334,3096.0,2775.0,2741.5,3084.0,2998.983333333333,81.626,81.728,83.021,81.62242857142857,81.8567,676.0,687.5,747.0,681.8571428571429,721.15,459.0,484.0,470.0,471.0,481.78333333333336,98.8,98.8,95.0,98.8,97.78666666666666,11,2.0,0.0,1.0,0.0,203.0,4,48,334,0,0,0,0.0,203.0,20.00002521738313,20.00002521738313,0.0,0.0,0.0,none,0.0,Panamax / Kamsarmax Bulk,13.3,6784.9,21.26,66539.4,226.71,32.28,12.99,4.9,1.0,Kamarajar (Ennore),Muara Pantai (ID),Thermal Coal,353.8,92.7,74.5,-6.6,10.4,9.5,4.36,3.68,11.35,4.79,3.27,6.33,61216.248,12.162839387810898
2022-12-01,1338.0,real,1570.0,real,1602.0,real,1165.0,real,742.0,real,0.0853828892743116,0.7589614529831585,-0.2716385410996189,14.96192061552894,103.1,real,3332.0,real,90.8,real,81.13,real,686.5,453.0,real,62.31818486971916,24.46105074918037,28.977152369317363,1355.0,1149.0,1837.0,1302.428571428571,1386.7,1643.0,1092.0,2111.0,1526.7142857142858,1508.8,1568.0,1496.0,2161.0,1514.142857142857,1692.1,1172.0,1160.0,1676.0,1173.2857142857142,1300.5,744.0,753.0,966.0,745.8571428571429,817.4,93.25,91.45,94.76,94.13,91.00033333333332,3332.0,2929.5,2741.5,3141.5,3018.6666666666665,81.374,81.719,82.825,81.5382857142857,81.80019999999999,680.5,689.0,751.5,681.5,718.9833333333333,460.5,482.5,480.5,466.7857142857143,480.8666666666667,98.8,98.8,95.0,97.65714285714286,97.64666666666668,12,3.0,0.0,1.0,0.0,204.0,4,48,335,0,1,0,0.0,204.0,20.00002347896683,20.00002347896683,0.0,0.0,0.0,none,0.0,Panamax / Kamsarmax Bulk,12.6,5298.5,17.52,68866.8,229.51,32.24,13.43,5.1,1.001,V.O. Chidambaranar (Tuticorin),Muara Pantai (ID),Iron Ore Fines,379.3,111.7,77.9,-9.6,10.6,9.8,4.02,3.45,11.74,4.83,3.2,6.72,63357.456000000006,10.007037576520318
2022-12-04,1324.0,real,1519.0,real,1618.0,real,1162.0,real,741.0,real,0.0864429253178758,0.7559689383248023,-0.2721275426058274,14.940248962468004,107.44,real,2840.0,real,90.8,forward_filled_monthly,81.438,real,685.5,457.0,real,55.87264996043197,24.165171918606223,28.964149377480805,1338.0,1184.0,1819.0,1322.428571428571,1370.2,1570.0,1219.0,2071.0,1569.571428571429,1490.4,1602.0,1464.0,2144.0,1536.142857142857,1674.5666666666666,1165.0,1163.0,1678.0,1173.142857142857,1283.3,742.0,752.0,961.0,744.2857142857143,810.0666666666667,103.1,91.94,94.86,96.34428571428572,91.41966666666669,3332.0,2940.5,2741.5,3127.1428571428573,3021.95,81.13,81.633,82.542,81.51042857142856,81.7634,686.5,693.5,740.0,680.3571428571429,717.1666666666666,453.0,485.0,480.5,462.7857142857143,480.0833333333333,90.8,98.8,95.0,96.51428571428572,97.50666666666666,12,0.0,0.0,0.0,0.0,205.0,4,48,338,0,1,0,0.0,205.0,0.0,0.0,0.0,0.0,0.0,none,0.0,Capesize Bulk,14.5,6674.7,19.18,186035.7,285.47,49.44,17.24,2.1,1.0,Syama Prasad Mookerjee (Kolkata & Haldia),Newcastle (AU),Iron Ore Fines,379.3,111.7,77.9,-9.6,10.6,9.8,4.02,3.45,11.74,4.83,3.2,6.72,171152.844,6.342833449700666
2022-12-05,1323.0,real,1502.0,real,1638.0,real,1158.0,real,737.0,real,0.0750718356416766,0.7880698774806979,-0.2637729549248747,15.310509019727608,107.68,real,2420.0,real,90.8,forward_filled_monthly,81.9,real,684.5,456.5,real,46.069855014155735,24.14403771642236,29.186305411836564,1324.0,1242.0,1797.0,1334.0,1354.4,1519.0,1384.0,2036.0,1586.428571428571,1472.6,1618.0,1466.0,2113.0,1560.7142857142858,1658.7333333333331,1162.0,1174.0,1670.0,1170.857142857143,1266.2333333333331,741.0,747.0,959.0,742.8571428571429,802.6666666666666,107.44,91.94,94.51,98.59285714285714,91.85866666666666,2840.0,3000.0,2851.5,3044.285714285714,3007.5666666666666,81.438,81.642,82.762,81.54728571428572,81.73466666666667,685.5,678.0,744.5,681.2857142857143,715.1666666666666,457.0,470.5,475.0,460.7857142857143,479.4666666666666,90.8,98.8,95.0,95.37142857142857,97.36666666666666,12,0.0,0.0,1.0,0.0,208.0,4,49,339,0,1,0,0.0,208.0,20.00001764391044,20.00001764391044,0.0,0.0,0.0,none,0.0,Supramax / Ultramax Bulk,13.2,3247.0,10.25,60548.7,186.99,32.16,12.59,7.0,1.016,Paradip,Newcastle (AU),Pellets,379.3,111.7,77.9,-9.6,10.6,9.8,4.02,3.45,11.74,4.83,3.2,6.72,55704.804,6.33479223354632
2022-12-08,1385.0,real,1675.0,real,1661.0,real,1153.0,real,733.0,real,0.0384793812169401,0.8913715122846179,-0.140818858560794,20.759609860916747,109.49,real,2420.0,real,90.8,forward_filled_monthly,82.29,real,635.0,436.0,real,43.328162769209136,25.454358251822143,32.45576591655005,1373.0,1327.0,1612.0,1348.2857142857142,1321.9,1635.0,1589.0,1748.0,1583.428571428571,1448.0,1659.0,1524.0,1900.0,1629.0,1625.3,1158.0,1177.0,1572.0,1160.857142857143,1219.8,735.0,745.0,922.0,737.7142857142857,782.1666666666666,107.09,92.9,92.81,105.22,93.32833333333332,2420.0,3096.0,3260.0,2740.5714285714284,2951.6,82.217,81.626,82.393,81.83414285714287,81.73973333333333,648.5,676.0,746.0,670.0,705.9833333333333,436.0,459.0,474.5,449.4285714285714,476.28333333333336,90.8,98.8,95.0,91.94285714285714,96.94666666666669,12,3.0,0.0,1.0,0.0,211.0,4,49,342,0,1,0,0.0,211.0,20.00001424071324,20.00001424071324,0.0,0.0,0.0,none,0.0,Panamax / Kamsarmax Bulk,12.6,9559.9,31.61,81656.6,229.06,32.2,13.85,6.6,1.013,Visakhapatnam,Muara Pantai (ID),Lump Iron Ore,379.3,111.7,77.9,-9.6,10.6,9.8,4.02,3.45,11.74,4.83,3.2,6.72,75124.07200000001,15.236217798138336
2022-12-11,1386.0,real,1683.0,real,1659.0,real,1152.0,real,732.0,real,0.0367615050235269,0.896221130107749,-0.0964797913950455,22.72463628407058,110.48,real,2420.0,real,90.8,forward_filled_monthly,82.42,real,633.0,441.5,real,43.954942415778575,25.47549245400601,33.634781770442345,1385.0,1355.0,1534.0,1352.7142857142858,1316.9666666666667,1675.0,1643.0,1670.0,1589.142857142857,1448.4333333333334,1661.0,1568.0,1817.0,1642.0,1620.0333333333333,1153.0,1172.0,1483.0,1158.0,1208.7666666666669,733.0,744.0,897.0,736.0,776.6666666666666,109.49,93.25,93.01,107.68142857142855,93.91066666666669,2420.0,3332.0,3260.0,2610.285714285714,2923.6,82.29,81.374,82.268,81.98357142857142,81.7448,635.0,680.5,748.5,663.2142857142857,702.1333333333333,436.0,460.5,479.0,446.7142857142857,475.03333333333336,90.8,98.8,95.0,90.8,96.80666666666666,12,0.0,0.0,0.0,0.0,212.0,4,49,345,0,1,0,0.0,0.0,0.0,0.0,0.0,0.0,0.0,none,0.0,Capesize Bulk,12.6,5063.7,16.75,207084.2,288.05,48.73,18.21,1.2,1.0,Paradip,Hay Point (AU),Thermal Coal,379.3,111.7,77.9,-9.6,10.6,9.8,4.02,3.45,11.74,4.83,3.2,6.72,190517.464,5.173025898087747
2022-12-12,1361.0,real,1619.0,real,1643.0,real,1153.0,real,729.0,real,0.0354097691269851,0.9000371225064856,-0.0697197539302802,23.910592238134296,109.47,real,2420.0,real,90.8,forward_filled_monthly,82.647,real,631.0,434.0,real,43.208721544882856,24.94713739940932,34.34635534288058,1386.0,1338.0,1463.0,1356.0,1313.5666666666666,1683.0,1570.0,1559.0,1596.142857142857,1450.4333333333334,1659.0,1602.0,1745.0,1647.857142857143,1616.6333333333334,1152.0,1165.0,1437.0,1156.2857142857142,1199.3,732.0,742.0,883.0,734.1428571428571,771.5333333333333,110.48,103.1,92.43,108.59142857142857,94.47866666666664,2420.0,3332.0,3298.5,2480.0,2894.3166666666666,82.42,81.13,82.78,82.20028571428573,81.74036666666666,633.0,686.5,739.5,655.2857142857143,698.5166666666667,441.5,453.0,471.5,444.0,473.78333333333336,90.8,90.8,95.0,90.8,96.66666666666669,12,0.0,0.0,1.0,0.0,215.0,4,50,346,0,1,0,0.0,3.0,60.35588735026946,60.35588735026946,1.0,1.0,0.0,none,0.0,Capesize Bulk,13.8,11841.1,35.75,160115.9,287.42,48.0,18.29,3.9,1.0,Syama Prasad Mookerjee (Kolkata & Haldia),Hay Point (AU),Iron Ore Fines,379.3,111.7,77.9,-9.6,10.6,9.8,4.02,3.45,11.74,4.83,3.2,6.72,147306.628,12.35009788721116
2022-12-14,1401.0,real,1723.0,real,1643.0,real,1170.0,real,719.0,real,0.039812825106309,0.8876071587899809,0.060560181680545,29.6843608861092,109.26,real,2472.5,real,90.8,forward_filled_monthly,82.496,real,639.5,445.0,real,58.340855628153946,25.79250548676403,37.81061653166552,1357.0,1323.0,1321.0,1371.857142857143,1315.5666666666666,1601.0,1502.0,1286.0,1639.428571428571,1472.1,1633.0,1638.0,1683.0,1650.7142857142858,1613.2,1167.0,1158.0,1332.0,1158.7142857142858,1186.5,726.0,737.0,855.0,729.4285714285714,762.3,109.23,107.68,82.1,109.07285714285716,96.35733333333334,2610.0,2420.0,3080.0,2454.6428571428573,2858.4,82.403,81.9,82.739,82.42328571428573,81.72370000000001,636.0,684.5,733.5,641.7857142857143,692.0666666666667,446.0,456.5,481.5,440.7857142857143,471.5,90.8,90.8,98.8,90.8,96.13333333333334,12,2.0,0.0,1.0,0.0,217.0,4,50,348,0,1,0,0.0,5.0,54.98362686875652,54.98362686875652,1.0,1.0,0.0,none,0.0,Panamax / Kamsarmax Bulk,14.2,11832.1,34.72,65382.9,227.79,32.26,13.9,4.9,1.0,Kamarajar (Ennore),Tubarao (BR),Pellets,379.3,111.7,77.9,-9.6,10.6,9.8,4.02,3.45,11.74,4.83,3.2,6.72,60152.268,19.48058383160548
2022-12-15,1528.0,real,2095.0,real,1658.0,real,1167.0,real,713.0,real,0.0841538272051362,0.7624311333589981,0.1844961240310076,35.176975347002966,110.5,real,2390.5,real,90.8,forward_filled_monthly,82.862,real,642.5,448.5,real,56.45566797715525,28.476549164115205,41.10618520820178,1401.0,1340.0,1290.0,1398.7142857142858,1323.5,1723.0,1540.0,1225.0,1718.7142857142858,1501.1,1643.0,1657.0,1699.0,1650.857142857143,1611.8333333333333,1170.0,1158.0,1287.0,1160.0,1182.5,719.0,732.0,841.0,726.7142857142857,758.0333333333333,109.26,108.49,83.37,109.36,97.26166666666668,2472.5,2420.0,3080.0,2450.428571428572,2835.4166666666665,82.496,82.49,82.738,82.47642857142857,81.72783333333332,639.5,669.5,731.5,637.9285714285714,689.1,445.0,447.0,482.5,441.0,470.3666666666667,90.8,90.8,98.8,90.8,95.86666666666666,12,3.0,0.0,1.0,0.0,218.0,4,50,349,0,1,0,0.0,6.0,52.57195287655278,52.57195287655278,1.0,1.0,1.0,rate_shock,0.0,Panamax / Kamsarmax Bulk,13.4,2858.5,8.89,83084.9,223.75,32.25,12.6,5.1,1.001,Kamarajar (Ennore),Newcastle (AU),Thermal Coal,379.3,111.7,77.9,-9.6,10.6,9.8,4.02,3.45,11.74,4.83,3.2,6.72,76438.108,4.558299996714839
2022-12-17,1560.0,real,2208.0,real,1652.0,real,1157.0,real,705.0,real,0.0839899131018906,0.7628938679609504,0.1791383219954647,34.93952735265268,110.27,real,2417.0,real,90.8,forward_filled_monthly,82.733,real,640.0,441.0,real,54.567377462989775,29.15284363399897,40.96371641159161,1528.0,1373.0,1323.0,1425.428571428571,1331.4,2095.0,1635.0,1343.0,1800.571428571429,1529.9333333333334,1658.0,1659.0,1700.0,1649.857142857143,1610.2333333333331,1167.0,1158.0,1268.0,1159.857142857143,1178.8,713.0,735.0,836.0,722.4285714285714,753.6666666666666,110.5,107.09,85.16,109.8142857142857,98.09866666666667,2390.5,2420.0,3080.0,2450.0,2813.3166666666666,82.862,82.217,81.982,82.55014285714286,81.75286666666666,642.5,648.5,741.5,636.7142857142857,685.7166666666667,448.5,436.0,484.5,441.7142857142857,468.9166666666667,90.8,90.8,98.8,90.8,95.6,12,0.0,0.0,0.0,0.0,219.0,4,50,351,0,1,0,0.0,7.0,0.0,0.0,0.0,0.0,0.0,none,0.0,Supramax / Ultramax Bulk,13.4,3224.1,10.03,58927.6,188.63,32.21,11.68,7.8,1.022,Chennai,Tubarao (BR),Coking Coal,379.3,111.7,77.9,-9.6,10.6,9.8,4.02,3.45,11.74,4.83,3.2,6.72,54213.392,6.134531858911318
2022-12-18,1560.0,real,2208.0,real,1652.0,real,1157.0,real,705.0,real,0.0839899131018906,0.7628938679609504,0.1791383219954647,34.93952735265268,110.27,real,2417.0,real,90.8,forward_filled_monthly,82.733,real,640.0,441.0,real,54.567377462989775,29.15284363399897,40.96371641159161,1528.0,1373.0,1323.0,1425.428571428571,1331.4,2095.0,1635.0,1343.0,1800.571428571429,1529.9333333333334,1658.0,1659.0,1700.0,1649.857142857143,1610.2333333333331,1167.0,1158.0,1268.0,1159.857142857143,1178.8,713.0,735.0,836.0,722.4285714285714,753.6666666666666,110.5,107.09,85.16,109.8142857142857,98.09866666666667,2390.5,2420.0,3080.0,2450.0,2813.3166666666666,82.862,82.217,81.982,82.55014285714286,81.75286666666666,642.5,648.5,741.5,636.7142857142857,685.7166666666667,448.5,436.0,484.5,441.7142857142857,468.9166666666667,90.8,90.8,98.8,90.8,95.6,12,0.0,0.0,0.0,0.0,219.0,4,50,352,0,1,0,0.0,7.0,0.0,0.0,0.0,0.0,0.0,none,0.0,Feeder Container,15.3,8421.6,22.93,20459.0,192.7,29.45,9.43,10.7,1.046,V.O. Chidambaranar (Tuticorin),Port Hedland (AU),Thermal Coal,379.3,111.7,77.9,-9.6,10.6,9.8,4.02,3.45,11.74,4.83,3.2,6.72,18822.28,36.43405998606757
2022-12-19,1548.0,real,2186.0,real,1645.0,real,1146.0,real,701.0,real,0.0864729140935792,0.7558842790800309,0.1578160059835451,33.99456127545419,109.56,real,2377.0,real,90.8,forward_filled_monthly,82.677,real,635.0,442.5,real,50.94685057769468,28.899233207792552,40.396736765272514,1560.0,1385.0,1337.0,1448.7142857142858,1338.4333333333334,2208.0,1675.0,1404.0,1873.571428571429,1556.0,1652.0,1661.0,1696.0,1647.571428571429,1608.5333333333333,1157.0,1153.0,1251.0,1158.857142857143,1175.3,705.0,733.0,826.0,717.8571428571429,749.5,110.27,109.49,87.14,109.82428571428572,98.846,2417.0,2420.0,3080.0,2443.8571428571427,2789.883333333333,82.733,82.29,81.832,82.60542857142858,81.78103333333334,640.0,635.0,746.5,636.7142857142857,682.0,441.0,436.0,495.5,442.6428571428572,467.15,90.8,90.8,98.8,90.8,95.33333333333331,12,0.0,0.0,1.0,0.0,222.0,4,51,353,0,1,0,0.0,10.0,44.47708297784766,44.47708297784766,1.0,1.0,0.0,none,0.0,Supramax / Ultramax Bulk,14.2,8375.0,24.57,51740.8,188.21,32.02,12.65,8.6,1.029,Kamarajar (Ennore),Newcastle (AU),Coking Coal,379.3,111.7,77.9,-9.6,10.6,9.8,4.02,3.45,11.74,4.83,3.2,6.72,47601.53600000001,15.49530830127935
2022-12-20,1596.0,real,2365.0,real,1622.0,real,1131.0,real,691.0,real,0.0858988029535716,0.7575050126507704,0.1769911504424779,34.84436863357339,109.86,real,2366.5,real,90.8,forward_filled_monthly,82.61,real,633.0,450.5,real,53.09254013981961,29.913674912618195,40.90662118014404,1548.0,1386.0,1356.0,1478.7142857142858,1346.4333333333334,2186.0,1683.0,1493.0,1971.0,1585.0666666666666,1645.0,1659.0,1669.0,1642.2857142857142,1606.9666666666667,1146.0,1152.0,1241.0,1155.857142857143,1171.6333333333334,701.0,732.0,818.0,712.0,745.2666666666667,109.56,110.48,85.33,109.7357142857143,99.66366666666669,2377.0,2420.0,3080.0,2436.214285714286,2766.1,82.677,82.42,81.38,82.63257142857142,81.82203333333334,635.0,633.0,747.0,636.7142857142857,678.2,442.5,441.5,498.0,443.9285714285714,465.56666666666666,90.8,90.8,98.8,90.8,95.06666666666663,12,1.0,0.0,1.0,0.0,223.0,4,51,354,0,1,0,0.0,11.0,42.78970091640086,42.78970091640086,1.0,1.0,0.0,none,0.0,Capesize Bulk,13.1,10577.8,33.64,185860.9,296.09,49.24,17.12,0.6,1.0,V.O. Chidambaranar (Tuticorin),Muara Pantai (ID),Lump Iron Ore,379.3,111.7,77.9,-9.6,10.6,9.8,4.02,3.45,11.74,4.83,3.2,6.72,170992.028,12.51779504937856
2022-12-21,1723.0,real,2797.0,real,1598.0,real,1103.0,real,683.0,real,0.0875386778654769,0.7528755948667797,0.2368987796123474,37.49936527180291,110.74,real,2386.5,real,90.8,forward_filled_monthly,82.885,real,629.5,453.5,real,51.74839214863085,32.59771858996938,42.49961916308175,1596.0,1361.0,1393.0,1530.428571428571,1357.4333333333334,2365.0,1619.0,1637.0,2139.285714285714,1623.7333333333331,1622.0,1643.0,1641.0,1635.857142857143,1605.5333333333333,1131.0,1153.0,1232.0,1148.7142857142858,1167.3333333333333,691.0,729.0,803.0,705.4285714285714,741.2666666666667,109.86,109.47,87.51,109.91714285714286,100.438,2366.5,2420.0,3080.0,2431.428571428572,2742.983333333333,82.61,82.647,81.355,82.66657142857143,81.87303333333332,633.0,631.0,738.0,636.5,674.5833333333334,450.5,434.0,489.5,446.7142857142857,464.3666666666667,90.8,90.8,98.8,90.8,94.8,12,2.0,0.0,1.0,0.0,224.0,4,51,355,0,1,0,0.0,12.0,41.2186422838475,41.2186422838475,1.0,1.0,1.0,rate_shock,0.0,Panamax / Kamsarmax Bulk,14.0,5209.9,15.51,69762.9,229.08,32.25,13.43,5.0,1.0,Syama Prasad Mookerjee (Kolkata & Haldia),Port Hedland (AU),Thermal Coal,379.3,111.7,77.9,-9.6,10.6,9.8,4.02,3.45,11.74,4.83,3.2,6.72,64181.868,8.425193197806271
2022-12-22,1650.0,real,2626.0,real,1563.0,real,1083.0,real,671.0,real,0.0980302518500938,0.723257555811587,0.1870503597122301,35.290174404299364,110.43,real,2391.5,real,90.8,forward_filled_monthly,82.985,real,634.5,464.0,real,50.81177319315978,31.054921830547045,41.17410464257962,1723.0,1357.0,1390.0,1572.2857142857142,1366.1,2797.0,1601.0,1652.0,2285.714285714286,1656.2,1598.0,1633.0,1619.0,1625.857142857143,1603.6666666666667,1103.0,1167.0,1227.0,1136.7142857142858,1162.5333333333333,683.0,726.0,797.0,697.5714285714286,737.0666666666667,110.74,109.23,88.19,110.08857142857144,101.17933333333332,2386.5,2610.0,3080.0,2400.214285714286,2720.0333333333333,82.885,82.403,80.64,82.74971428571429,81.9512,629.5,636.0,729.0,636.2857142857143,671.4333333333333,453.5,446.0,487.5,449.2857142857143,463.5833333333333,90.8,90.8,98.8,90.8,94.53333333333332,12,3.0,0.0,1.0,0.0,225.0,4,51,356,0,1,0,0.0,13.0,39.75588806634437,39.75588806634437,0.0,0.0,0.0,none,0.0,Panamax / Kamsarmax Bulk,12.8,8498.5,27.66,75960.4,227.03,32.28,13.76,5.2,1.002,Visakhapatnam,Hay Point (AU),Pellets,379.3,111.7,77.9,-9.6,10.6,9.8,4.02,3.45,11.74,4.83,3.2,6.72,69883.568,13.666047133903112
2022-12-29,1515.0,forward_filled,2261.0,forward_filled,1535.0,forward_filled,1062.0,forward_filled,663.0,forward_filled,0.0969361772882807,0.7263461622636393,0.2337133550488599,37.35819307679896,110.98,real,2452.0,real,90.8,forward_filled_monthly,82.787,real,642.0,460.0,real,51.61031014068184,28.20180453572493,42.41491584607938,1515.0,1596.0,1228.0,1564.0,1402.0666666666666,2261.0,2365.0,1188.0,2389.714285714286,1803.6333333333328,1535.0,1622.0,1650.0,1548.0,1582.0666666666666,1062.0,1131.0,1175.0,1070.857142857143,1141.1666666666667,663.0,691.0,763.0,667.0,718.5666666666667,110.8,109.86,93.09,110.65,104.272,2504.5,2366.5,2802.0,2433.5,2648.116666666667,82.764,82.61,81.54,82.81585714285714,82.22513333333333,649.5,633.0,708.0,640.9285714285714,657.9666666666667,460.5,450.5,493.5,463.5,458.3,90.8,90.8,98.8,90.8,93.2,12,3.0,0.0,1.0,0.0,232.0,4,52,363,0,1,0,0.0,20.0,31.982551822088787,31.982551822088787,0.0,0.0,0.0,none,0.0,Panamax / Kamsarmax Bulk,13.4,7606.3,23.65,76074.2,225.42,32.28,14.17,6.6,1.013,V.O. Chidambaranar (Tuticorin),Muara Pantai (ID),Pellets,379.3,111.7,77.9,-9.6,10.6,9.8,4.02,3.45,11.74,4.83,3.2,6.72,69988.264,11.808402947588984
2023-01-01,1515.0,forward_filled,2261.0,forward_filled,1535.0,forward_filled,1062.0,forward_filled,663.0,forward_filled,0.0525350467053956,0.8516919322717244,0.2871707731520816,39.72732814889537,111.28,forward_filled,2486.0,forward_filled,103.5,real,82.745,forward_filled,645.5,459.0,forward_filled,54.56920038703341,47.74026607418647,43.83639688933722,1515.0,1650.0,1177.0,1515.0,1424.2,2261.0,2626.0,1129.0,2261.0,1879.3333333333333,1535.0,1563.0,1549.0,1535.0,1579.6333333333334,1062.0,1083.0,1164.0,1062.0,1134.1666666666667,663.0,671.0,757.0,663.0,712.1,111.28,110.43,91.54,110.84857142857145,105.54300000000002,2486.0,2391.5,2775.0,2461.214285714286,2630.6666666666665,82.745,82.985,81.728,82.76157142857143,82.2957,645.5,634.5,687.5,644.7857142857143,655.0,459.0,464.0,484.0,463.57142857142856,456.4666666666666,90.8,90.8,98.8,92.61428571428571,93.09,1,6.0,0.0,0.0,0.0,235.0,1,52,1,0,1,0,0.0,23.0,9.671330230019628,9.671330230019628,0.0,0.0,0.0,none,0.0,Capesize Bulk,12.5,5185.1,17.28,189840.7,280.15,49.55,18.28,1.4,1.0,Paradip,Richards Bay (ZA),Lump Iron Ore,315.8,122.4,79.8,0.4,11.3,10.3,4.22,3.56,11.86,4.64,3.22,6.56,174653.44400000002,6.379463928083777
2023-01-02,1515.0,forward_filled,2261.0,forward_filled,1535.0,forward_filled,1062.0,forward_filled,663.0,forward_filled,0.0,1.0,0.3185378590078329,41.11746006785239,111.28,forward_filled,2486.0,forward_filled,103.5,forward_filled,82.773,real,647.0,458.5,real,52.05693918207516,47.74026607418647,44.67047604071144,1515.0,1515.0,1149.0,1515.0,1436.4,2261.0,2261.0,1092.0,2261.0,1918.3,1535.0,1535.0,1496.0,1535.0,1580.9333333333334,1062.0,1062.0,1160.0,1062.0,1130.9,663.0,663.0,753.0,663.0,709.1,111.28,110.48,91.45,110.96285714285716,106.204,2486.0,2386.5,2929.5,2475.428571428572,2615.883333333333,82.745,82.79,81.719,82.75914285714285,82.33083333333333,645.5,639.5,689.0,645.8571428571429,653.6,459.0,466.0,482.5,462.5,455.6666666666667,103.5,90.8,98.8,94.42857142857144,93.24666666666666,1,0.0,0.0,0.0,0.0,236.0,1,1,2,0,1,0,0.0,24.0,9.00461560739762,9.00461560739762,0.0,0.0,0.0,none,0.0,Feeder Container,17.4,7463.9,17.87,37665.7,190.5,27.25,9.31,9.9,1.039,Syama Prasad Mookerjee (Kolkata & Haldia),Richards Bay (ZA),Thermal Coal,315.8,122.4,79.8,0.4,11.3,10.3,4.22,3.56,11.86,4.64,3.22,6.56,34652.444,16.63422896780237
2023-01-03,1250.0,real,1635.0,real,1438.0,real,968.0,real,614.0,real,0.1046465104395295,0.7045796524208771,0.0557432432432432,29.47088297795612,117.79,real,2569.0,real,103.5,forward_filled_monthly,82.779,real,645.0,461.5,real,58.410854652372734,42.13970249546157,37.68252978677367,1515.0,1515.0,1184.0,1477.142857142857,1438.6,2261.0,2261.0,1219.0,2171.5714285714284,1932.1666666666667,1535.0,1535.0,1464.0,1521.142857142857,1580.0666666666666,1062.0,1062.0,1163.0,1048.571428571429,1124.4,663.0,663.0,752.0,656.0,704.5,111.28,110.48,91.94,112.00714285714284,107.06566666666666,2486.0,2431.0,2940.5,2495.1428571428573,2603.5,82.773,82.665,81.633,82.77542857142858,82.36903333333333,647.0,640.5,693.5,646.5,651.9833333333333,458.5,466.0,485.0,461.8571428571428,454.8833333333333,103.5,90.8,98.8,96.24285714285716,93.40333333333334,1,1.0,0.0,0.0,0.0,237.0,1,1,3,0,1,0,0.0,25.0,8.383862437589853,8.383862437589853,0.0,1.0,1.0,rate_shock,1.0,Capesize Bulk,12.4,4428.9,14.88,181894.3,270.98,46.33,17.02,3.9,1.0,Syama Prasad Mookerjee (Kolkata & Haldia),Muara Pantai (ID),Pellets,315.8,122.4,79.8,0.4,11.3,10.3,4.22,3.56,11.86,4.64,3.22,6.56,167342.756,4.973168642782482
2023-01-05,1146.0,real,1504.0,real,1332.0,real,871.0,real,571.0,real,0.1030787397696751,0.7090055176911801,-0.1344410876132931,21.042261013360104,114.97,real,2516.0,real,103.5,forward_filled_monthly,82.596,real,624.5,439.5,real,50.46800148936805,39.94174546833934,32.62535660801606,1176.0,1515.0,1324.0,1376.0,1430.4666666666667,1516.0,2261.0,1613.0,1957.0,1932.9333333333327,1378.0,1535.0,1479.0,1469.7142857142858,1572.2333333333331,912.0,1062.0,1182.0,999.8571428571428,1105.3,590.0,663.0,745.0,632.4285714285714,693.4666666666667,115.35,110.8,92.74,113.2757142857143,108.587,2497.5,2504.5,3194.0,2498.928571428572,2564.15,82.667,82.764,81.713,82.72742857142858,82.43263333333333,631.5,649.5,686.0,640.1428571428571,648.3833333333333,448.5,460.5,477.0,455.1428571428572,452.9,103.5,90.8,98.8,99.87142857142857,93.71666666666668,1,3.0,0.0,0.0,0.0,239.0,1,1,5,0,1,0,0.0,27.0,7.26778506169233,7.26778506169233,0.0,1.0,0.0,none,1.0,Capesize Bulk,13.3,11949.5,37.44,193989.6,299.86,45.01,17.35,2.7,1.0,V.O. Chidambaranar (Tuticorin),Hay Point (AU),Pellets,315.8,122.4,79.8,0.4,11.3,10.3,4.22,3.56,11.86,4.64,3.22,6.56,178470.432,11.188050639881904
2023-01-06,1130.0,real,1512.0,real,1299.0,real,839.0,real,552.0,real,0.103536648918281,0.7077128259495002,-0.1610987379361543,19.860842670303864,116.57,real,2463.5,real,103.5,forward_filled_monthly,82.275,real,619.5,434.5,real,51.92825989766138,39.60359823339746,31.91650560218232,1146.0,1515.0,1347.0,1321.0,1423.2333333333331,1504.0,2261.0,1669.0,1850.0,1927.7,1332.0,1535.0,1496.0,1436.0,1565.6666666666667,871.0,1062.0,1180.0,968.0,1093.9333333333334,571.0,663.0,746.0,616.5714285714286,687.0,114.97,110.98,93.04,114.07428571428572,109.37133333333333,2516.0,2452.0,3096.0,2500.5714285714284,2543.0666666666666,82.596,82.787,81.65,82.65428571428572,82.45346666666666,624.5,642.0,670.0,636.9285714285714,646.7,439.5,460.0,462.5,451.5,451.9666666666666,103.5,90.8,98.8,101.68571428571428,93.87333333333332,1,4.0,0.0,0.0,0.0,240.0,1,1,6,0,1,0,0.0,28.0,6.766764161830635,6.766764161830635,0.0,1.0,0.0,none,1.0,Feeder Container,18.2,11862.7,27.16,42877.3,186.65,26.14,10.59,9.5,1.036,Visakhapatnam,Hay Point (AU),Pellets,315.8,122.4,79.8,0.4,11.3,10.3,4.22,3.56,11.86,4.64,3.22,6.56,39447.116,19.08529672008132
2023-01-10,1096.0,real,1536.0,real,1189.0,real,803.0,real,534.0,real,0.108459176937872,0.6938163765370196,-0.1911439114391143,18.52929549090886,119.66,real,2517.5,real,103.5,forward_filled_monthly,81.63,real,626.0,436.0,real,52.05835288753583,38.88503535914597,31.11757729454532,1139.0,1515.0,1355.0,1207.428571428571,1408.3333333333333,1596.0,2261.0,1643.0,1651.428571428571,1924.3666666666663,1250.0,1535.0,1568.0,1345.857142857143,1543.9,825.0,1062.0,1172.0,897.1428571428571,1069.9,542.0,663.0,744.0,580.8571428571429,673.2333333333333,117.41,111.28,93.25,116.14714285714284,111.06866666666666,2493.5,2486.0,3332.0,2506.1428571428573,2495.833333333333,82.18,82.745,81.374,82.41428571428571,82.48046666666666,624.5,645.5,680.5,631.1428571428571,643.1666666666666,435.5,459.0,460.5,444.8571428571428,450.3666666666667,103.5,103.5,98.8,103.5,94.18666666666668,1,1.0,0.0,0.0,0.0,244.0,1,2,10,0,1,0,0.0,32.0,5.085069615211342,5.085069615211342,0.0,1.0,0.0,none,1.0,Feeder Container,15.1,6668.0,18.4,34144.5,206.46,27.79,8.7,9.7,1.038,Kamarajar (Ennore),Newcastle (AU),Iron Ore Fines,315.8,122.4,79.8,0.4,11.3,10.3,4.22,3.56,11.86,4.64,3.22,6.56,31412.94,15.842276903304178
2023-01-12,976.0,real,1349.0,real,1084.0,real,715.0,real,508.0,real,0.0478562368310915,0.8649003577941623,-0.2628398791540786,15.351861232609425,121.26,real,2534.0,real,103.5,forward_filled_monthly,81.11,real,647.0,446.5,real,47.64350232303089,36.34893109708186,29.211116739565654,1043.0,1250.0,1324.0,1100.857142857143,1386.9,1470.0,1635.0,1519.0,1497.571428571429,1915.3666666666663,1126.0,1438.0,1618.0,1236.857142857143,1510.2333333333331,762.0,968.0,1162.0,818.1428571428571,1041.5666666666666,521.0,614.0,741.0,545.4285714285714,658.1,121.02,117.79,107.44,118.03428571428572,112.12666666666668,2522.5,2569.0,2840.0,2506.3571428571427,2458.65,81.642,82.779,81.438,82.01428571428572,82.4866,631.0,645.0,685.5,629.1428571428571,640.0333333333333,436.5,461.5,457.0,439.57142857142856,449.4666666666666,103.5,103.5,90.8,103.5,95.03333333333332,1,3.0,0.0,0.0,0.0,246.0,1,2,12,0,1,0,0.0,34.0,4.408134468117873,4.408134468117873,0.0,0.0,0.0,none,0.0,Supramax / Ultramax Bulk,14.3,6833.9,19.91,54485.6,187.46,32.23,11.74,6.9,1.015,Chennai,Richards Bay (ZA),Coking Coal,315.8,122.4,79.8,0.4,11.3,10.3,4.22,3.56,11.86,4.64,3.22,6.56,50126.752,10.435128125894453
2023-01-13,946.0,real,1299.0,real,1069.0,real,686.0,real,500.0,real,0.0437797175866029,0.8764084981713391,-0.2849584278155707,14.371607579568632,122.33,real,2579.0,real,103.5,forward_filled_monthly,81.285,real,659.0,447.0,real,57.77961567213733,35.71490503156583,28.62296454774118,976.0,1176.0,1323.0,1068.0,1374.3333333333333,1349.0,1516.0,1502.0,1466.571428571429,1908.6,1084.0,1378.0,1638.0,1192.7142857142858,1491.2666666666669,715.0,912.0,1158.0,785.8571428571429,1025.8333333333333,508.0,590.0,737.0,532.5714285714286,650.2,121.26,115.35,107.68,119.03142857142858,112.615,2534.0,2497.5,2420.0,2518.0,2463.95,81.11,82.667,81.9,81.81685714285716,82.46610000000001,647.0,631.5,684.5,633.0714285714286,639.1833333333333,446.5,448.5,456.5,439.3571428571428,449.15,103.5,103.5,90.8,103.5,95.45666666666666,1,4.0,0.0,0.0,0.0,247.0,1,2,13,0,1,0,0.0,35.0,4.10424993119494,4.10424993119494,0.0,0.0,0.0,none,0.0,Supramax / Ultramax Bulk,13.7,4478.9,13.62,57083.0,196.67,32.26,13.19,7.3,1.018,Paradip,Tubarao (BR),Iron Ore Fines,315.8,122.4,79.8,0.4,11.3,10.3,4.22,3.56,11.86,4.64,3.22,6.56,52516.36,7.130674025147669
2023-01-15,946.0,real,1299.0,real,1069.0,real,686.0,real,500.0,real,0.0437797175866029,0.8764084981713391,-0.2849584278155707,14.371607579568632,122.33,real,2579.0,real,103.5,forward_filled_monthly,81.285,real,659.0,447.0,real,57.77961567213733,35.71490503156583,28.62296454774118,976.0,1176.0,1323.0,1068.0,1374.3333333333333,1349.0,1516.0,1502.0,1466.571428571429,1908.6,1084.0,1378.0,1638.0,1192.7142857142858,1491.2666666666669,715.0,912.0,1158.0,785.8571428571429,1025.8333333333333,508.0,590.0,737.0,532.5714285714286,650.2,121.26,115.35,107.68,119.03142857142858,112.615,2534.0,2497.5,2420.0,2518.0,2463.95,81.11,82.667,81.9,81.81685714285716,82.46610000000001,647.0,631.5,684.5,633.0714285714286,639.1833333333333,446.5,448.5,456.5,439.3571428571428,449.15,103.5,103.5,90.8,103.5,95.45666666666666,1,0.0,0.0,0.0,0.0,247.0,1,2,15,0,1,0,0.0,35.0,0.0,0.0,0.0,0.0,0.0,none,0.0,Feeder Container,18.3,9469.6,21.56,20350.4,188.34,31.71,10.5,11.1,1.049,Chennai,Hay Point (AU),Lump Iron Ore,315.8,122.4,79.8,0.4,11.3,10.3,4.22,3.56,11.86,4.64,3.22,6.56,18722.368,27.94425010532411
2023-01-16,946.0,real,1311.0,real,1071.0,real,673.0,real,488.0,real,0.0450943110592052,0.8726973599884196,-0.2940298507462686,13.969578694121193,122.33,forward_filled,2571.5,real,103.5,forward_filled_monthly,81.656,real,663.0,452.0,real,56.95301194168729,35.71490503156583,28.381747216472714,946.0,1146.0,1340.0,1039.428571428571,1361.2,1299.0,1504.0,1540.0,1439.0,1900.9666666666667,1069.0,1332.0,1657.0,1155.428571428571,1471.7333333333331,686.0,871.0,1158.0,757.5714285714286,1009.6666666666666,500.0,571.0,732.0,520.7142857142857,642.0666666666667,122.33,114.97,108.49,120.08285714285714,113.07633333333334,2579.0,2516.0,2420.0,2525.928571428572,2469.0,81.285,82.596,82.49,81.68257142857144,82.4383,659.0,624.5,669.5,638.5714285714286,638.9666666666667,447.0,439.5,447.0,441.1428571428572,449.31666666666666,103.5,103.5,90.8,103.5,95.88,1,0.0,0.0,0.0,0.0,250.0,1,3,16,0,1,0,0.0,38.0,3.312612957613084,3.312612957613084,0.0,0.0,0.0,none,0.0,Capesize Bulk,13.1,8445.1,26.86,184306.3,285.52,46.01,16.79,4.0,1.0,Chennai,Richards Bay (ZA),Thermal Coal,315.8,122.4,79.8,0.4,11.3,10.3,4.22,3.56,11.86,4.64,3.22,6.56,169561.796,8.249045103926592
2023-01-17,921.0,real,1240.0,real,1078.0,real,661.0,real,468.0,real,0.0454498756391137,0.8716935901413202,-0.3292061179898033,12.410630817679106,120.95,real,2431.5,real,103.5,forward_filled_monthly,81.635,real,668.5,456.0,real,53.90700467329954,35.18654997696915,27.446378490607465,946.0,1130.0,1373.0,1009.5714285714286,1346.1333333333334,1311.0,1512.0,1635.0,1400.142857142857,1887.8,1071.0,1299.0,1659.0,1123.857142857143,1452.3666666666666,673.0,839.0,1158.0,732.1428571428571,993.1,488.0,552.0,735.0,508.7142857142857,633.1666666666666,122.33,116.57,107.09,120.70857142857145,113.53833333333333,2571.5,2463.5,2420.0,2521.3571428571427,2469.383333333333,81.656,82.275,82.217,81.59114285714286,82.4189,663.0,619.5,648.5,645.5714285714286,639.6333333333333,452.0,434.5,436.0,444.2142857142857,449.98333333333335,103.5,103.5,90.8,103.5,96.30333333333331,1,1.0,0.0,0.0,0.0,251.0,1,3,17,0,1,0,0.0,39.0,3.0842506283988023,3.0842506283988023,0.0,0.0,0.0,none,0.0,Aframax / Suezmax Tanker,14.1,4415.4,13.05,115872.6,251.22,46.47,16.91,12.4,1.059,Chennai,Hay Point (AU),Coking Coal,315.8,122.4,79.8,0.4,11.3,10.3,4.22,3.56,11.86,4.64,3.22,6.56,106602.79200000002,4.764143669943175
2023-01-18,874.0,real,1107.0,real,1075.0,real,657.0,real,458.0,real,0.037011379375328,0.8955157270556059,-0.3689530685920578,10.649118608113392,121.19,real,2481.0,real,103.5,forward_filled_monthly,81.445,real,676.5,459.5,real,53.29017333591211,34.19324247432737,26.389471164868034,921.0,1139.0,1385.0,971.7142857142856,1329.1,1240.0,1596.0,1675.0,1330.2857142857142,1868.8666666666663,1078.0,1250.0,1661.0,1098.857142857143,1432.8333333333333,661.0,825.0,1153.0,708.1428571428571,976.5666666666668,468.0,542.0,733.0,496.7142857142857,624.0,120.95,117.41,109.49,121.2485714285714,113.92833333333331,2431.5,2493.5,2420.0,2519.5714285714284,2471.4166666666665,81.635,82.18,82.29,81.48614285714287,82.39073333333334,668.5,624.5,635.0,653.0,641.0166666666667,456.0,435.5,436.0,447.6428571428572,450.76666666666665,103.5,103.5,90.8,103.5,96.72666666666666,1,2.0,0.0,0.0,0.0,252.0,1,3,18,0,1,0,0.0,40.0,2.871630963380868,2.871630963380868,0.0,0.0,0.0,none,0.0,Capesize Bulk,12.3,10509.7,35.6,194501.0,290.26,44.44,16.88,3.9,1.0,Paradip,Tubarao (BR),Lump Iron Ore,315.8,122.4,79.8,0.4,11.3,10.3,4.22,3.56,11.86,4.64,3.22,6.56,178940.92,10.20289309275933
2023-01-22,763.0,real,787.0,real,1060.0,real,652.0,real,441.0,real,0.0651687667972922,0.8160265482556742,-0.4393828067597355,7.527801329201333,122.16,real,2475.0,real,103.5,forward_filled_monthly,80.984,real,687.5,466.5,real,53.85416249161244,31.847346031918068,24.5166807975208,801.0,1043.0,1361.0,889.5714285714286,1289.6666666666667,893.0,1470.0,1619.0,1140.857142857143,1814.8,1071.0,1126.0,1643.0,1072.571428571429,1393.8,654.0,762.0,1153.0,671.1428571428571,943.2666666666668,449.0,521.0,729.0,473.1428571428572,604.9666666666667,121.79,121.02,109.47,121.71571428571428,114.72833333333334,2463.5,2522.5,2420.0,2505.0714285714284,2474.7,81.245,81.642,82.647,81.33714285714287,82.29613333333333,674.5,631.0,631.0,668.0,644.2833333333333,462.5,436.5,434.0,455.7142857142857,452.55,103.5,103.5,90.8,103.5,97.57333333333332,1,0.0,0.0,0.0,0.0,254.0,1,3,22,0,1,0,0.0,42.0,0.0,0.0,0.0,0.0,0.0,none,0.0,Panamax / Kamsarmax Bulk,13.6,2743.1,8.4,66983.6,224.01,32.28,12.91,5.1,1.001,V.O. Chidambaranar (Tuticorin),Port Hedland (AU),Pellets,315.8,122.4,79.8,0.4,11.3,10.3,4.22,3.56,11.86,4.64,3.22,6.56,61624.91200000001,4.5321127445666765
2023-01-23,740.0,real,735.0,real,1048.0,real,645.0,real,434.0,real,0.0655007536257574,0.8150893391328381,-0.4546794399410464,6.84988250257822,121.94,real,2475.0,forward_filled,103.5,forward_filled_monthly,81.483,real,695.5,472.0,real,49.78345089864047,31.36125938168912,24.109929501546933,763.0,976.0,1357.0,855.8571428571429,1269.1,787.0,1349.0,1601.0,1053.142857142857,1785.9333333333334,1060.0,1084.0,1633.0,1067.428571428571,1374.3,652.0,715.0,1167.0,661.1428571428571,925.8666666666668,441.0,508.0,726.0,462.57142857142856,595.2333333333333,122.16,121.26,109.23,121.81285714285715,115.15200000000002,2475.0,2534.0,2610.0,2496.6428571428573,2470.2,80.984,81.11,82.403,81.39042857142856,82.26546666666667,687.5,647.0,636.0,674.9285714285714,646.2666666666667,466.5,446.5,446.0,459.3571428571428,453.4166666666667,103.5,103.5,90.8,103.5,97.99666666666668,1,0.0,0.0,0.0,0.0,257.0,1,4,23,0,1,0,0.0,45.0,2.0092013225536816,2.0092013225536816,0.0,0.0,0.0,none,0.0,Panamax / Kamsarmax Bulk,13.8,2839.9,8.57,80034.9,228.03,32.25,12.78,5.3,1.002,Paradip,Hay Point (AU),Pellets,315.8,122.4,79.8,0.4,11.3,10.3,4.22,3.56,11.86,4.64,3.22,6.56,73632.108,4.088120891689976
2023-01-24,721.0,real,685.0,real,1035.0,real,649.0,real,433.0,real,0.063034601508377,0.8220513631185353,-0.4853675945753033,5.489839574549973,121.97,real,2475.0,forward_filled,103.5,forward_filled_monthly,81.599,real,698.0,472.0,real,52.68831284835772,30.95970954019563,23.293903744729985,740.0,946.0,1401.0,823.7142857142857,1246.4333333333334,735.0,1299.0,1723.0,965.4285714285714,1751.3333333333333,1048.0,1069.0,1643.0,1062.571428571429,1354.0333333333333,645.0,686.0,1170.0,655.8571428571429,908.5,434.0,500.0,719.0,453.0,585.7,121.94,122.33,109.26,121.76142857142855,115.57566666666666,2475.0,2579.0,2472.5,2481.785714285714,2470.2833333333333,81.483,81.285,82.496,81.43528571428571,82.23556666666667,695.5,659.0,639.5,680.5,648.2166666666667,472.0,447.0,445.0,462.9285714285714,454.31666666666666,103.5,103.5,90.8,103.5,98.42,1,1.0,0.0,0.0,0.0,258.0,1,4,24,0,1,0,0.0,46.0,1.8706925683618296,1.8706925683618296,0.0,0.0,0.0,none,0.0,Capesize Bulk,13.0,8378.2,26.85,187692.4,273.64,49.9,17.95,0.9,1.0,Kamarajar (Ennore),Tubarao (BR),Thermal Coal,315.8,122.4,79.8,0.4,11.3,10.3,4.22,3.56,11.86,4.64,3.22,6.56,172677.008,7.236299462775033
2023-01-25,703.0,real,631.0,real,1035.0,real,648.0,real,433.0,real,0.0479695845089574,0.8645803737808226,-0.5399214659685864,3.0721116965050266,121.93,real,2475.0,forward_filled,103.5,forward_filled_monthly,81.519,real,699.5,471.5,real,53.58487328938073,30.57929390088601,21.843267017903017,721.0,946.0,1528.0,789.0,1218.9333333333334,685.0,1311.0,2095.0,868.2857142857143,1702.5333333333333,1035.0,1071.0,1658.0,1057.428571428571,1333.2666666666669,649.0,673.0,1167.0,652.2857142857143,891.2,433.0,488.0,713.0,445.1428571428572,576.3666666666667,121.97,122.33,110.5,121.70428571428572,115.95666666666666,2475.0,2571.5,2390.5,2468.0,2473.1,81.599,81.656,82.862,81.41571428571429,82.19080000000001,698.0,663.0,642.5,685.7142857142857,650.1166666666667,472.0,452.0,448.5,465.7142857142857,455.0833333333333,103.5,103.5,90.8,103.5,98.84333333333332,1,2.0,0.0,0.0,0.0,259.0,1,4,25,0,1,0,0.0,47.0,1.7417322226706229,1.7417322226706229,0.0,0.0,0.0,none,0.0,Supramax / Ultramax Bulk,13.1,8341.4,26.53,62157.7,198.9,32.13,11.6,7.4,1.019,Visakhapatnam,Newcastle (AU),Coking Coal,315.8,122.4,79.8,0.4,11.3,10.3,4.22,3.56,11.86,4.64,3.22,6.56,57185.084,12.839880548416716
2023-01-26,677.0,real,549.0,real,1045.0,real,645.0,real,432.0,real,0.044863962349442,0.873347641546943,-0.566025641025641,1.9152223657035228,122.49,real,2475.0,forward_filled,103.5,forward_filled_monthly,81.445,real,700.0,470.0,real,53.52960746793464,30.029804644105457,21.14913341942212,703.0,921.0,1560.0,754.1428571428571,1189.5,631.0,1240.0,2208.0,769.5714285714286,1647.2333333333331,1035.0,1078.0,1652.0,1052.7142857142858,1313.0333333333333,648.0,661.0,1157.0,650.0,874.1333333333333,433.0,468.0,705.0,440.0,567.2666666666667,121.93,120.95,110.27,121.92428571428572,116.364,2475.0,2431.5,2417.0,2474.214285714286,2475.0333333333333,81.519,81.635,82.733,81.38857142857144,82.14786666666667,699.5,668.5,640.0,690.2142857142857,652.1166666666667,471.5,456.0,441.0,467.7142857142857,456.05,103.5,103.5,90.8,103.5,99.26666666666668,1,3.0,0.0,0.0,0.0,260.0,1,4,26,0,1,0,0.0,48.0,1.6216620447397765,1.6216620447397765,0.0,0.0,0.0,none,0.0,Capesize Bulk,13.0,7622.8,24.43,171810.9,289.23,49.31,16.41,1.5,1.0,Visakhapatnam,Muara Pantai (ID),Pellets,315.8,122.4,79.8,0.4,11.3,10.3,4.22,3.56,11.86,4.64,3.22,6.56,158066.028,6.622507874873658
2023-01-29,676.0,real,534.0,real,1054.0,real,650.0,real,431.0,real,0.0544867593343893,0.8461821869318158,-0.5633074935400517,2.035685694605899,122.7,real,2475.0,forward_filled,103.5,forward_filled_monthly,81.515,real,706.5,473.0,real,55.184325122265335,30.00867044192159,21.22141141676354,677.0,874.0,1548.0,725.8571428571429,1160.4333333333334,549.0,1107.0,2186.0,687.7142857142857,1592.1666666666667,1045.0,1075.0,1645.0,1049.7142857142858,1293.3333333333333,645.0,657.0,1146.0,649.0,857.6,432.0,458.0,701.0,436.1428571428572,558.2666666666667,122.49,121.19,109.56,122.14,116.802,2475.0,2481.0,2377.0,2473.3571428571427,2478.3,81.445,81.445,82.677,81.39857142857143,82.10913333333333,700.0,676.5,635.0,694.5,654.5,470.0,459.5,442.5,469.6428571428572,457.06666666666666,103.5,103.5,90.8,103.5,99.69,1,0.0,0.0,0.0,0.0,261.0,1,4,29,0,1,0,0.0,49.0,0.0,0.0,0.0,0.0,0.0,none,0.0,Feeder Container,16.8,10589.5,26.26,32429.2,193.37,25.09,11.11,10.6,1.045,V.O. Chidambaranar (Tuticorin),Hay Point (AU),Coking Coal,315.8,122.4,79.8,0.4,11.3,10.3,4.22,3.56,11.86,4.64,3.22,6.56,29834.864,21.08525229779938
2023-01-30,680.0,real,533.0,real,1060.0,real,658.0,real,432.0,real,0.0456910343233759,0.8710127916892051,-0.5739348370927319,1.56470125077705,123.08,real,2679.5,real,103.5,forward_filled_monthly,81.525,real,697.5,468.5,real,60.23409309438578,30.093207250657063,20.93882075046623,676.0,801.0,1596.0,708.5714285714286,1129.9,534.0,893.0,2365.0,636.2857142857143,1531.1,1054.0,1071.0,1622.0,1048.142857142857,1274.6,650.0,654.0,1131.0,649.5714285714286,841.8333333333334,431.0,449.0,691.0,433.7142857142857,549.6333333333333,122.7,121.79,109.86,122.32428571428572,117.24266666666666,2475.0,2463.5,2366.5,2504.214285714286,2488.733333333333,81.515,81.245,82.61,81.43857142857144,82.07296666666666,706.5,674.5,633.0,697.7857142857143,656.65,473.0,462.5,450.5,470.5,457.6666666666667,103.5,103.5,90.8,103.5,100.11333333333332,1,0.0,0.0,0.0,0.0,264.0,1,5,30,0,1,0,0.0,52.0,1.21864220366398,1.21864220366398,0.0,0.0,0.0,none,0.0,Supramax / Ultramax Bulk,13.1,5172.1,16.45,51833.0,195.44,32.06,12.38,8.6,1.029,Kamarajar (Ennore),Muara Pantai (ID),Thermal Coal,315.8,122.4,79.8,0.4,11.3,10.3,4.22,3.56,11.86,4.64,3.22,6.56,47686.36,9.39779824471138
2023-01-31,681.0,real,532.0,real,1052.0,real,670.0,real,433.0,real,0.0463167683519623,0.8692463251014454,-0.6047591410330818,0.1986244343278576,123.37,real,2666.5,real,103.5,forward_filled_monthly,81.769,real,690.0,461.0,real,58.92482412463307,30.11434145284093,20.11917466059672,680.0,763.0,1723.0,696.8571428571429,1095.1666666666667,533.0,787.0,2797.0,599.8571428571429,1455.6,1060.0,1060.0,1598.0,1047.0,1256.4,658.0,652.0,1103.0,652.1428571428571,827.4,432.0,441.0,683.0,432.57142857142856,541.3,123.08,122.16,110.74,122.49714285714286,117.66366666666669,2679.5,2475.0,2386.5,2531.5714285714284,2498.0666666666666,81.525,80.984,82.885,81.55071428571429,82.03576666666666,697.5,687.5,629.5,698.1428571428571,658.6666666666666,468.5,466.5,453.5,469.7142857142857,457.9166666666667,103.5,103.5,90.8,103.5,100.53666666666666,1,1.0,0.0,0.0,0.0,265.0,1,5,31,0,1,0,0.0,53.0,1.1346323976080213,1.1346323976080213,0.0,0.0,0.0,none,0.0,Supramax / Ultramax Bulk,13.2,4508.2,14.23,58494.0,187.5,32.24,12.94,7.2,1.018,Visakhapatnam,Richards Bay (ZA),Thermal Coal,315.8,122.4,79.8,0.4,11.3,10.3,4.22,3.56,11.86,4.64,3.22,6.56,53814.48,7.469629227971356
2023-02-03,621.0,real,429.0,real,940.0,real,682.0,real,436.0,real,0.0503778414791403,0.85778178959294,-0.5900990099009902,0.8483346533943019,125.26,real,2666.5,real,90.0,forward_filled_monthly,82.233,real,679.0,448.0,real,59.32250415612277,8.077058552578102,20.509000792036584,640.0,703.0,1515.0,663.2857142857143,1003.4666666666668,445.0,631.0,2261.0,503.0,1263.1,988.0,1035.0,1535.0,1024.0,1200.5333333333333,684.0,648.0,1062.0,667.0,788.7,436.0,433.0,663.0,433.57142857142856,518.3,123.95,121.93,110.48,123.88285714285712,119.13533333333334,2666.5,2475.0,2431.0,2613.6428571428573,2524.4166666666665,82.044,81.519,82.665,81.75557142857143,81.9556,688.5,699.5,640.5,695.0,663.8833333333333,462.0,471.5,466.0,463.8571428571428,457.2,90.0,103.5,90.8,97.71428571428572,100.45666666666666,2,4.0,0.0,0.0,0.0,268.0,1,5,34,0,1,0,0.0,56.0,0.9157819444367088,0.9157819444367088,0.0,0.0,0.0,none,0.0,Panamax / Kamsarmax Bulk,13.4,5294.4,16.46,78358.4,226.35,32.22,14.26,5.7,1.006,Visakhapatnam,Tubarao (BR),Iron Ore Fines,215.1,125.3,80.1,0.4,10.2,9.4,4.34,3.55,11.63,5.32,3.31,6.32,72089.728,7.20082487751247
2023-02-04,621.0,real,429.0,real,940.0,real,682.0,real,436.0,real,0.0503778414791403,0.85778178959294,-0.5900990099009902,0.8483346533943019,125.26,real,2666.5,real,90.0,forward_filled_monthly,82.233,real,679.0,448.0,real,59.32250415612277,8.077058552578102,20.509000792036584,640.0,703.0,1515.0,663.2857142857143,1003.4666666666668,445.0,631.0,2261.0,503.0,1263.1,988.0,1035.0,1535.0,1024.0,1200.5333333333333,684.0,648.0,1062.0,667.0,788.7,436.0,433.0,663.0,433.57142857142856,518.3,123.95,121.93,110.48,123.88285714285712,119.13533333333334,2666.5,2475.0,2431.0,2613.6428571428573,2524.4166666666665,82.044,81.519,82.665,81.75557142857143,81.9556,688.5,699.5,640.5,695.0,663.8833333333333,462.0,471.5,466.0,463.8571428571428,457.2,90.0,103.5,90.8,97.71428571428572,100.45666666666666,2,0.0,0.0,0.0,0.0,268.0,1,5,35,0,1,0,0.0,56.0,0.0,0.0,0.0,0.0,0.0,none,0.0,Feeder Container,18.0,11671.4,27.02,32501.5,193.74,26.72,10.77,10.6,1.045,V.O. Chidambaranar (Tuticorin),Newcastle (AU),Iron Ore Fines,215.1,125.3,80.1,0.4,10.2,9.4,4.34,3.55,11.63,5.32,3.31,6.32,29901.38,20.567670716295705
2023-02-06,608.0,real,419.0,real,907.0,real,680.0,real,436.0,real,0.0375226678603908,0.8940723437900191,-0.5986798679867986,0.4680467053209992,124.34,real,2666.5,real,90.0,forward_filled_monthly,82.75,real,665.5,426.0,real,57.29839216509247,7.802313924187823,20.2808280231926,621.0,677.0,1515.0,653.4285714285714,973.2333333333332,429.0,549.0,2261.0,484.4285714285714,1201.7,940.0,1045.0,1535.0,1004.2857142857144,1179.6,682.0,645.0,1062.0,672.0,775.9666666666667,436.0,432.0,663.0,434.1428571428572,510.73333333333335,125.26,122.49,110.64,124.14714285714284,119.592,2666.5,2475.0,2482.5,2641.0,2530.55,82.233,81.445,82.835,81.94200000000001,81.95276666666668,679.0,700.0,651.0,690.0714285714286,664.3666666666667,448.0,470.0,474.5,457.57142857142856,455.5833333333333,90.0,103.5,90.8,95.78571428571428,100.43,2,0.0,0.0,0.0,0.0,271.0,1,6,37,0,1,0,0.0,59.0,0.739143859741971,0.739143859741971,0.0,0.0,0.0,none,0.0,Aframax / Suezmax Tanker,14.5,9521.2,27.36,154752.9,241.7,43.26,15.7,12.4,1.059,Paradip,Tubarao (BR),Pellets,215.1,125.3,80.1,0.4,10.2,9.4,4.34,3.55,11.63,5.32,3.31,6.32,142372.668,7.637591472619573
2023-02-07,601.0,real,443.0,real,867.0,real,667.0,real,437.0,real,0.0520550844813043,0.8530468805301074,-0.6033003300330033,0.2632762717430603,122.75,real,2666.5,real,90.0,forward_filled_monthly,82.87,real,667.5,434.0,real,55.54332877129371,7.654374508900751,20.15796576304584,608.0,676.0,1515.0,642.7142857142857,942.7666666666668,419.0,534.0,2261.0,471.4285714285714,1141.1,907.0,1054.0,1535.0,977.5714285714286,1157.3333333333333,680.0,650.0,1062.0,674.4285714285714,762.8,436.0,431.0,663.0,435.0,503.2,124.34,122.7,110.8,124.15428571428572,119.99033333333334,2666.5,2475.0,2504.5,2668.3571428571427,2535.95,82.75,81.515,82.764,82.13557142857144,81.9563,665.5,706.5,649.5,684.5,664.9666666666667,426.0,473.0,460.5,452.0,454.7,90.0,103.5,90.8,93.85714285714286,100.40333333333334,2,1.0,0.0,0.0,0.0,272.0,1,6,38,0,1,0,0.0,60.0,0.6881893366525201,0.6881893366525201,0.0,0.0,0.0,none,0.0,Panamax / Kamsarmax Bulk,14.4,6712.6,19.42,65785.4,222.72,32.2,14.46,5.9,1.007,Paradip,Newcastle (AU),Iron Ore Fines,215.1,125.3,80.1,0.4,10.2,9.4,4.34,3.55,11.63,5.32,3.31,6.32,60522.568,9.155018612385152
2023-02-08,603.0,real,474.0,real,856.0,real,651.0,real,437.0,real,0.0632809610905511,0.8213558823701601,-0.601980198019802,0.3217821099081864,123.21,real,2666.5,real,90.0,forward_filled_monthly,82.655,real,674.0,449.0,real,56.98162050849185,7.696642913268486,20.19306926594492,601.0,680.0,1515.0,631.7142857142857,912.3666666666668,443.0,533.0,2261.0,463.0,1081.5333333333333,867.0,1060.0,1535.0,948.4285714285714,1134.7,667.0,658.0,1062.0,673.4285714285714,749.1,437.0,432.0,663.0,435.7142857142857,495.6666666666667,122.75,123.08,110.98,124.17285714285715,120.398,2666.5,2679.5,2452.0,2666.5,2543.1,82.87,81.525,82.787,82.29700000000001,81.95190000000001,667.5,697.5,642.0,681.1428571428571,666.0333333333333,434.0,468.5,460.0,449.2142857142857,454.3333333333333,90.0,103.5,90.8,91.92857142857144,100.37666666666664,2,2.0,0.0,0.0,0.0,273.0,1,6,39,0,1,0,0.0,61.0,0.640747476746363,0.640747476746363,0.0,0.0,0.0,none,0.0,Supramax / Ultramax Bulk,13.8,2684.2,8.1,62704.5,186.84,32.16,13.26,7.7,1.022,V.O. Chidambaranar (Tuticorin),Port Hedland (AU),Iron Ore Fines,215.1,125.3,80.1,0.4,10.2,9.4,4.34,3.55,11.63,5.32,3.31,6.32,57688.14,4.23019686244209
2023-02-14,563.0,real,382.0,real,848.0,real,627.0,real,432.0,real,0.1334836525560104,0.6231715050162663,-0.5496,2.643176756623994,124.2,real,2666.5,real,90.0,forward_filled_monthly,82.915,real,680.5,458.5,real,49.9386611810668,6.851274825913784,21.5859060539744,616.0,621.0,1250.0,597.8571428571429,798.3,534.0,429.0,1635.0,455.7142857142857,862.7333333333333,863.0,940.0,1438.0,866.5714285714286,1047.8,625.0,682.0,968.0,644.8571428571429,694.5,435.0,436.0,614.0,435.57142857142856,466.8666666666667,123.76,125.26,117.79,124.00714285714288,121.93533333333332,2666.5,2666.5,2569.0,2666.5,2564.4,82.597,82.233,82.779,82.69242857142856,81.93623333333333,681.0,679.0,645.0,675.5714285714286,670.6666666666666,458.5,448.0,461.5,447.6428571428572,453.8833333333333,90.0,90.0,103.5,90.0,99.0,2,1.0,0.0,0.0,0.0,279.0,1,7,45,0,1,0,0.0,67.0,0.4174079323670526,0.4174079323670526,0.0,1.0,1.0,rate_shock,1.0,Feeder Container,18.9,2936.8,6.47,43853.3,171.16,31.64,9.78,10.1,1.041,Syama Prasad Mookerjee (Kolkata & Haldia),Port Hedland (AU),Coking Coal,215.1,125.3,80.1,0.4,10.2,9.4,4.34,3.55,11.63,5.32,3.31,6.32,40345.03600000001,4.470819752590258
2023-02-16,530.0,real,275.0,real,818.0,real,660.0,real,434.0,real,0.1462269269802134,0.5871968457191499,-0.537521815008726,3.178459841468137,124.69,real,2405.0,real,90.0,forward_filled_monthly,82.715,real,672.0,458.0,real,47.74306210613851,6.153846153846154,21.907075904880884,541.0,601.0,1146.0,578.1428571428571,756.6,317.0,443.0,1504.0,417.1428571428572,781.8,830.0,867.0,1332.0,848.5714285714286,1012.4,640.0,667.0,871.0,638.1428571428571,678.4,431.0,437.0,571.0,434.4285714285714,457.0,124.34,122.75,114.97,124.28428571428572,122.559,2361.5,2666.5,2516.0,2585.5714285714284,2556.1666666666665,82.765,82.87,82.596,82.67242857142857,81.94346666666667,675.5,667.5,624.5,677.6428571428571,673.7166666666667,455.5,434.0,439.5,455.2857142857143,454.73333333333335,90.0,90.0,103.5,90.0,98.1,2,3.0,0.0,0.0,0.0,281.0,1,7,47,0,1,0,0.0,69.0,0.3618417117494163,0.3618417117494163,0.0,1.0,0.0,none,1.0,Capesize Bulk,13.2,2917.8,9.21,177635.0,297.02,49.51,16.96,3.8,1.0,Chennai,Newcastle (AU),Thermal Coal,215.1,125.3,80.1,0.4,10.2,9.4,4.34,3.55,11.63,5.32,3.31,6.32,163424.2,2.3214251086436404
2023-02-19,538.0,real,271.0,real,811.0,real,695.0,real,438.0,real,0.1373414083175356,0.6122809407427092,-0.5238938053097345,3.782428324914308,124.94,real,2405.0,real,90.0,forward_filled_monthly,82.765,real,660.0,458.0,real,47.88107319911036,6.322919771317094,22.269456994948584,530.0,603.0,1130.0,568.8571428571429,736.8666666666667,275.0,474.0,1512.0,388.1428571428572,740.4333333333333,818.0,856.0,1299.0,842.1428571428571,996.1333333333332,660.0,651.0,839.0,644.4285714285714,673.6,434.0,437.0,552.0,434.57142857142856,453.2,124.69,123.21,116.57,124.53142857142858,122.838,2405.0,2666.5,2463.5,2548.214285714286,2554.2166666666667,82.715,82.655,82.275,82.68814285714286,81.95980000000002,672.0,674.0,619.5,675.6428571428571,675.0666666666667,458.0,449.0,434.5,456.57142857142856,455.51666666666665,90.0,90.0,103.5,90.0,97.65,2,0.0,0.0,0.0,0.0,282.0,1,7,50,0,1,0,0.0,70.0,0.0,0.0,0.0,0.0,0.0,none,0.0,Aframax / Suezmax Tanker,15.4,10412.7,28.17,107443.5,254.37,46.32,15.53,14.1,1.073,Syama Prasad Mookerjee (Kolkata & Haldia),Newcastle (AU),Coking Coal,215.1,125.3,80.1,0.4,10.2,9.4,4.34,3.55,11.63,5.32,3.31,6.32,98848.02,9.251408256171644
2023-02-20,552.0,real,284.0,real,809.0,real,727.0,real,448.0,real,0.1442450235050125,0.592791820755135,-0.5153643546971027,4.1604379877282005,124.94,forward_filled,2520.0,real,90.0,forward_filled_monthly,82.721,real,654.0,456.5,real,49.18332454316386,6.618798601891241,22.496262792636923,538.0,592.0,1139.0,563.1428571428571,717.3,271.0,452.0,1596.0,364.1428571428572,696.7,811.0,861.0,1250.0,834.7142857142857,981.4333333333332,695.0,636.0,825.0,657.4285714285714,670.3333333333334,438.0,436.0,542.0,436.2857142857143,450.06666666666666,124.94,124.65,117.41,124.57285714285716,123.089,2405.0,2666.5,2493.5,2527.285714285714,2555.1,82.765,82.54,82.18,82.71400000000001,81.97783333333334,660.0,682.0,624.5,671.6428571428571,676.05,458.0,453.0,435.5,457.07142857142856,456.2166666666666,90.0,90.0,103.5,90.0,97.2,2,0.0,0.0,0.0,0.0,285.0,1,8,51,0,1,0,0.0,73.0,0.2719158300671793,0.2719158300671793,0.0,1.0,0.0,none,1.0,Panamax / Kamsarmax Bulk,14.2,10499.1,30.81,81489.4,221.46,32.28,13.58,6.5,1.012,Visakhapatnam,Muara Pantai (ID),Iron Ore Fines,215.1,125.3,80.1,0.4,10.2,9.4,4.34,3.55,11.63,5.32,3.31,6.32,74970.24799999999,11.97194231351368
2023-02-22,674.0,real,390.0,real,951.0,real,872.0,real,473.0,real,0.1876416325111933,0.4702818463420898,-0.3537871524448706,11.32124429468128,125.77,real,2864.0,real,90.0,forward_filled_monthly,82.835,real,641.5,455.5,real,54.13725015555468,9.197171268323082,26.792746576808767,594.0,616.0,1043.0,570.2857142857143,688.2666666666667,303.0,534.0,1470.0,317.42857142857144,619.6,843.0,863.0,1126.0,844.2857142857143,964.0666666666668,807.0,625.0,762.0,718.2857142857143,674.1333333333333,462.0,435.0,521.0,445.4285714285714,446.06666666666666,126.34,123.76,121.02,125.03142857142858,123.47,2520.0,2666.5,2522.5,2534.5714285714284,2566.5666666666666,82.849,82.597,81.642,82.795,82.05823333333333,650.5,681.0,631.0,662.0,677.2166666666667,460.0,458.5,436.5,457.4285714285714,457.65,90.0,90.0,103.5,90.0,96.3,2,2.0,0.0,0.0,0.0,287.0,1,8,53,0,1,0,0.0,75.0,0.2357178236774637,0.2357178236774637,0.0,1.0,1.0,rate_shock,1.0,Feeder Container,18.2,5311.2,12.16,35563.7,175.45,27.65,10.81,10.3,1.042,Visakhapatnam,Richards Bay (ZA),Coking Coal,215.1,125.3,80.1,0.4,10.2,9.4,4.34,3.55,11.63,5.32,3.31,6.32,32718.604,9.068132985381991
2023-02-23,816.0,real,573.0,real,1169.0,real,940.0,real,493.0,real,0.2281321176458897,0.3559759498349008,-0.1639344262295081,19.73517014761776,125.92,real,3008.0,real,90.0,forward_filled_monthly,82.618,real,633.0,450.5,real,56.92271360398256,12.198227978432277,31.841102088570658,674.0,563.0,976.0,606.4285714285714,682.9333333333333,390.0,382.0,1349.0,344.7142857142857,593.7333333333333,951.0,848.0,1084.0,890.1428571428571,966.9,872.0,627.0,715.0,763.0,681.6333333333333,473.0,432.0,508.0,454.1428571428572,445.56666666666666,125.77,124.2,121.26,125.27714285714283,123.62533333333332,2864.0,2666.5,2534.0,2583.3571428571427,2582.366666666667,82.835,82.915,81.11,82.75257142857143,82.1085,641.5,680.5,647.0,655.2142857142857,676.75,455.5,458.5,446.5,456.2857142857143,457.78333333333336,90.0,90.0,103.5,90.0,95.85,2,3.0,0.0,0.0,0.0,288.0,1,8,54,0,1,0,0.0,76.0,0.219468092138922,0.219468092138922,0.0,1.0,1.0,rate_shock,1.0,Panamax / Kamsarmax Bulk,13.6,7457.8,22.85,69555.0,229.64,32.29,13.94,4.9,1.0,Visakhapatnam,Newcastle (AU),Thermal Coal,215.1,125.3,80.1,0.4,10.2,9.4,4.34,3.55,11.63,5.32,3.31,6.32,63990.600000000006,10.838701302222514
2023-02-24,883.0,real,636.0,real,1271.0,real,996.0,real,505.0,real,0.1999386332680437,0.4355670314618678,-0.0665961945031712,24.04902268335805,125.85,real,3008.0,real,90.0,forward_filled_monthly,82.925,real,638.0,456.0,real,55.03436674972432,13.614219524751404,34.429413610014834,816.0,541.0,946.0,655.2857142857143,680.8333333333334,573.0,317.0,1299.0,390.2857142857143,571.6333333333333,1169.0,830.0,1069.0,953.1428571428572,973.6333333333332,940.0,640.0,686.0,813.8571428571429,691.9666666666667,493.0,431.0,500.0,464.7142857142857,445.73333333333335,125.92,124.34,122.33,125.49285714285712,123.74266666666666,3008.0,2361.5,2579.0,2675.714285714286,2596.6666666666665,82.618,82.765,81.285,82.77542857142858,82.16316666666667,633.0,675.5,659.0,649.8571428571429,676.05,450.5,455.5,447.0,456.3571428571428,458.0833333333333,90.0,90.0,103.5,90.0,95.4,2,4.0,0.0,0.0,0.0,289.0,1,8,55,0,1,0,0.0,77.0,0.2043385719232033,0.2043385719232033,0.0,1.0,1.0,rate_shock,1.0,Feeder Container,17.6,2876.2,6.81,30300.4,166.92,29.79,10.07,10.4,1.043,Chennai,Hay Point (AU),Coking Coal,215.1,125.3,80.1,0.4,10.2,9.4,4.34,3.55,11.63,5.32,3.31,6.32,27876.368,6.836194557369997
2023-02-25,883.0,real,636.0,real,1271.0,real,996.0,real,505.0,real,0.1999386332680437,0.4355670314618678,-0.0665961945031712,24.04902268335805,125.85,real,3008.0,real,90.0,forward_filled_monthly,82.925,real,638.0,456.0,real,55.03436674972432,13.614219524751404,34.429413610014834,816.0,541.0,946.0,655.2857142857143,680.8333333333334,573.0,317.0,1299.0,390.2857142857143,571.6333333333333,1169.0,830.0,1069.0,953.1428571428572,973.6333333333332,940.0,640.0,686.0,813.8571428571429,691.9666666666667,493.0,431.0,500.0,464.7142857142857,445.73333333333335,125.92,124.34,122.33,125.49285714285712,123.74266666666666,3008.0,2361.5,2579.0,2675.714285714286,2596.6666666666665,82.618,82.765,81.285,82.77542857142858,82.16316666666667,633.0,675.5,659.0,649.8571428571429,676.05,450.5,455.5,447.0,456.3571428571428,458.0833333333333,90.0,90.0,103.5,90.0,95.4,2,0.0,0.0,0.0,0.0,289.0,1,8,56,0,1,0,0.0,77.0,0.0,0.0,0.0,0.0,0.0,none,0.0,Panamax / Kamsarmax Bulk,13.3,6700.1,20.99,79025.9,227.89,32.24,13.31,5.8,1.006,Visakhapatnam,Muara Pantai (ID),Lump Iron Ore,215.1,125.3,80.1,0.4,10.2,9.4,4.34,3.55,11.63,5.32,3.31,6.32,72703.828,9.492087021596024
2023-02-28,990.0,real,729.0,real,1421.0,real,1105.0,real,536.0,real,0.1598235447191525,0.5488131717536532,0.0749185667752443,30.32069827226644,125.75,real,2579.0,real,90.0,forward_filled_monthly,82.645,real,639.0,452.5,real,50.05163186929351,15.875579158425232,38.19241896335986,935.0,538.0,921.0,777.7142857142857,682.7666666666667,701.0,271.0,1240.0,516.5714285714286,534.2666666666667,1317.0,811.0,1078.0,1111.571428571429,993.2666666666668,1050.0,695.0,661.0,928.1428571428572,719.3333333333334,517.0,438.0,468.0,490.57142857142856,448.9666666666666,125.74,124.94,120.95,125.7585714285714,124.01633333333334,2557.0,2405.0,2431.5,2722.285714285714,2601.1,82.652,82.765,81.635,82.74928571428572,82.23003333333334,641.0,660.0,668.5,642.4285714285714,674.3333333333334,451.5,458.0,456.0,454.6428571428572,457.95,90.0,90.0,103.5,90.0,94.5,2,1.0,0.0,0.0,0.0,293.0,1,9,59,0,1,0,0.0,81.0,0.1535557968997185,0.1535557968997185,0.0,1.0,0.0,none,1.0,Capesize Bulk,12.8,2765.4,9.0,178510.3,279.52,48.36,17.24,3.3,1.0,V.O. Chidambaranar (Tuticorin),Tubarao (BR),Lump Iron Ore,215.1,125.3,80.1,0.4,10.2,9.4,4.34,3.55,11.63,5.32,3.31,6.32,164229.476,2.4879824073724746
2023-03-01,1099.0,real,929.0,real,1515.0,real,1156.0,real,556.0,real,0.1561251642809851,0.5592538145417814,0.257437070938215,38.4095848077912,126.8,real,2579.0,real,100.0,real,82.435,real,645.0,463.0,real,49.39560802707325,33.56382258108218,43.04575088467472,990.0,552.0,874.0,855.8571428571429,690.2666666666667,729.0,284.0,1107.0,608.7142857142857,528.3333333333334,1421.0,809.0,1075.0,1212.428571428571,1007.9333333333332,1105.0,727.0,657.0,989.4285714285714,735.9666666666667,536.0,448.0,458.0,506.0,452.23333333333335,125.75,124.94,121.19,126.02428571428572,124.20333333333332,2579.0,2520.0,2481.0,2730.714285714286,2604.366666666667,82.645,82.721,81.445,82.70842857142858,82.26303333333334,639.0,654.0,676.5,641.1428571428571,673.2833333333333,452.5,456.5,459.5,455.57142857142856,458.06666666666666,90.0,90.0,103.5,91.42857142857144,94.38333333333334,3,2.0,0.0,0.0,0.0,294.0,1,9,60,0,0,1,0.0,82.0,0.1429700871011183,0.1429700871011183,0.0,1.0,1.0,rate_shock,1.0,Feeder Container,15.9,5070.8,13.29,23530.6,188.54,26.33,9.34,9.3,1.034,Chennai,Newcastle (AU),Lump Iron Ore,182.2,126.7,95.7,6.9,11.4,10.7,4.76,3.3,11.91,4.97,3.26,6.52,21648.152,16.431993304008763
2023-03-02,1145.0,real,1000.0,real,1556.0,real,1192.0,real,575.0,real,0.1548814367669895,0.5627648959236169,0.4294631710362047,46.03346717096789,127.02,real,2579.0,real,100.0,forward_filled_monthly,82.355,real,649.5,469.0,real,49.543859469092354,34.53599588154009,47.62008030258073,1099.0,594.0,801.0,934.5714285714286,701.7333333333333,929.0,303.0,893.0,708.2857142857143,531.9,1515.0,843.0,1071.0,1314.2857142857142,1024.1,1156.0,807.0,654.0,1044.428571428571,753.9,556.0,462.0,449.0,522.1428571428571,456.4333333333333,126.8,126.34,121.79,126.12142857142857,124.37766666666668,2579.0,2520.0,2463.5,2739.1428571428573,2608.2166666666667,82.435,82.849,81.245,82.63785714285713,82.30003333333335,645.0,650.5,674.5,641.0,672.45,463.0,460.0,462.5,456.8571428571428,458.28333333333336,100.0,90.0,103.5,92.85714285714286,94.26666666666668,3,3.0,0.0,0.0,0.0,295.0,1,9,61,0,0,1,0.0,83.0,0.1331141267108933,0.1331141267108933,0.0,1.0,0.0,none,1.0,Panamax / Kamsarmax Bulk,13.8,9717.0,29.34,83913.5,224.09,32.27,13.43,5.7,1.006,Chennai,Port Hedland (AU),Thermal Coal,182.2,126.7,95.7,6.9,11.4,10.7,4.76,3.3,11.91,4.97,3.26,6.52,77200.42,13.667969024105648
2023-03-04,1211.0,real,1195.0,real,1565.0,real,1189.0,real,584.0,real,0.1494865337680561,0.5779948745670187,0.5871559633027523,53.02212352646396,126.64,real,2579.0,real,100.0,forward_filled_monthly,81.71,real,648.0,468.0,real,48.790981119811846,35.93085322567535,51.81327411587837,1145.0,674.0,763.0,1011.2857142857144,716.6666666666666,1000.0,390.0,787.0,823.2857142857143,545.5,1556.0,951.0,1060.0,1402.0,1040.9333333333334,1192.0,872.0,652.0,1089.7142857142858,771.8,575.0,473.0,441.0,538.0,461.2,127.02,125.77,122.16,126.24571428571429,124.527,2579.0,2864.0,2475.0,2698.428571428572,2611.6833333333334,82.355,82.835,80.984,82.47714285714287,82.32423333333334,649.5,641.5,687.5,641.9285714285714,671.1333333333333,469.0,455.5,466.5,458.6428571428572,458.3333333333333,100.0,90.0,103.5,94.28571428571428,94.15,3,0.0,0.0,0.0,0.0,296.0,1,9,63,0,0,1,0.0,84.0,0.0,0.0,0.0,0.0,0.0,none,0.0,Panamax / Kamsarmax Bulk,14.1,9672.1,28.58,66712.0,221.83,32.28,12.54,5.8,1.006,Kamarajar (Ennore),Tubarao (BR),Iron Ore Fines,182.2,126.7,95.7,6.9,11.4,10.7,4.76,3.3,11.91,4.97,3.26,6.52,61375.04,15.732704915472086
2023-03-05,1211.0,real,1195.0,real,1565.0,real,1189.0,real,584.0,real,0.1494865337680561,0.5779948745670187,0.5871559633027523,53.02212352646396,126.64,real,2579.0,real,100.0,forward_filled_monthly,81.71,real,648.0,468.0,real,48.790981119811846,35.93085322567535,51.81327411587837,1145.0,674.0,763.0,1011.2857142857144,716.6666666666666,1000.0,390.0,787.0,823.2857142857143,545.5,1556.0,951.0,1060.0,1402.0,1040.9333333333334,1192.0,872.0,652.0,1089.7142857142858,771.8,575.0,473.0,441.0,538.0,461.2,127.02,125.77,122.16,126.24571428571429,124.527,2579.0,2864.0,2475.0,2698.428571428572,2611.6833333333334,82.355,82.835,80.984,82.47714285714287,82.32423333333334,649.5,641.5,687.5,641.9285714285714,671.1333333333333,469.0,455.5,466.5,458.6428571428572,458.3333333333333,100.0,90.0,103.5,94.28571428571428,94.15,3,0.0,0.0,0.0,0.0,296.0,1,9,64,0,0,1,0.0,84.0,0.0,0.0,0.0,0.0,0.0,none,0.0,Capesize Bulk,13.4,11695.1,36.37,166127.9,275.96,44.73,16.77,3.7,1.0,Chennai,Richards Bay (ZA),Thermal Coal,182.2,126.7,95.7,6.9,11.4,10.7,4.76,3.3,11.91,4.97,3.26,6.52,152837.668,11.220046685747652
2023-03-08,1327.0,real,1550.0,real,1592.0,real,1161.0,real,612.0,real,0.0840017420874344,0.7628604743675456,0.8876244665718349,66.33833845814237,127.37,real,2579.0,real,100.0,forward_filled_monthly,81.955,real,643.0,476.0,real,49.4050272411568,38.38242067900398,59.803003074885424,1298.0,935.0,703.0,1189.7142857142858,773.9666666666667,1471.0,701.0,631.0,1171.857142857143,622.1333333333333,1580.0,1317.0,1035.0,1544.428571428571,1095.4666666666667,1161.0,1050.0,648.0,1163.428571428571,823.8,601.0,517.0,433.0,579.7142857142857,478.1,127.33,125.74,121.93,126.63,125.00566666666668,2579.0,2557.0,2475.0,2579.0,2622.083333333333,82.025,82.652,81.519,82.13428571428572,82.36403333333334,654.0,641.0,699.5,646.8571428571429,666.25,482.0,451.5,471.5,469.3571428571428,458.9166666666667,100.0,90.0,103.5,98.57142857142856,93.8,3,2.0,0.0,0.0,0.0,301.0,1,10,67,0,0,1,0.0,89.0,0.0867157412486139,0.0867157412486139,0.0,0.0,0.0,none,0.0,Panamax / Kamsarmax Bulk,13.8,8491.3,25.64,68825.8,224.07,32.29,13.25,4.2,1.0,V.O. Chidambaranar (Tuticorin),Hay Point (AU),Iron Ore Fines,182.2,126.7,95.7,6.9,11.4,10.7,4.76,3.3,11.91,4.97,3.26,6.52,63319.736,13.844140247887324
2023-03-11,1424.0,real,1744.0,real,1654.0,real,1209.0,real,631.0,real,0.0501436605108789,0.8584428897361711,1.106508875739645,76.03889544152027,129.44,real,2579.0,real,100.0,forward_filled_monthly,81.965,real,632.5,467.5,real,50.20248704650161,40.43243829083914,65.62333726491215,1379.0,1099.0,676.0,1291.7142857142858,822.3,1662.0,929.0,534.0,1421.571428571429,699.5666666666667,1624.0,1515.0,1054.0,1593.2857142857142,1134.7666666666669,1180.0,1156.0,650.0,1181.7142857142858,860.2666666666667,620.0,556.0,431.0,602.4285714285714,491.03333333333336,129.48,126.8,122.7,127.54,125.46333333333334,2579.0,2579.0,2475.0,2579.0,2629.016666666667,82.025,82.435,81.515,81.97857142857143,82.39836666666666,636.5,645.0,706.5,644.7142857142857,661.6666666666666,477.5,463.0,473.0,473.57142857142856,458.98333333333335,100.0,100.0,103.5,100.0,93.56666666666666,3,0.0,0.0,0.0,0.0,303.0,1,10,70,0,0,1,0.0,91.0,0.0,0.0,0.0,0.0,0.0,none,0.0,Supramax / Ultramax Bulk,14.6,4640.9,13.24,59695.5,187.02,32.09,12.22,7.3,1.018,Paradip,Newcastle (AU),Iron Ore Fines,182.2,126.7,95.7,6.9,11.4,10.7,4.76,3.3,11.91,4.97,3.26,6.52,54919.86,7.879335727045553
2023-03-13,1465.0,real,1821.0,real,1680.0,real,1235.0,real,650.0,real,0.0535173545031961,0.8489188468641266,1.1544117647058822,78.16186393366698,130.49,real,2579.0,real,100.0,forward_filled_monthly,82.263,real,633.5,474.0,real,46.22583619395169,41.29894058037771,66.89711836020018,1424.0,1145.0,680.0,1337.428571428571,848.4666666666667,1744.0,1000.0,533.0,1538.857142857143,742.5,1654.0,1556.0,1060.0,1611.0,1155.4333333333334,1209.0,1192.0,658.0,1187.857142857143,879.5,631.0,575.0,432.0,613.1428571428571,498.3,129.44,127.02,123.08,128.03571428571428,125.71033333333337,2579.0,2579.0,2679.5,2579.0,2625.6666666666665,81.965,82.355,81.525,81.96542857142857,82.42296666666667,632.5,649.5,697.5,642.4285714285714,659.5333333333333,467.5,469.0,468.5,474.2857142857143,459.1666666666667,100.0,100.0,103.5,100.0,93.45,3,0.0,0.0,0.0,0.0,306.0,1,11,72,0,0,1,0.0,94.0,0.0606726227097829,0.0606726227097829,0.0,0.0,0.0,none,0.0,Capesize Bulk,12.2,5230.9,17.87,181647.4,274.23,43.01,18.03,2.9,1.0,Paradip,Richards Bay (ZA),Lump Iron Ore,182.2,126.7,95.7,6.9,11.4,10.7,4.76,3.3,11.91,4.97,3.26,6.52,167115.608,6.120605420138853
2023-03-14,1587.0,real,2110.0,real,1743.0,real,1263.0,real,665.0,real,0.0422833551878989,0.8806327756754123,1.3303964757709252,85.96118470018598,130.04,real,2579.0,real,100.0,forward_filled_monthly,82.26,real,623.0,470.0,real,46.00986499959466,43.87731324680955,71.57671082011159,1465.0,1211.0,681.0,1391.142857142857,878.6666666666666,1821.0,1195.0,532.0,1669.571428571429,795.1,1680.0,1565.0,1052.0,1636.428571428571,1178.4666666666667,1235.0,1189.0,670.0,1198.428571428571,899.2666666666667,650.0,584.0,433.0,624.7142857142857,506.03333333333336,130.49,126.64,123.37,128.52142857142857,125.93266666666666,2579.0,2579.0,2666.5,2579.0,2622.75,82.263,81.71,81.769,82.044,82.43933333333334,633.5,648.0,690.0,638.8571428571429,657.3,474.0,468.0,461.0,474.57142857142856,459.4666666666666,100.0,100.0,103.5,100.0,93.33333333333331,3,1.0,0.0,0.0,0.0,307.0,1,11,73,0,0,1,0.0,95.0,0.0564900207521039,0.0564900207521039,0.0,0.0,1.0,rate_shock,0.0,Panamax / Kamsarmax Bulk,13.6,3342.8,10.24,80688.1,225.99,32.24,14.42,6.4,1.011,Visakhapatnam,Hay Point (AU),Thermal Coal,182.2,126.7,95.7,6.9,11.4,10.7,4.76,3.3,11.91,4.97,3.26,6.52,74233.05200000001,5.340788403895429
2023-03-17,1535.0,real,1913.0,real,1723.0,real,1318.0,real,694.0,real,0.0730674899457014,0.7937282076026171,1.471819645732689,92.22880112933171,130.0,real,1690.5,real,100.0,forward_filled_monthly,82.54,real,603.0,465.0,real,26.385584168920328,42.77833473324844,75.33728067759903,1560.0,1327.0,621.0,1507.571428571429,970.9666666666668,1976.0,1550.0,429.0,1904.2857142857144,949.1,1746.0,1592.0,940.0,1705.428571428571,1254.4666666666667,1312.0,1161.0,682.0,1259.0,961.9333333333332,688.0,612.0,436.0,660.5714285714286,531.0666666666667,128.91,127.37,125.26,129.77857142857144,126.38133333333332,1676.0,2579.0,2666.5,2201.5,2525.9166666666665,82.625,81.955,82.233,82.36942857142857,82.50726666666667,598.0,643.0,679.0,619.9285714285714,648.7333333333333,452.5,476.0,448.0,467.07142857142856,459.6666666666667,100.0,100.0,90.0,100.0,94.33333333333331,3,4.0,0.0,0.0,0.0,310.0,1,11,76,0,0,1,0.0,98.0,0.0455940982777258,0.0455940982777258,0.0,0.0,0.0,none,0.0,Feeder Container,17.2,2760.6,6.69,40038.4,207.98,28.51,8.83,9.1,1.033,Paradip,Port Hedland (AU),Coking Coal,182.2,126.7,95.7,6.9,11.4,10.7,4.76,3.3,11.91,4.97,3.26,6.52,36835.328,6.340895707031597
2023-03-18,1535.0,real,1913.0,real,1723.0,real,1318.0,real,694.0,real,0.0730674899457014,0.7937282076026171,1.471819645732689,92.22880112933171,130.0,real,1690.5,real,100.0,forward_filled_monthly,82.54,real,603.0,465.0,real,26.385584168920328,42.77833473324844,75.33728067759903,1560.0,1327.0,621.0,1507.571428571429,970.9666666666668,1976.0,1550.0,429.0,1904.2857142857144,949.1,1746.0,1592.0,940.0,1705.428571428571,1254.4666666666667,1312.0,1161.0,682.0,1259.0,961.9333333333332,688.0,612.0,436.0,660.5714285714286,531.0666666666667,128.91,127.37,125.26,129.77857142857144,126.38133333333332,1676.0,2579.0,2666.5,2201.5,2525.9166666666665,82.625,81.955,82.233,82.36942857142857,82.50726666666667,598.0,643.0,679.0,619.9285714285714,648.7333333333333,452.5,476.0,448.0,467.07142857142856,459.6666666666667,100.0,100.0,90.0,100.0,94.33333333333331,3,0.0,0.0,0.0,0.0,310.0,1,11,77,0,0,1,0.0,98.0,0.0,0.0,0.0,0.0,0.0,none,0.0,Panamax / Kamsarmax Bulk,13.1,4403.9,14.01,68200.5,220.23,32.28,13.42,4.2,1.0,V.O. Chidambaranar (Tuticorin),Muara Pantai (ID),Lump Iron Ore,182.2,126.7,95.7,6.9,11.4,10.7,4.76,3.3,11.91,4.97,3.26,6.52,62744.46,7.876480154630385
2023-03-19,1535.0,real,1913.0,real,1723.0,real,1318.0,real,694.0,real,0.0730674899457014,0.7937282076026171,1.471819645732689,92.22880112933171,130.0,real,1690.5,real,100.0,forward_filled_monthly,82.54,real,603.0,465.0,real,26.385584168920328,42.77833473324844,75.33728067759903,1560.0,1327.0,621.0,1507.571428571429,970.9666666666668,1976.0,1550.0,429.0,1904.2857142857144,949.1,1746.0,1592.0,940.0,1705.428571428571,1254.4666666666667,1312.0,1161.0,682.0,1259.0,961.9333333333332,688.0,612.0,436.0,660.5714285714286,531.0666666666667,128.91,127.37,125.26,129.77857142857144,126.38133333333332,1676.0,2579.0,2666.5,2201.5,2525.9166666666665,82.625,81.955,82.233,82.36942857142857,82.50726666666667,598.0,643.0,679.0,619.9285714285714,648.7333333333333,452.5,476.0,448.0,467.07142857142856,459.6666666666667,100.0,100.0,90.0,100.0,94.33333333333331,3,0.0,0.0,0.0,0.0,310.0,1,11,78,0,0,1,0.0,98.0,0.0,0.0,0.0,0.0,0.0,none,0.0,Feeder Container,18.7,9655.7,21.51,27147.7,200.8,31.2,11.04,9.0,1.032,Syama Prasad Mookerjee (Kolkata & Haldia),Muara Pantai (ID),Lump Iron Ore,182.2,126.7,95.7,6.9,11.4,10.7,4.76,3.3,11.91,4.97,3.26,6.52,24975.884,25.57026146593244
2023-03-20,1542.0,real,1945.0,real,1697.0,real,1329.0,real,703.0,real,0.0710430969537149,0.7994431318635171,1.536184210526316,95.08132100895556,128.26,real,1729.0,real,100.0,forward_filled_monthly,82.53,real,593.0,456.0,real,26.693377741297464,42.92627414853551,77.04879260537334,1535.0,1379.0,608.0,1530.857142857143,1002.1,1913.0,1662.0,419.0,1944.7142857142856,999.9666666666668,1723.0,1624.0,907.0,1715.857142857143,1280.8,1318.0,1180.0,680.0,1280.2857142857142,983.5666666666668,694.0,620.0,436.0,672.4285714285714,539.9666666666667,130.0,129.48,124.34,129.6042857142857,126.512,1690.5,2579.0,2666.5,2080.0714285714284,2494.6666666666665,82.54,82.025,82.75,82.44157142857144,82.49993333333333,603.0,636.5,665.5,613.7142857142857,646.3166666666667,465.0,477.5,426.0,464.0,460.6666666666667,100.0,100.0,90.0,100.0,94.66666666666669,3,0.0,0.0,0.0,0.0,313.0,1,12,79,0,0,1,0.0,101.0,0.0367998058786603,0.0367998058786603,0.0,0.0,0.0,none,0.0,Capesize Bulk,14.0,3212.0,9.56,173971.1,279.8,43.08,18.07,0.9,1.0,V.O. Chidambaranar (Tuticorin),Hay Point (AU),Iron Ore Fines,182.2,126.7,95.7,6.9,11.4,10.7,4.76,3.3,11.91,4.97,3.26,6.52,160053.412,3.4345716835927247
2023-03-21,1512.0,real,1881.0,real,1658.0,real,1335.0,real,705.0,real,0.0730736090363758,0.7937109332196844,1.5158069883527454,94.1782397634287,128.01,real,1756.5,real,100.0,forward_filled_monthly,82.705,real,593.0,460.5,real,28.13748496536071,42.29224808301948,76.50694385805723,1542.0,1424.0,601.0,1543.428571428571,1032.4666666666667,1945.0,1744.0,443.0,1964.2857142857144,1047.9,1697.0,1654.0,867.0,1716.428571428571,1307.1666666666667,1329.0,1209.0,667.0,1298.2857142857142,1005.8333333333334,703.0,631.0,437.0,683.0,548.9,128.26,129.44,122.75,129.4,126.68733333333334,1729.0,2579.0,2666.5,1962.571428571429,2464.333333333333,82.53,81.965,82.87,82.54728571428572,82.49443333333333,593.0,632.5,667.5,608.0714285714286,643.8333333333334,456.0,467.5,434.0,463.0,461.55,100.0,100.0,90.0,100.0,95.0,3,1.0,0.0,0.0,0.0,314.0,1,12,80,0,0,1,0.0,102.0,0.0342629295539539,0.0342629295539539,0.0,0.0,0.0,none,0.0,Panamax / Kamsarmax Bulk,14.4,3263.9,9.44,77194.2,221.96,32.23,12.85,6.3,1.01,Chennai,Richards Bay (ZA),Iron Ore Fines,182.2,126.7,95.7,6.9,11.4,10.7,4.76,3.3,11.91,4.97,3.26,6.52,71018.664,4.899582638233352
2023-03-23,1484.0,real,1856.0,real,1584.0,real,1333.0,real,704.0,real,0.0451387099267637,0.8725720206069998,1.5067567567567566,93.7771500392065,126.66,real,1761.0,real,100.0,forward_filled_monthly,82.265,real,603.0,465.0,real,26.16429726556408,41.7004904218712,76.26629002352391,1456.0,1587.0,592.0,1527.428571428571,1090.6333333333334,1752.0,2110.0,452.0,1918.142857142857,1137.3,1606.0,1743.0,861.0,1683.142857142857,1356.2666666666669,1337.0,1263.0,636.0,1322.857142857143,1051.9333333333334,706.0,665.0,436.0,696.5714285714286,566.8,127.73,130.04,124.65,128.5228571428571,126.905,1747.5,2579.0,2666.5,1726.928571428571,2403.516666666667,82.525,82.26,82.54,82.58542857142857,82.48093333333333,599.0,623.0,682.0,600.2857142857143,638.7,463.0,470.0,453.0,460.7142857142857,462.4166666666667,100.0,100.0,90.0,100.0,95.66666666666669,3,3.0,0.0,0.0,0.0,316.0,1,12,82,0,0,1,0.0,104.0,0.02970177641102,0.02970177641102,0.0,0.0,0.0,none,0.0,Supramax / Ultramax Bulk,14.0,6831.0,20.33,58149.0,196.97,32.26,12.41,7.4,1.019,Kamarajar (Ennore),Muara Pantai (ID),Iron Ore Fines,182.2,126.7,95.7,6.9,11.4,10.7,4.76,3.3,11.91,4.97,3.26,6.52,53497.08,12.191430475983696
2023-03-24,1489.0,real,1882.0,real,1572.0,real,1332.0,real,703.0,real,0.0464668603736935,0.868822610664696,1.4734219269102988,92.29981130281048,126.01,real,1766.5,real,100.0,forward_filled_monthly,82.339,real,600.0,463.0,real,25.56884273509452,41.80616143279053,75.37988678168628,1484.0,1603.0,602.0,1511.142857142857,1120.2,1856.0,2104.0,486.0,1886.428571428572,1183.8333333333333,1584.0,1768.0,864.0,1655.142857142857,1379.8666666666666,1333.0,1296.0,628.0,1328.0,1075.4,704.0,676.0,436.0,700.4285714285714,575.7,126.66,130.09,125.14,127.93999999999998,126.934,1761.0,1728.0,2666.5,1732.428571428571,2373.516666666667,82.265,82.908,82.52,82.50414285714285,82.47489999999999,603.0,613.0,678.5,598.4285714285714,636.0833333333334,465.0,463.0,454.5,460.7142857142857,462.7,100.0,100.0,90.0,100.0,96.0,3,4.0,0.0,0.0,0.0,317.0,1,12,83,0,0,1,0.0,105.0,0.0276542185073916,0.0276542185073916,0.0,0.0,0.0,none,0.0,Panamax / Kamsarmax Bulk,14.5,10370.5,29.8,65324.0,228.18,32.2,14.28,5.6,1.005,Kamarajar (Ennore),Richards Bay (ZA),Iron Ore Fines,182.2,126.7,95.7,6.9,11.4,10.7,4.76,3.3,11.91,4.97,3.26,6.52,60098.08,15.98916333300498
2023-03-28,1402.0,real,1646.0,real,1561.0,real,1315.0,real,700.0,real,0.0516205905715683,0.8542734703255634,1.4902309058614565,93.0447545300053,126.01,real,1823.5,real,100.0,forward_filled_monthly,82.2,real,610.5,477.5,real,27.336526415177264,39.96748584279405,75.82685271800318,1456.0,1535.0,563.0,1477.2857142857142,1176.1666666666667,1795.0,1913.0,382.0,1822.428571428572,1268.0,1565.0,1723.0,848.0,1606.142857142857,1427.0333333333333,1326.0,1318.0,627.0,1329.571428571429,1121.7,702.0,694.0,432.0,703.2857142857143,593.5333333333333,126.01,130.0,124.2,126.95571428571428,127.06933333333332,1770.0,1690.5,2666.5,1764.857142857143,2315.5333333333333,82.2,82.54,82.915,82.39485714285715,82.43783333333334,598.5,603.0,680.5,599.5714285714286,631.0,464.5,465.0,458.5,464.2142857142857,463.53333333333336,100.0,100.0,90.0,100.0,96.66666666666669,3,1.0,0.0,0.0,0.0,321.0,1,13,87,0,0,1,0.0,109.0,0.0207815172660471,0.0207815172660471,0.0,0.0,0.0,none,0.0,Supramax / Ultramax Bulk,14.5,5186.2,14.9,59108.5,198.35,32.13,13.3,7.6,1.021,Kamarajar (Ennore),Tubarao (BR),Thermal Coal,182.2,126.7,95.7,6.9,11.4,10.7,4.76,3.3,11.91,4.97,3.26,6.52,54379.82,9.007709666513517
2023-03-29,1407.0,real,1662.0,real,1598.0,real,1285.0,real,695.0,real,0.0508498410524091,0.8564493201450186,1.6007393715341958,97.94228776446336,126.01,real,1770.0,real,100.0,forward_filled_monthly,82.206,real,611.0,478.5,real,30.86855319698252,40.073156853713385,78.76537265867802,1402.0,1542.0,541.0,1458.0,1205.0333333333333,1646.0,1945.0,317.0,1782.0,1312.8333333333333,1561.0,1697.0,830.0,1592.0,1452.6333333333334,1315.0,1329.0,640.0,1323.2857142857142,1143.2,700.0,703.0,431.0,702.1428571428571,602.3333333333334,126.01,128.26,124.34,126.63428571428572,127.125,1823.5,1729.0,2361.5,1770.7142857142858,2295.8166666666666,82.2,82.53,82.765,82.34857142857143,82.4192,610.5,593.0,675.5,602.1428571428571,628.85,477.5,456.0,455.5,467.4285714285714,464.3,100.0,100.0,90.0,100.0,97.0,3,2.0,0.0,0.0,0.0,322.0,1,13,88,0,0,1,0.0,110.0,0.019348897232193,0.019348897232193,0.0,0.0,0.0,none,0.0,Aframax / Suezmax Tanker,15.2,2779.8,7.62,86709.9,274.75,42.76,14.22,19.5,1.116,Paradip,Tubarao (BR),Pellets,182.2,126.7,95.7,6.9,11.4,10.7,4.76,3.3,11.91,4.97,3.26,6.52,79773.108,3.889267245963861
2023-04-01,1389.0,forward_filled,1665.0,forward_filled,1635.0,forward_filled,1198.0,forward_filled,687.0,forward_filled,0.0362801012696807,0.8975801478493806,1.516304347826087,94.20028182631806,127.06,forward_filled,1767.5,forward_filled,90.0,real,82.185,forward_filled,612.5,485.5,forward_filled,28.488318946492264,24.308125829788388,76.52016909579083,1389.0,1484.0,552.0,1419.2857142857142,1290.4,1665.0,1856.0,284.0,1713.0,1452.0333333333333,1635.0,1584.0,809.0,1598.7142857142858,1534.5333333333333,1198.0,1333.0,727.0,1270.142857142857,1194.9,687.0,704.0,448.0,695.0,627.1666666666666,127.06,126.66,124.94,126.31000000000002,127.31033333333332,1767.5,1761.0,2520.0,1780.2142857142858,2229.2,82.185,82.265,82.721,82.20214285714285,82.36149999999999,612.5,603.0,654.0,607.5714285714286,623.75,485.5,465.0,456.5,475.7857142857143,466.78333333333336,100.0,100.0,90.0,98.57142857142856,97.66666666666669,4,5.0,0.0,1.0,0.0,325.0,2,13,91,0,0,1,0.0,113.0,20.015616838341085,20.015616838341085,0.0,0.0,0.0,none,0.0,Capesize Bulk,13.6,10582.0,32.42,153747.5,296.5,46.14,17.28,3.3,1.0,Syama Prasad Mookerjee (Kolkata & Haldia),Richards Bay (ZA),Coking Coal,188.7,116.2,92.6,1.5,11.1,9.9,4.47,3.59,11.76,5.2,3.14,6.63,141447.7,11.440274453914766
2023-04-02,1389.0,forward_filled,1665.0,forward_filled,1635.0,forward_filled,1198.0,forward_filled,687.0,forward_filled,0.0362801012696807,0.8975801478493806,1.516304347826087,94.20028182631806,127.06,forward_filled,1767.5,forward_filled,90.0,real,82.185,forward_filled,612.5,485.5,forward_filled,28.488318946492264,24.308125829788388,76.52016909579083,1389.0,1484.0,552.0,1419.2857142857142,1290.4,1665.0,1856.0,284.0,1713.0,1452.0333333333333,1635.0,1584.0,809.0,1598.7142857142858,1534.5333333333333,1198.0,1333.0,727.0,1270.142857142857,1194.9,687.0,704.0,448.0,695.0,627.1666666666666,127.06,126.66,124.94,126.31000000000002,127.31033333333332,1767.5,1761.0,2520.0,1780.2142857142858,2229.2,82.185,82.265,82.721,82.20214285714285,82.36149999999999,612.5,603.0,654.0,607.5714285714286,623.75,485.5,465.0,456.5,475.7857142857143,466.78333333333336,100.0,100.0,90.0,98.57142857142856,97.66666666666669,4,0.0,0.0,0.0,0.0,325.0,2,13,92,0,0,1,0.0,113.0,0.0,0.0,0.0,0.0,0.0,none,0.0,Supramax / Ultramax Bulk,13.7,2690.3,8.18,52089.8,188.61,32.28,12.54,8.0,1.024,Kamarajar (Ennore),Richards Bay (ZA),Thermal Coal,188.7,116.2,92.6,1.5,11.1,9.9,4.47,3.59,11.76,5.2,3.14,6.63,47922.616,5.59867103473984
2023-04-04,1473.0,real,1867.0,real,1724.0,real,1176.0,real,664.0,real,0.0499697332144586,0.8589338918933015,1.185459940652819,79.53786234830187,120.24,real,1850.0,real,90.0,forward_filled_monthly,82.11,real,636.5,513.0,real,20.720796814580584,26.08339881323326,67.72271740898113,1412.0,1456.0,674.0,1410.7142857142858,1344.3,1723.0,1795.0,390.0,1700.571428571429,1548.6,1664.0,1565.0,951.0,1634.571428571429,1587.6666666666667,1187.0,1326.0,872.0,1228.0,1217.7,683.0,702.0,473.0,686.7142857142857,640.9,122.19,126.01,125.77,124.94,126.98766666666668,1840.5,1770.0,2864.0,1802.2142857142856,2172.75,82.205,82.2,82.835,82.17014285714286,82.31586666666666,636.5,598.5,641.5,618.2142857142857,623.1166666666667,509.5,464.5,455.5,489.3571428571428,470.35,90.0,100.0,90.0,95.71428571428572,97.66666666666669,4,1.0,0.0,1.0,0.0,328.0,2,14,94,0,0,1,0.0,116.0,20.012604627377204,20.012604627377204,0.0,0.0,0.0,none,0.0,Panamax / Kamsarmax Bulk,12.8,2796.5,9.1,81843.3,222.97,32.21,12.84,4.2,1.0,Syama Prasad Mookerjee (Kolkata & Haldia),Newcastle (AU),Pellets,188.7,116.2,92.6,1.5,11.1,9.9,4.47,3.59,11.76,5.2,3.14,6.63,75295.83600000001,4.753086000917767
2023-04-10,1560.0,forward_filled,2041.0,forward_filled,1851.0,forward_filled,1161.0,forward_filled,643.0,forward_filled,0.0318645295150724,0.9100454439880488,0.5757575757575757,52.516967822039895,119.75,real,1850.0,real,90.0,forward_filled_monthly,81.985,real,636.5,518.5,real,24.366672405266133,27.922074403229736,51.51018069322394,1560.0,1389.0,990.0,1497.0,1430.3333333333333,2041.0,1665.0,729.0,1905.0,1729.9666666666667,1851.0,1635.0,1421.0,1769.857142857143,1660.6,1161.0,1198.0,1105.0,1173.428571428571,1236.4333333333334,643.0,687.0,536.0,659.4285714285714,658.6,119.16,127.06,125.75,121.03285714285714,126.137,1850.0,1767.5,2579.0,1836.857142857143,2047.6833333333327,81.885,82.185,82.645,82.02214285714285,82.20970000000001,636.0,612.5,639.0,632.9285714285714,622.9166666666666,518.5,485.5,452.5,511.07142857142856,478.98333333333335,90.0,100.0,90.0,90.0,97.66666666666669,4,0.0,0.0,1.0,0.0,334.0,2,15,100,0,0,1,0.0,122.0,20.008211146579136,20.008211146579136,0.0,0.0,0.0,none,0.0,Supramax / Ultramax Bulk,13.4,11682.1,36.32,51059.8,190.82,32.24,13.3,7.1,1.017,Paradip,Tubarao (BR),Iron Ore Fines,188.7,116.2,92.6,1.5,11.1,9.9,4.47,3.59,11.76,5.2,3.14,6.63,46975.016,22.78890757272967
2023-04-11,1507.0,real,1911.0,real,1852.0,real,1131.0,real,636.0,real,0.0472277129679267,0.8666747001715437,0.3712465878070974,43.45341459829444,121.05,real,1915.0,real,90.0,forward_filled_monthly,82.07,real,638.5,521.5,real,25.939135811234703,26.80196168748476,46.07204875897666,1560.0,1389.0,1099.0,1513.857142857143,1443.9333333333334,2041.0,1665.0,929.0,1940.142857142857,1762.7,1851.0,1635.0,1515.0,1800.857142857143,1671.8333333333333,1161.0,1198.0,1156.0,1163.857142857143,1235.6,643.0,687.0,556.0,652.1428571428571,661.2666666666667,119.75,127.06,126.8,120.17428571428572,125.94533333333334,1850.0,1767.5,2579.0,1857.928571428572,2025.55,81.985,82.185,82.435,82.00571428571428,82.19753333333333,636.5,612.5,645.0,636.6428571428571,622.7,518.5,485.5,463.0,516.2142857142857,480.9333333333333,90.0,90.0,100.0,90.0,97.33333333333331,4,1.0,0.0,1.0,0.0,335.0,2,15,101,0,0,1,0.0,123.0,20.007645092958526,20.007645092958526,0.0,0.0,0.0,none,0.0,Capesize Bulk,12.7,8318.3,27.29,199308.1,293.08,47.18,16.84,2.4,1.0,Paradip,Richards Bay (ZA),Thermal Coal,188.7,116.2,92.6,1.5,11.1,9.9,4.47,3.59,11.76,5.2,3.14,6.63,183363.452,8.959447517694528
2023-04-16,1435.0,real,1850.0,real,1702.0,real,1096.0,real,628.0,real,0.0396030697918726,0.8881993045542026,0.1406995230524641,33.23599003386031,119.11,real,1770.0,real,90.0,forward_filled_monthly,81.845,real,642.0,527.5,real,22.408932936826925,25.2802991302463,39.94159402031619,1463.0,1525.0,1258.0,1506.857142857143,1468.8333333333333,1888.0,1957.0,1329.0,1942.0,1830.5666666666664,1747.0,1813.0,1582.0,1809.428571428572,1690.4333333333334,1105.0,1170.0,1180.0,1133.2857142857142,1227.5333333333333,628.0,653.0,594.0,636.0,665.7333333333333,119.92,119.67,125.5,119.80714285714284,125.291,1770.0,1850.0,2579.0,1836.428571428572,1947.3166666666664,81.675,81.945,81.815,81.89428571428572,82.18419999999999,643.0,635.5,649.5,639.2857142857143,622.0333333333333,528.5,516.0,475.0,522.6428571428571,486.65,90.0,90.0,100.0,90.0,96.33333333333331,4,0.0,0.0,0.0,0.0,338.0,2,15,106,0,0,1,0.0,126.0,0.0,0.0,0.0,0.0,0.0,none,0.0,Panamax / Kamsarmax Bulk,13.2,7569.5,23.89,84582.1,226.34,32.21,13.85,4.9,1.0,Chennai,Muara Pantai (ID),Pellets,188.7,116.2,92.6,1.5,11.1,9.9,4.47,3.59,11.76,5.2,3.14,6.63,77815.532,11.44323323240404
2023-04-18,1368.0,real,1678.0,real,1644.0,real,1113.0,real,633.0,real,0.03698789342914,0.8955820286107838,0.0308967596081386,28.36973223243127,120.34,real,1705.0,real,90.0,forward_filled_monthly,82.105,real,635.5,519.5,real,20.688768342854363,23.864307583927168,37.021839339458765,1412.0,1560.0,1327.0,1458.2857142857142,1474.0,1801.0,2041.0,1550.0,1855.857142857143,1845.8333333333333,1675.0,1851.0,1592.0,1754.7142857142858,1695.3333333333333,1098.0,1161.0,1161.0,1117.428571428571,1223.8333333333333,630.0,643.0,612.0,632.7142857142857,667.4,120.01,119.16,127.37,120.09714285714286,124.81266666666669,1844.5,1850.0,2579.0,1814.928571428572,1893.7,82.005,81.885,81.955,81.94928571428571,82.18853333333333,640.5,636.0,643.0,639.7142857142857,621.3333333333334,527.5,518.5,476.0,524.3571428571429,489.6166666666667,90.0,90.0,100.0,90.0,95.66666666666669,4,1.0,0.0,1.0,0.0,342.0,2,16,108,0,0,1,0.0,130.0,20.0046369832757,20.0046369832757,0.0,0.0,0.0,none,0.0,Panamax / Kamsarmax Bulk,14.3,3069.9,8.94,72464.1,224.93,32.26,12.88,4.2,1.0,Chennai,Newcastle (AU),Iron Ore Fines,188.7,116.2,92.6,1.5,11.1,9.9,4.47,3.59,11.76,5.2,3.14,6.63,66666.97200000001,5.022514938332582
2023-04-19,1372.0,real,1643.0,real,1657.0,real,1151.0,real,639.0,real,0.035250255400616,0.9004874347079119,-0.0050761421319797,26.775478971021776,120.26,real,1698.0,real,90.0,forward_filled_monthly,82.28,real,634.5,519.0,real,19.301043715073185,23.94884439266264,36.06528738261306,1368.0,1560.0,1379.0,1431.428571428571,1473.7666666666669,1678.0,2041.0,1662.0,1799.0,1845.2,1644.0,1851.0,1624.0,1727.0,1696.4333333333334,1113.0,1161.0,1180.0,1116.0,1222.8666666666666,633.0,643.0,620.0,632.1428571428571,668.0333333333333,120.34,119.75,129.48,120.17,124.50533333333333,1705.0,1850.0,2579.0,1793.2142857142858,1864.3333333333333,82.105,81.985,82.025,81.99142857142856,82.19703333333334,635.5,636.5,636.5,639.4285714285714,621.2666666666667,519.5,518.5,477.5,524.4285714285714,491.0,90.0,90.0,100.0,90.0,95.33333333333331,4,2.0,0.0,1.0,0.0,343.0,2,16,109,0,0,1,0.0,131.0,20.00431732253812,20.00431732253812,0.0,0.0,0.0,none,0.0,Panamax / Kamsarmax Bulk,14.4,8356.6,24.18,76056.3,227.41,32.25,12.67,5.0,1.0,Kamarajar (Ennore),Richards Bay (ZA),Coking Coal,188.7,116.2,92.6,1.5,11.1,9.9,4.47,3.59,11.76,5.2,3.14,6.63,69971.796,12.27785885736876
2023-04-21,1504.0,real,1962.0,real,1692.0,real,1201.0,real,660.0,real,0.063139779984143,0.8217544410163253,0.0266211604095563,28.180245489992096,117.21,real,1578.5,real,90.0,forward_filled_monthly,82.055,real,613.0,508.0,real,14.38371454869612,26.73855908093316,36.908147293995256,1432.0,1463.0,1465.0,1426.571428571429,1475.3333333333333,1778.0,1822.0,1821.0,1800.0,1851.0333333333333,1677.0,1812.0,1680.0,1684.857142857143,1697.6,1179.0,1118.0,1235.0,1134.7142857142858,1220.7333333333331,650.0,631.0,650.0,638.2857142857143,669.0,119.31,120.5,130.49,119.45142857142858,123.725,1644.5,1850.0,2579.0,1715.7857142857142,1799.8333333333333,82.14,81.96,82.263,82.015,82.19593333333334,618.0,642.0,633.5,632.3571428571429,620.1,510.5,527.5,474.0,520.0714285714286,493.56666666666666,90.0,90.0,100.0,90.0,94.66666666666669,4,4.0,0.0,1.0,0.0,345.0,2,16,111,0,0,1,0.0,133.0,20.003742591494387,20.003742591494387,0.0,0.0,0.0,none,0.0,Supramax / Ultramax Bulk,13.8,9473.3,28.6,56674.6,189.06,32.01,12.71,7.4,1.019,Paradip,Newcastle (AU),Thermal Coal,188.7,116.2,92.6,1.5,11.1,9.9,4.47,3.59,11.76,5.2,3.14,6.63,52140.632,16.611442740369238
2023-04-24,1517.0,real,1993.0,real,1687.0,real,1212.0,real,664.0,real,0.0623166109133482,0.8240782728573413,-0.0441083805923125,25.04564149738532,116.76,real,1557.0,real,90.0,forward_filled_monthly,81.96,real,611.5,508.0,real,13.896887020326684,27.013303709323434,35.027384898431194,1504.0,1463.0,1587.0,1434.2857142857142,1473.0,1962.0,1888.0,2110.0,1815.0,1847.1333333333328,1692.0,1747.0,1743.0,1676.2857142857142,1695.7333333333331,1201.0,1105.0,1263.0,1150.0,1219.0333333333333,660.0,628.0,665.0,643.4285714285714,668.9666666666667,117.21,119.92,130.04,119.0,123.28233333333333,1578.5,1770.0,2579.0,1685.357142857143,1765.7666666666669,82.055,81.675,82.26,82.05571428571429,82.18593333333334,613.0,643.0,623.0,627.8571428571429,619.7166666666667,508.0,528.5,470.0,517.1428571428571,494.8333333333333,90.0,90.0,100.0,90.0,94.33333333333331,4,0.0,0.0,1.0,0.0,348.0,2,17,114,0,0,1,0.0,136.0,20.00302071201491,20.00302071201491,0.0,0.0,0.0,none,0.0,Panamax / Kamsarmax Bulk,13.8,3326.3,10.04,69113.7,221.21,32.26,14.05,4.4,1.0,Syama Prasad Mookerjee (Kolkata & Haldia),Hay Point (AU),Lump Iron Ore,188.7,116.2,92.6,1.5,11.1,9.9,4.47,3.59,11.76,5.2,3.14,6.63,63584.604,5.7308429462012525
2023-04-27,1581.0,real,2276.0,real,1612.0,real,1185.0,real,665.0,real,0.0483113288827591,0.8636156188045921,0.0299674267100977,28.32854589682954,116.21,real,1434.5,real,90.0,forward_filled_monthly,81.715,real,598.0,496.5,real,27.089535369280693,28.365892649090963,36.99712753809772,1536.0,1368.0,1535.0,1493.142857142857,1470.6333333333334,2100.0,1678.0,1913.0,1962.571428571429,1859.4333333333327,1640.0,1644.0,1723.0,1661.7142857142858,1685.1333333333334,1203.0,1113.0,1318.0,1192.428571428571,1208.3,667.0,633.0,694.0,658.8571428571429,667.0,116.71,120.34,130.0,117.72285714285717,121.99966666666666,1478.5,1705.0,1690.5,1559.642857142857,1743.9333333333334,81.76,82.105,82.54,81.98571428571428,82.099,609.0,635.5,603.0,614.4285714285714,620.05,506.5,519.5,465.0,508.4285714285714,499.26666666666665,90.0,90.0,100.0,90.0,93.33333333333331,4,3.0,0.0,1.0,0.0,351.0,2,17,117,0,0,1,0.0,139.0,20.002438070275826,20.002438070275826,0.0,0.0,0.0,none,0.0,Panamax / Kamsarmax Bulk,14.4,2882.2,8.34,80344.7,222.06,32.23,13.43,5.3,1.002,Visakhapatnam,Newcastle (AU),Iron Ore Fines,188.7,116.2,92.6,1.5,11.1,9.9,4.47,3.59,11.76,5.2,3.14,6.63,73917.124,4.210896616222266
2023-04-28,1576.0,real,2301.0,real,1586.0,real,1165.0,real,663.0,real,0.0421284950906007,0.8810699505375059,0.0220492866407262,27.97762840006796,116.14,real,1324.0,real,90.0,forward_filled_monthly,81.745,real,600.0,494.5,real,23.41980660226568,28.260221638171625,36.786577040040775,1581.0,1372.0,1542.0,1522.2857142857142,1471.7666666666669,2276.0,1643.0,1945.0,2056.5714285714284,1871.3,1612.0,1657.0,1697.0,1651.571428571429,1681.4333333333334,1185.0,1151.0,1329.0,1194.428571428571,1202.8333333333333,665.0,639.0,703.0,662.2857142857143,665.6666666666666,116.21,120.26,128.26,117.13428571428572,121.59566666666666,1434.5,1698.0,1729.0,1506.2142857142858,1730.4333333333334,81.715,82.28,82.53,81.90928571428572,82.07283333333334,598.0,634.5,593.0,609.5,620.2833333333333,496.5,519.0,456.0,504.9285714285714,500.55,90.0,90.0,100.0,90.0,93.0,4,4.0,0.0,1.0,0.0,352.0,2,17,118,0,0,1,0.0,140.0,20.002269996488124,20.002269996488124,0.0,0.0,0.0,none,0.0,Capesize Bulk,13.4,6735.8,20.94,197786.4,292.18,47.52,16.39,4.1,1.0,Visakhapatnam,Port Hedland (AU),Thermal Coal,188.7,116.2,92.6,1.5,11.1,9.9,4.47,3.59,11.76,5.2,3.14,6.63,181963.488,7.269284791463219
2023-04-30,1576.0,real,2301.0,real,1586.0,real,1165.0,real,663.0,real,0.0421284950906007,0.8810699505375059,0.0220492866407262,27.97762840006796,116.14,real,1324.0,real,90.0,forward_filled_monthly,81.745,real,600.0,494.5,real,23.41980660226568,28.260221638171625,36.786577040040775,1581.0,1372.0,1542.0,1522.2857142857142,1471.7666666666669,2276.0,1643.0,1945.0,2056.5714285714284,1871.3,1612.0,1657.0,1697.0,1651.571428571429,1681.4333333333334,1185.0,1151.0,1329.0,1194.428571428571,1202.8333333333333,665.0,639.0,703.0,662.2857142857143,665.6666666666666,116.21,120.26,128.26,117.13428571428572,121.59566666666666,1434.5,1698.0,1729.0,1506.2142857142858,1730.4333333333334,81.715,82.28,82.53,81.90928571428572,82.07283333333334,598.0,634.5,593.0,609.5,620.2833333333333,496.5,519.0,456.0,504.9285714285714,500.55,90.0,90.0,100.0,90.0,93.0,4,0.0,0.0,0.0,0.0,352.0,2,17,120,0,0,1,0.0,140.0,0.0,0.0,0.0,0.0,0.0,none,0.0,Capesize Bulk,14.4,8302.6,24.02,186687.8,290.35,45.22,18.12,2.4,1.0,Visakhapatnam,Port Hedland (AU),Coking Coal,188.7,116.2,92.6,1.5,11.1,9.9,4.47,3.59,11.76,5.2,3.14,6.63,171752.77599999998,8.617992670581348
2023-05-02,1552.0,real,2268.0,real,1563.0,real,1144.0,real,661.0,real,0.0357932793830462,0.8989544611480718,0.0659340659340659,29.922521614968566,106.01,real,1324.0,forward_filled,96.0,forward_filled_monthly,81.77,real,601.0,496.5,real,17.131981570457423,36.98377001652803,37.95351296898114,1576.0,1504.0,1456.0,1549.7142857142858,1477.1,2301.0,1962.0,1752.0,2175.0,1902.5,1586.0,1692.0,1606.0,1620.142857142857,1677.6,1165.0,1201.0,1337.0,1184.2857142857142,1190.7333333333331,663.0,660.0,706.0,664.2857142857143,662.7666666666667,103.61,117.21,127.73,113.29142857142855,120.05833333333334,1324.0,1578.5,1747.5,1424.071428571429,1701.9,81.79,82.055,82.525,81.81857142857143,82.01716666666667,593.5,613.0,599.0,604.2857142857143,620.3666666666667,496.5,508.0,463.0,501.2857142857143,502.8666666666667,96.0,90.0,100.0,91.71428571428572,92.73333333333332,5,1.0,0.0,1.0,0.0,356.0,2,18,122,0,0,1,0.0,144.0,20.001705850816187,20.001705850816187,0.0,0.0,0.0,none,0.0,Feeder Container,17.2,6895.4,16.7,30941.5,171.75,30.08,10.95,9.0,1.032,Paradip,Port Hedland (AU),Lump Iron Ore,160.8,104.7,90.1,-7.3,11.2,10.2,4.74,3.81,12.19,5.1,3.12,6.34,28466.18,18.04421071424125
2023-05-06,1558.0,real,2384.0,real,1501.0,real,1096.0,real,645.0,real,0.0320828558660055,0.9094291019217204,0.070054945054945,30.1051514463288,103.55,real,1233.5,real,96.0,forward_filled_monthly,81.725,real,574.0,476.5,real,13.148719793194294,37.11057522963124,38.06309086779728,1545.0,1536.0,1456.0,1563.7142857142858,1484.8333333333333,2325.0,2100.0,1795.0,2311.428571428572,1952.5333333333333,1514.0,1640.0,1565.0,1557.428571428571,1672.0666666666666,1105.0,1203.0,1326.0,1140.428571428571,1168.5,651.0,667.0,702.0,657.8571428571429,657.5666666666667,103.87,116.71,126.01,107.83857142857144,117.86566666666666,1241.5,1478.5,1770.0,1315.071428571429,1651.95,81.725,81.76,82.2,81.75,81.96470000000001,572.0,609.0,598.5,589.2142857142857,618.05,477.0,506.5,464.5,488.7857142857143,504.3666666666667,96.0,90.0,100.0,94.28571428571428,92.33333333333331,5,0.0,0.0,0.0,0.0,359.0,2,18,126,0,0,1,0.0,147.0,0.0,0.0,0.0,0.0,0.0,none,0.0,Feeder Container,17.7,10353.5,24.37,30774.6,168.74,32.11,10.18,9.1,1.033,Chennai,Port Hedland (AU),Lump Iron Ore,160.8,104.7,90.1,-7.3,11.2,10.2,4.74,3.81,12.19,5.1,3.12,6.34,28312.632,25.443523611791967
2023-05-09,1598.0,real,2509.0,real,1494.0,real,1097.0,real,640.0,real,0.0227634873762492,0.935737968475399,0.1357498223169864,33.0166283432871,106.05,real,1243.0,real,96.0,forward_filled_monthly,82.125,real,586.5,488.0,real,14.97844527235435,37.95594331698594,39.80997700597226,1558.0,1576.0,1407.0,1563.571428571429,1496.4,2384.0,2301.0,1662.0,2356.5714285714284,2005.3666666666663,1501.0,1586.0,1598.0,1528.428571428571,1666.6,1096.0,1165.0,1285.0,1118.0,1154.9333333333334,645.0,663.0,695.0,651.7142857142857,653.9,107.4,116.14,126.01,105.13857142857144,116.58,1238.5,1324.0,1770.0,1275.5,1614.8833333333334,81.78,81.745,82.206,81.81357142857142,81.948,583.0,600.0,611.0,585.1428571428571,616.3166666666667,480.0,494.5,478.5,485.5,504.76666666666665,96.0,90.0,100.0,96.0,92.06666666666666,5,1.0,0.0,1.0,1.0,0.0,2,19,129,0,0,1,0.0,151.0,20.001034650820912,20.001034650820912,0.0,0.0,0.0,none,0.0,Panamax / Kamsarmax Bulk,13.9,4598.3,13.78,71275.6,221.42,32.22,12.71,6.5,1.012,Syama Prasad Mookerjee (Kolkata & Haldia),Hay Point (AU),Iron Ore Fines,160.8,104.7,90.1,-7.3,11.2,10.2,4.74,3.81,12.19,5.1,3.12,6.34,65573.55200000001,7.008346142552057
2023-05-10,1640.0,real,2630.0,real,1481.0,real,1114.0,real,638.0,real,0.0254354482237509,0.9281949400555178,0.1689237348538845,34.48683551861433,106.85,real,1240.0,real,96.0,forward_filled_monthly,81.925,real,587.0,486.0,real,14.806108922626102,38.84357980870837,40.6921013111686,1598.0,1576.0,1403.0,1572.7142857142858,1504.3,2509.0,2301.0,1676.0,2403.5714285714284,2037.1666666666667,1494.0,1586.0,1625.0,1513.428571428571,1661.8,1097.0,1165.0,1237.0,1110.7142857142858,1150.8333333333333,640.0,663.0,691.0,648.1428571428571,652.1333333333333,106.05,103.61,126.01,105.60142857142856,115.94133333333336,1243.0,1324.0,1796.5,1263.5,1596.3333333333333,82.125,81.79,82.1,81.83285714285715,81.94216666666667,586.5,593.5,608.0,584.2142857142857,615.6166666666667,488.0,496.5,476.0,484.0,505.1,96.0,96.0,100.0,96.0,91.93333333333334,5,2.0,0.0,1.0,0.0,1.0,2,19,130,0,0,1,0.0,152.0,20.000963324869343,20.000963324869343,0.0,0.0,0.0,none,0.0,Capesize Bulk,12.8,6876.5,22.38,187526.0,294.25,43.48,16.84,2.3,1.0,Visakhapatnam,Richards Bay (ZA),Lump Iron Ore,160.8,104.7,90.1,-7.3,11.2,10.2,4.74,3.81,12.19,5.1,3.12,6.34,172523.92,8.465530244803155
2023-05-16,1476.0,real,2295.0,real,1314.0,real,1091.0,real,623.0,real,0.0400150284959208,0.8870363323439779,0.0020366598778003,27.090705356809984,106.84,real,1243.0,real,96.0,forward_filled_monthly,82.292,real,580.5,482.5,real,16.934477468342834,35.3775706505541,36.25442321408599,1522.0,1558.0,1473.0,1565.7142857142858,1521.0,2385.0,2384.0,1867.0,2460.714285714286,2129.9,1366.0,1501.0,1724.0,1429.0,1624.1,1098.0,1096.0,1176.0,1101.857142857143,1139.0666666666666,628.0,645.0,664.0,634.4285714285714,645.3666666666667,106.77,103.55,120.24,106.26714285714286,113.50866666666668,1250.5,1233.5,1850.0,1245.571428571429,1522.0666666666666,82.267,81.725,82.11,82.09857142857143,81.94800000000001,573.0,574.0,636.5,582.2857142857143,609.6666666666666,479.5,476.5,513.0,483.57142857142856,503.01666666666665,96.0,96.0,90.0,96.0,92.4,5,1.0,0.0,1.0,0.0,7.0,2,20,136,0,0,1,0.0,158.0,20.00062754744498,20.00062754744498,0.0,0.0,0.0,none,0.0,Panamax / Kamsarmax Bulk,14.4,11912.1,34.47,70355.5,224.55,32.25,13.91,4.5,1.0,V.O. Chidambaranar (Tuticorin),Port Hedland (AU),Coking Coal,160.8,104.7,90.1,-7.3,11.2,10.2,4.74,3.81,12.19,5.1,3.12,6.34,64727.060000000005,15.825686108228922
2023-05-17,1425.0,real,2184.0,real,1260.0,real,1090.0,real,617.0,real,0.0431155053802547,0.878283589849423,-0.0655737704918032,24.09433464697007,107.38,real,1239.5,real,96.0,forward_filled_monthly,82.405,real,583.0,482.0,real,17.50623666058275,34.29972633917685,34.456600788182044,1476.0,1558.0,1525.0,1546.7142857142858,1517.6666666666667,2295.0,2384.0,1957.0,2432.1428571428573,2137.4666666666667,1314.0,1501.0,1813.0,1394.571428571429,1605.6666666666667,1091.0,1096.0,1170.0,1101.0,1136.4,623.0,645.0,653.0,630.4285714285714,644.1666666666666,106.84,107.4,119.67,106.26428571428572,113.099,1243.0,1238.5,1850.0,1245.7142857142858,1501.7166666666667,82.292,81.78,81.945,82.18785714285714,81.96333333333332,580.5,583.0,635.5,582.2857142857143,607.9166666666666,482.5,480.0,516.0,483.8571428571428,501.8833333333333,96.0,96.0,90.0,96.0,92.6,5,2.0,0.0,1.0,0.0,8.0,2,20,137,0,0,1,0.0,159.0,20.00058428606852,20.00058428606852,0.0,0.0,0.0,none,0.0,Feeder Container,16.2,8252.3,21.23,36233.1,206.81,25.46,10.97,8.9,1.031,Visakhapatnam,Newcastle (AU),Pellets,160.8,104.7,90.1,-7.3,11.2,10.2,4.74,3.81,12.19,5.1,3.12,6.34,33334.452,18.6417259504314
2023-05-18,1402.0,real,2142.0,real,1235.0,real,1085.0,real,614.0,real,0.0325852134521416,0.9080109308610512,-0.1012820512820512,22.511808902440244,107.27,real,1475.0,real,96.0,forward_filled_monthly,82.725,real,595.0,492.0,real,24.749764218403627,33.813639688947895,33.50708534146415,1425.0,1598.0,1560.0,1518.7142857142858,1512.4,2184.0,2509.0,2041.0,2379.714285714286,2140.833333333333,1260.0,1494.0,1851.0,1357.571428571429,1585.1333333333334,1090.0,1097.0,1161.0,1099.2857142857142,1133.8666666666666,617.0,640.0,643.0,626.7142857142857,643.2,107.38,106.05,119.16,106.43857142857142,112.70266666666666,1239.5,1243.0,1850.0,1278.857142857143,1489.2166666666667,82.405,82.125,81.84,82.27357142857143,81.99283333333332,583.0,586.5,637.0,583.5,606.5166666666667,482.0,488.0,516.5,484.4285714285714,501.06666666666666,96.0,96.0,90.0,96.0,92.8,5,3.0,0.0,1.0,0.0,9.0,2,20,138,0,0,1,0.0,160.0,20.000544007011097,20.000544007011097,0.0,0.0,0.0,none,0.0,Supramax / Ultramax Bulk,14.9,8312.1,23.24,60975.6,190.92,32.19,11.8,8.2,1.026,Paradip,Richards Bay (ZA),Thermal Coal,160.8,104.7,90.1,-7.3,11.2,10.2,4.74,3.81,12.19,5.1,3.12,6.34,56097.552,12.2213469497695
2023-05-19,1384.0,real,2105.0,real,1222.0,real,1077.0,real,612.0,real,0.0119938504204136,0.966140987930428,-0.1128205128205128,22.000445374631607,107.1,real,1463.0,real,96.0,forward_filled_monthly,82.905,real,589.0,489.5,real,24.28186369989548,33.43322404963828,33.20026722477897,1402.0,1640.0,1560.0,1482.142857142857,1506.5333333333333,2142.0,2630.0,2041.0,2304.714285714286,2142.9666666666667,1235.0,1481.0,1851.0,1320.571428571429,1564.1666666666667,1085.0,1114.0,1161.0,1094.0,1131.0666666666666,614.0,638.0,643.0,623.0,642.1666666666666,107.27,106.85,119.16,106.47428571428571,112.30066666666669,1475.0,1240.0,1850.0,1310.7142857142858,1476.3166666666666,82.725,81.925,81.885,82.41357142857143,82.02683333333333,595.0,587.0,636.0,583.7857142857143,604.95,492.0,486.0,518.5,484.9285714285714,500.1,96.0,96.0,90.0,96.0,93.0,5,4.0,0.0,1.0,0.0,10.0,2,20,139,0,0,1,0.0,161.0,20.000506504679933,20.000506504679933,0.0,0.0,0.0,none,0.0,Supramax / Ultramax Bulk,13.1,2876.6,9.15,63576.1,191.47,32.1,11.6,7.7,1.022,Visakhapatnam,Port Hedland (AU),Thermal Coal,160.8,104.7,90.1,-7.3,11.2,10.2,4.74,3.81,12.19,5.1,3.12,6.34,58490.012,4.977360414406378
2023-05-20,1384.0,real,2105.0,real,1222.0,real,1077.0,real,612.0,real,0.0119938504204136,0.966140987930428,-0.1128205128205128,22.000445374631607,107.1,real,1463.0,real,96.0,forward_filled_monthly,82.905,real,589.0,489.5,real,24.28186369989548,33.43322404963828,33.20026722477897,1402.0,1640.0,1560.0,1482.142857142857,1506.5333333333333,2142.0,2630.0,2041.0,2304.714285714286,2142.9666666666667,1235.0,1481.0,1851.0,1320.571428571429,1564.1666666666667,1085.0,1114.0,1161.0,1094.0,1131.0666666666666,614.0,638.0,643.0,623.0,642.1666666666666,107.27,106.85,119.16,106.47428571428571,112.30066666666669,1475.0,1240.0,1850.0,1310.7142857142858,1476.3166666666666,82.725,81.925,81.885,82.41357142857143,82.02683333333333,595.0,587.0,636.0,583.7857142857143,604.95,492.0,486.0,518.5,484.9285714285714,500.1,96.0,96.0,90.0,96.0,93.0,5,0.0,0.0,0.0,0.0,10.0,2,20,140,0,0,1,0.0,161.0,0.0,0.0,0.0,0.0,0.0,none,0.0,Capesize Bulk,13.0,9721.8,31.16,164804.8,283.5,43.15,17.6,2.9,1.0,Visakhapatnam,Muara Pantai (ID),Thermal Coal,160.8,104.7,90.1,-7.3,11.2,10.2,4.74,3.81,12.19,5.1,3.12,6.34,151620.416,11.443950328631203
2023-05-21,1384.0,real,2105.0,real,1222.0,real,1077.0,real,612.0,real,0.0119938504204136,0.966140987930428,-0.1128205128205128,22.000445374631607,107.1,real,1463.0,real,96.0,forward_filled_monthly,82.905,real,589.0,489.5,real,24.28186369989548,33.43322404963828,33.20026722477897,1402.0,1640.0,1560.0,1482.142857142857,1506.5333333333333,2142.0,2630.0,2041.0,2304.714285714286,2142.9666666666667,1235.0,1481.0,1851.0,1320.571428571429,1564.1666666666667,1085.0,1114.0,1161.0,1094.0,1131.0666666666666,614.0,638.0,643.0,623.0,642.1666666666666,107.27,106.85,119.16,106.47428571428571,112.30066666666669,1475.0,1240.0,1850.0,1310.7142857142858,1476.3166666666666,82.725,81.925,81.885,82.41357142857143,82.02683333333333,595.0,587.0,636.0,583.7857142857143,604.95,492.0,486.0,518.5,484.9285714285714,500.1,96.0,96.0,90.0,96.0,93.0,5,0.0,0.0,0.0,0.0,10.0,2,20,141,0,0,1,0.0,161.0,0.0,0.0,0.0,0.0,0.0,none,0.0,Capesize Bulk,13.2,11862.7,37.45,177077.6,275.5,48.98,18.21,1.3,1.0,Kamarajar (Ennore),Tubarao (BR),Iron Ore Fines,160.8,104.7,90.1,-7.3,11.2,10.2,4.74,3.81,12.19,5.1,3.12,6.34,162911.39200000002,13.089761002938332
2023-05-26,1172.0,real,1683.0,real,1119.0,real,946.0,real,588.0,real,0.0279245057688769,0.9211682533362272,-0.1832752613240418,18.878019683343258,105.41,real,1300.0,real,96.0,forward_filled_monthly,82.575,real,585.0,485.0,real,20.107621703967848,28.952773186658355,31.32681181000596,1215.0,1425.0,1435.0,1311.571428571429,1472.1,1758.0,2184.0,1850.0,1960.428571428572,2141.766666666667,1141.0,1260.0,1702.0,1190.428571428571,1461.2333333333331,980.0,1090.0,1096.0,1029.7142857142858,1112.2333333333331,594.0,617.0,628.0,603.0,636.4666666666667,105.6,107.38,119.11,106.37714285714286,109.96533333333332,1333.0,1239.5,1770.0,1400.2857142857142,1399.95,82.742,82.405,81.845,82.75742857142858,82.16473333333333,589.0,583.0,642.0,589.7857142857143,596.3666666666667,489.5,482.0,527.5,488.7857142857143,493.98333333333335,96.0,96.0,90.0,96.0,94.0,5,4.0,0.0,1.0,0.0,17.0,2,21,146,0,0,1,0.0,168.0,20.000307210617667,20.000307210617667,0.0,0.0,0.0,none,0.0,Capesize Bulk,13.0,11910.5,38.17,207844.7,272.68,47.81,17.23,4.1,1.0,V.O. Chidambaranar (Tuticorin),Newcastle (AU),Iron Ore Fines,160.8,104.7,90.1,-7.3,11.2,10.2,4.74,3.81,12.19,5.1,3.12,6.34,191217.124,10.988318662731274
2023-05-27,1172.0,real,1683.0,real,1119.0,real,946.0,real,588.0,real,0.0279245057688769,0.9211682533362272,-0.1832752613240418,18.878019683343258,105.41,real,1300.0,real,96.0,forward_filled_monthly,82.575,real,585.0,485.0,real,20.107621703967848,28.952773186658355,31.32681181000596,1215.0,1425.0,1435.0,1311.571428571429,1472.1,1758.0,2184.0,1850.0,1960.428571428572,2141.766666666667,1141.0,1260.0,1702.0,1190.428571428571,1461.2333333333331,980.0,1090.0,1096.0,1029.7142857142858,1112.2333333333331,594.0,617.0,628.0,603.0,636.4666666666667,105.6,107.38,119.11,106.37714285714286,109.96533333333332,1333.0,1239.5,1770.0,1400.2857142857142,1399.95,82.742,82.405,81.845,82.75742857142858,82.16473333333333,589.0,583.0,642.0,589.7857142857143,596.3666666666667,489.5,482.0,527.5,488.7857142857143,493.98333333333335,96.0,96.0,90.0,96.0,94.0,5,0.0,0.0,0.0,0.0,17.0,2,21,147,0,0,1,0.0,168.0,0.0,0.0,0.0,0.0,0.0,none,0.0,Panamax / Kamsarmax Bulk,12.5,10613.7,35.38,69535.2,229.31,32.29,14.06,4.6,1.0,V.O. Chidambaranar (Tuticorin),Muara Pantai (ID),Lump Iron Ore,160.8,104.7,90.1,-7.3,11.2,10.2,4.74,3.81,12.19,5.1,3.12,6.34,63972.384,15.46932593589134
2023-05-29,1172.0,forward_filled,1683.0,forward_filled,1119.0,forward_filled,946.0,forward_filled,588.0,forward_filled,0.0306807774917034,0.9133872126979878,-0.1699716713881019,19.46761047579727,105.41,forward_filled,1280.0,real,96.0,forward_filled_monthly,82.614,real,588.5,489.0,real,17.361274570421024,28.952773186658355,31.680566285478363,1172.0,1402.0,1412.0,1278.7142857142858,1464.1,1683.0,2142.0,1801.0,1894.857142857143,2137.833333333333,1119.0,1235.0,1675.0,1173.857142857143,1442.7,946.0,1085.0,1098.0,1009.8571428571428,1107.1666666666667,588.0,614.0,630.0,599.2857142857143,635.0666666666667,105.41,107.27,120.01,106.11142857142856,109.47866666666668,1300.0,1475.0,1844.5,1372.428571428571,1381.1333333333334,82.575,82.725,82.005,82.74157142857143,82.18503333333334,585.0,595.0,640.5,588.8571428571429,594.6333333333333,485.0,492.0,527.5,488.3571428571428,492.7,96.0,96.0,90.0,96.0,94.2,5,0.0,0.0,1.0,0.0,20.0,2,22,149,0,0,1,0.0,171.0,20.00024795514159,20.00024795514159,0.0,0.0,0.0,none,0.0,Supramax / Ultramax Bulk,13.5,11949.0,36.88,61480.9,185.62,32.15,12.88,7.9,1.023,Paradip,Hay Point (AU),Pellets,160.8,104.7,90.1,-7.3,11.2,10.2,4.74,3.81,12.19,5.1,3.12,6.34,56562.42800000001,17.810197513577442
2023-06-01,937.0,real,1144.0,real,1030.0,real,847.0,real,559.0,real,0.0751392336169148,0.7878796109043222,-0.3456703910614525,11.680964325083094,104.5,real,1223.0,real,95.5,real,82.277,real,574.0,470.5,real,19.91200151333671,23.21700490421871,27.00857859504986,977.0,1348.0,1432.0,1127.2857142857142,1426.2666666666669,1218.0,2040.0,1778.0,1572.857142857143,2099.733333333333,1045.0,1212.0,1677.0,1104.0,1382.2666666666669,881.0,1043.0,1179.0,932.0,1080.3333333333333,572.0,604.0,650.0,583.2857142857143,628.1,105.07,106.54,119.31,105.25,107.974,1223.0,1398.5,1644.5,1293.357142857143,1338.5833333333333,82.69,82.835,82.14,82.60942857142858,82.22286666666666,577.0,585.0,618.0,584.8571428571429,589.55,467.5,487.0,510.5,482.4285714285714,488.45,96.0,96.0,90.0,95.92857142857144,94.78333333333332,6,3.0,1.0,0.0,0.0,23.0,2,22,152,1,0,0,0.0,174.0,0.0002001289952361,0.0002001289952361,0.0,0.0,0.0,none,0.0,Panamax / Kamsarmax Bulk,12.9,10361.0,33.47,77019.1,220.34,32.25,12.81,6.6,1.013,Syama Prasad Mookerjee (Kolkata & Haldia),Hay Point (AU),Lump Iron Ore,137.9,112.7,91.1,0.4,11.3,10.1,4.37,3.63,11.51,4.69,3.23,6.45,70857.57200000001,13.223312965233902
2023-06-02,919.0,real,1116.0,real,1030.0,real,819.0,real,545.0,real,0.0774015528658748,0.7814930134338897,-0.3889627659574468,9.76232539040052,106.33,real,1223.0,real,95.5,forward_filled_monthly,82.403,real,583.5,484.5,real,24.04656051028831,22.836589264909097,25.85739523424031,937.0,1295.0,1504.0,1073.571428571429,1406.7666666666669,1144.0,1930.0,1962.0,1456.571428571429,2071.5333333333333,1030.0,1184.0,1692.0,1082.0,1360.2,847.0,1014.0,1201.0,904.1428571428572,1067.6,559.0,600.0,660.0,575.4285714285714,624.2666666666667,104.5,105.56,117.21,105.36,107.61133333333332,1223.0,1369.5,1578.5,1272.428571428571,1326.7333333333331,82.277,82.675,82.055,82.57057142857143,82.23446666666668,574.0,596.0,613.0,583.0714285714286,588.5666666666667,470.5,492.0,508.0,481.3571428571428,487.6666666666667,95.5,96.0,90.0,95.85714285714286,94.96666666666668,6,4.0,1.0,0.0,0.0,24.0,2,22,153,1,0,0,0.0,175.0,0.0001863326586039,0.0001863326586039,0.0,0.0,0.0,none,0.0,Supramax / Ultramax Bulk,13.4,4547.2,14.14,51575.1,186.42,32.1,12.25,7.9,1.023,Chennai,Muara Pantai (ID),Lump Iron Ore,137.9,112.7,91.1,0.4,11.3,10.1,4.37,3.63,11.51,4.69,3.23,6.45,47449.092,7.803463112806613
2023-06-03,919.0,real,1116.0,real,1030.0,real,819.0,real,545.0,real,0.0774015528658748,0.7814930134338897,-0.3889627659574468,9.76232539040052,106.33,real,1223.0,real,95.5,forward_filled_monthly,82.403,real,583.5,484.5,real,24.04656051028831,22.836589264909097,25.85739523424031,937.0,1295.0,1504.0,1073.571428571429,1406.7666666666669,1144.0,1930.0,1962.0,1456.571428571429,2071.5333333333333,1030.0,1184.0,1692.0,1082.0,1360.2,847.0,1014.0,1201.0,904.1428571428572,1067.6,559.0,600.0,660.0,575.4285714285714,624.2666666666667,104.5,105.56,117.21,105.36,107.61133333333332,1223.0,1369.5,1578.5,1272.428571428571,1326.7333333333331,82.277,82.675,82.055,82.57057142857143,82.23446666666668,574.0,596.0,613.0,583.0714285714286,588.5666666666667,470.5,492.0,508.0,481.3571428571428,487.6666666666667,95.5,96.0,90.0,95.85714285714286,94.96666666666668,6,0.0,0.0,0.0,0.0,24.0,2,22,154,1,0,0,0.0,175.0,0.0,0.0,0.0,0.0,0.0,none,0.0,Panamax / Kamsarmax Bulk,13.0,7464.1,23.92,66852.5,227.48,32.29,13.37,6.7,1.014,Visakhapatnam,Port Hedland (AU),Coking Coal,137.9,112.7,91.1,0.4,11.3,10.1,4.37,3.63,11.51,4.69,3.23,6.45,61504.3,10.702637264692711
2023-06-04,919.0,real,1116.0,real,1030.0,real,819.0,real,545.0,real,0.0774015528658748,0.7814930134338897,-0.3889627659574468,9.76232539040052,106.33,real,1223.0,real,95.5,forward_filled_monthly,82.403,real,583.5,484.5,real,24.04656051028831,22.836589264909097,25.85739523424031,937.0,1295.0,1504.0,1073.571428571429,1406.7666666666669,1144.0,1930.0,1962.0,1456.571428571429,2071.5333333333333,1030.0,1184.0,1692.0,1082.0,1360.2,847.0,1014.0,1201.0,904.1428571428572,1067.6,559.0,600.0,660.0,575.4285714285714,624.2666666666667,104.5,105.56,117.21,105.36,107.61133333333332,1223.0,1369.5,1578.5,1272.428571428571,1326.7333333333331,82.277,82.675,82.055,82.57057142857143,82.23446666666668,574.0,596.0,613.0,583.0714285714286,588.5666666666667,470.5,492.0,508.0,481.3571428571428,487.6666666666667,95.5,96.0,90.0,95.85714285714286,94.96666666666668,6,0.0,0.0,0.0,0.0,24.0,2,22,155,1,0,0,0.0,175.0,0.0,0.0,0.0,0.0,0.0,none,0.0,Panamax / Kamsarmax Bulk,13.2,4601.4,14.52,80432.5,224.99,32.2,12.52,6.5,1.012,Syama Prasad Mookerjee (Kolkata & Haldia),Tubarao (BR),Iron Ore Fines,137.9,112.7,91.1,0.4,11.3,10.1,4.37,3.63,11.51,4.69,3.23,6.45,73997.90000000001,5.8939350838599465
2023-06-05,939.0,real,1178.0,real,1048.0,real,803.0,real,537.0,real,0.0903758443761826,0.7448661857310886,-0.3810151615029663,10.11454869486132,107.38,real,1223.0,real,95.5,forward_filled_monthly,82.525,real,594.5,494.5,real,25.601933847537733,23.259273308586447,26.0687292169168,919.0,1215.0,1517.0,1034.142857142857,1387.5,1116.0,1758.0,1993.0,1373.7142857142858,2044.3666666666663,1030.0,1141.0,1687.0,1068.7142857142858,1338.9,819.0,980.0,1212.0,878.8571428571429,1053.9666666666667,545.0,594.0,664.0,567.2857142857143,620.0333333333333,106.33,105.6,116.76,105.61428571428571,107.29866666666666,1223.0,1333.0,1557.0,1256.7142857142858,1315.6,82.403,82.742,81.96,82.53957142857143,82.25330000000001,583.5,589.0,611.5,583.8571428571429,588.0,484.5,489.5,508.0,482.07142857142856,487.2166666666666,95.5,96.0,90.0,95.78571428571428,95.15,6,0.0,1.0,0.0,0.0,27.0,2,23,156,1,0,0,0.0,178.0,0.0001503923956059,0.0001503923956059,0.0,0.0,0.0,none,0.0,Capesize Bulk,14.1,2946.3,8.71,204456.7,291.42,47.26,16.77,2.4,1.0,Kamarajar (Ennore),Hay Point (AU),Thermal Coal,137.9,112.7,91.1,0.4,11.3,10.1,4.37,3.63,11.51,4.69,3.23,6.45,188100.164,2.406512618443544
2023-06-07,1020.0,real,1387.0,real,1139.0,real,766.0,real,515.0,real,0.1246635287063921,0.6480709884524657,-0.3359375,12.11230826919309,109.18,real,1223.0,real,95.5,forward_filled_monthly,82.51,real,595.0,486.0,real,29.123964725339423,24.97114368547972,27.26738496151585,1016.0,1172.0,1536.0,990.1428571428572,1353.8333333333333,1383.0,1683.0,2100.0,1288.571428571429,2000.5,1108.0,1119.0,1640.0,1070.0,1303.5666666666666,781.0,946.0,1203.0,829.5714285714286,1024.9,526.0,588.0,667.0,548.0,610.2666666666667,108.59,105.41,116.71,106.60714285714286,106.74733333333332,1223.0,1280.0,1478.5,1237.571428571429,1296.9666666666667,82.515,82.614,81.76,82.51614285714285,82.2958,591.5,588.5,609.0,585.7142857142857,586.6833333333333,486.5,489.0,506.5,481.8571428571428,485.73333333333335,95.5,96.0,90.0,95.64285714285714,95.51666666666668,6,2.0,1.0,0.0,0.0,29.0,2,23,158,1,0,0,0.0,180.0,0.0001303718440412,0.0001303718440412,0.0,1.0,0.0,none,1.0,Panamax / Kamsarmax Bulk,13.1,4527.5,14.4,73321.4,229.78,32.22,12.93,5.6,1.005,Paradip,Tubarao (BR),Lump Iron Ore,137.9,112.7,91.1,0.4,11.3,10.1,4.37,3.63,11.51,4.69,3.23,6.45,67455.688,6.493874449775087
2023-06-08,1040.0,real,1460.0,real,1146.0,real,747.0,real,505.0,real,0.1264223493507133,0.6431057831733566,-0.3421884882985452,11.83527589204476,111.43,real,1223.0,real,95.5,forward_filled_monthly,82.516,real,598.5,489.5,real,32.33077923868577,25.39382772915707,27.10116553522686,1020.0,1123.0,1581.0,978.2857142857144,1335.8,1387.0,1594.0,2276.0,1269.428571428571,1973.3,1139.0,1090.0,1612.0,1078.0,1288.0333333333333,766.0,910.0,1185.0,806.2857142857143,1010.3,515.0,582.0,665.0,537.0,604.9333333333333,109.18,105.2,116.21,107.49714285714286,106.588,1223.0,1325.0,1434.5,1223.0,1289.9166666666667,82.51,82.693,81.715,82.49085714285715,82.32249999999999,595.0,584.5,598.0,587.7142857142857,586.7,486.0,483.5,496.5,482.7142857142857,485.5,95.5,96.0,90.0,95.57142857142856,95.7,6,3.0,1.0,0.0,0.0,30.0,2,23,159,1,0,0,0.0,181.0,0.0001213843715082,0.0001213843715082,0.0,1.0,0.0,none,1.0,Panamax / Kamsarmax Bulk,13.1,11743.4,37.35,84804.5,222.09,32.2,14.49,4.4,1.0,Chennai,Richards Bay (ZA),Iron Ore Fines,137.9,112.7,91.1,0.4,11.3,10.1,4.37,3.63,11.51,4.69,3.23,6.45,78020.14,14.543437881263737
2023-06-09,1055.0,real,1514.0,real,1146.0,real,736.0,real,501.0,real,0.0750475600051842,0.7881384083561201,-0.3305837563451776,12.349576403526887,112.96,real,1223.0,real,95.5,forward_filled_monthly,82.445,real,593.0,486.0,real,37.31671346513905,25.710840761915083,27.40974584211613,1040.0,977.0,1576.0,989.4285714285714,1318.4333333333334,1460.0,1218.0,2301.0,1311.7142857142858,1947.0666666666664,1146.0,1045.0,1586.0,1092.428571428571,1273.3666666666666,747.0,881.0,1165.0,785.5714285714286,996.0,505.0,572.0,663.0,526.8571428571429,599.5333333333333,111.43,105.07,116.14,108.62428571428572,106.482,1223.0,1223.0,1324.0,1223.0,1286.55,82.516,82.69,81.745,82.45585714285714,82.34583333333333,598.5,577.0,600.0,590.0,586.4666666666667,489.5,467.5,494.5,485.3571428571428,485.2166666666666,95.5,96.0,90.0,95.5,95.88333333333334,6,4.0,1.0,0.0,0.0,31.0,2,23,160,1,0,0,0.0,182.0,0.000113016470349,0.000113016470349,0.0,0.0,0.0,none,0.0,Capesize Bulk,12.1,7581.3,26.11,159010.1,292.12,46.59,17.7,1.7,1.0,V.O. Chidambaranar (Tuticorin),Muara Pantai (ID),Iron Ore Fines,137.9,112.7,91.1,0.4,11.3,10.1,4.37,3.63,11.51,4.69,3.23,6.45,146289.29200000002,8.570539736596714
2023-06-10,1055.0,real,1514.0,real,1146.0,real,736.0,real,501.0,real,0.0750475600051842,0.7881384083561201,-0.3305837563451776,12.349576403526887,112.96,real,1223.0,real,95.5,forward_filled_monthly,82.445,real,593.0,486.0,real,37.31671346513905,25.710840761915083,27.40974584211613,1040.0,977.0,1576.0,989.4285714285714,1318.4333333333334,1460.0,1218.0,2301.0,1311.7142857142858,1947.0666666666664,1146.0,1045.0,1586.0,1092.428571428571,1273.3666666666666,747.0,881.0,1165.0,785.5714285714286,996.0,505.0,572.0,663.0,526.8571428571429,599.5333333333333,111.43,105.07,116.14,108.62428571428572,106.482,1223.0,1223.0,1324.0,1223.0,1286.55,82.516,82.69,81.745,82.45585714285714,82.34583333333333,598.5,577.0,600.0,590.0,586.4666666666667,489.5,467.5,494.5,485.3571428571428,485.2166666666666,95.5,96.0,90.0,95.5,95.88333333333334,6,0.0,0.0,0.0,0.0,31.0,2,23,161,1,0,0,0.0,182.0,0.0,0.0,0.0,0.0,0.0,none,0.0,Capesize Bulk,13.2,8414.3,26.56,199143.8,286.22,47.97,16.79,0.7,1.0,Paradip,Hay Point (AU),Lump Iron Ore,137.9,112.7,91.1,0.4,11.3,10.1,4.37,3.63,11.51,4.69,3.23,6.45,183212.296,7.647987536277586
2023-06-11,1055.0,real,1514.0,real,1146.0,real,736.0,real,501.0,real,0.0750475600051842,0.7881384083561201,-0.3305837563451776,12.349576403526887,112.96,real,1223.0,real,95.5,forward_filled_monthly,82.445,real,593.0,486.0,real,37.31671346513905,25.710840761915083,27.40974584211613,1040.0,977.0,1576.0,989.4285714285714,1318.4333333333334,1460.0,1218.0,2301.0,1311.7142857142858,1947.0666666666664,1146.0,1045.0,1586.0,1092.428571428571,1273.3666666666666,747.0,881.0,1165.0,785.5714285714286,996.0,505.0,572.0,663.0,526.8571428571429,599.5333333333333,111.43,105.07,116.14,108.62428571428572,106.482,1223.0,1223.0,1324.0,1223.0,1286.55,82.516,82.69,81.745,82.45585714285714,82.34583333333333,598.5,577.0,600.0,590.0,586.4666666666667,489.5,467.5,494.5,485.3571428571428,485.2166666666666,95.5,96.0,90.0,95.5,95.88333333333334,6,0.0,0.0,0.0,0.0,31.0,2,23,162,1,0,0,0.0,182.0,0.0,0.0,0.0,0.0,0.0,none,0.0,Capesize Bulk,14.2,6785.7,19.91,188690.0,281.85,47.99,16.5,3.6,1.0,Paradip,Port Hedland (AU),Pellets,137.9,112.7,91.1,0.4,11.3,10.1,4.37,3.63,11.51,4.69,3.23,6.45,173594.80000000002,5.959019526736975
2023-06-15,1094.0,real,1599.0,real,1184.0,real,740.0,real,471.0,real,0.0208773718901276,0.9410625310446058,-0.2919093851132686,14.06355385563414,112.93,real,1425.5,real,95.5,forward_filled_monthly,81.905,real,592.5,490.0,real,58.553341449751,26.53507464708592,28.43813231338049,1079.0,1016.0,1545.0,1059.7142857142858,1254.1666666666667,1580.0,1383.0,2325.0,1522.7142857142858,1849.7,1163.0,1108.0,1514.0,1152.2857142857142,1221.1,729.0,781.0,1105.0,738.0,942.0,476.0,526.0,651.0,491.4285714285714,575.7666666666667,112.75,108.59,103.87,111.8342857142857,107.492,1223.0,1223.0,1241.5,1251.928571428571,1282.5833333333333,81.96,82.515,81.725,82.28442857142856,82.39433333333334,594.5,591.5,572.0,592.1428571428571,586.6666666666666,492.0,486.5,477.0,486.2142857142857,484.81666666666666,95.5,95.5,96.0,95.5,95.81666666666666,6,3.0,1.0,0.0,0.0,37.0,2,24,166,1,0,0,0.0,188.0,7.362334292967337e-05,7.362334292967337e-05,0.0,0.0,0.0,none,0.0,Panamax / Kamsarmax Bulk,13.4,3134.7,9.75,67567.0,226.5,32.3,14.32,6.5,1.012,Visakhapatnam,Port Hedland (AU),Lump Iron Ore,137.9,112.7,91.1,0.4,11.3,10.1,4.37,3.63,11.51,4.69,3.23,6.45,62161.64,4.9160699073657
2023-06-16,1076.0,real,1528.0,real,1193.0,real,748.0,real,464.0,real,0.0322945531125725,0.9088314740228092,-0.3093709884467266,13.289687508545487,113.02,real,1429.5,real,95.5,forward_filled_monthly,81.915,real,601.5,500.0,real,59.46961571794235,26.154659007776303,27.97381250512729,1094.0,1020.0,1558.0,1067.7142857142858,1238.1,1599.0,1387.0,2384.0,1542.857142857143,1821.1666666666667,1184.0,1139.0,1501.0,1160.0,1210.8333333333333,740.0,766.0,1096.0,735.4285714285714,930.4,471.0,515.0,645.0,484.1428571428572,569.7333333333333,112.93,109.18,103.55,112.38285714285716,107.80766666666666,1425.5,1223.0,1233.5,1281.428571428571,1289.1166666666666,81.905,82.51,81.725,82.19942857142857,82.40066666666667,592.5,595.0,574.0,593.0714285714286,587.5833333333334,490.0,486.0,476.5,488.2142857142857,485.6,95.5,95.5,96.0,95.5,95.8,6,4.0,1.0,0.0,0.0,38.0,2,24,167,1,0,0,0.0,189.0,6.854795431920422e-05,6.854795431920422e-05,0.0,0.0,0.0,none,0.0,Supramax / Ultramax Bulk,14.3,5136.5,14.97,58392.0,187.57,32.22,12.11,7.4,1.019,Paradip,Hay Point (AU),Thermal Coal,137.9,112.7,91.1,0.4,11.3,10.1,4.37,3.63,11.51,4.69,3.23,6.45,53720.64,7.396842198178725
2023-06-18,1076.0,real,1528.0,real,1193.0,real,748.0,real,464.0,real,0.0322945531125725,0.9088314740228092,-0.3093709884467266,13.289687508545487,113.02,real,1429.5,real,95.5,forward_filled_monthly,81.915,real,601.5,500.0,real,59.46961571794235,26.154659007776303,27.97381250512729,1094.0,1020.0,1558.0,1067.7142857142858,1238.1,1599.0,1387.0,2384.0,1542.857142857143,1821.1666666666667,1184.0,1139.0,1501.0,1160.0,1210.8333333333333,740.0,766.0,1096.0,735.4285714285714,930.4,471.0,515.0,645.0,484.1428571428572,569.7333333333333,112.93,109.18,103.55,112.38285714285716,107.80766666666666,1425.5,1223.0,1233.5,1281.428571428571,1289.1166666666666,81.905,82.51,81.725,82.19942857142857,82.40066666666667,592.5,595.0,574.0,593.0714285714286,587.5833333333334,490.0,486.0,476.5,488.2142857142857,485.6,95.5,95.5,96.0,95.5,95.8,6,0.0,0.0,0.0,0.0,38.0,2,24,169,1,0,0,0.0,189.0,0.0,0.0,0.0,0.0,0.0,none,0.0,Aframax / Suezmax Tanker,14.3,4633.7,13.5,98918.0,247.4,46.42,14.96,12.5,1.06,V.O. Chidambaranar (Tuticorin),Newcastle (AU),Pellets,137.9,112.7,91.1,0.4,11.3,10.1,4.37,3.63,11.51,4.69,3.23,6.45,91004.56,5.2707097267873175
2023-06-19,1065.0,real,1492.0,real,1193.0,real,751.0,real,460.0,real,0.0300103016881455,0.9152799867054396,-0.3164313222079589,12.976786419642474,113.02,forward_filled,1477.5,real,95.5,forward_filled_monthly,81.915,real,611.0,505.5,real,58.32351301382889,25.92218278375376,27.786071851785483,1076.0,1040.0,1558.0,1071.2857142857142,1221.6666666666667,1528.0,1460.0,2384.0,1547.428571428571,1791.4333333333334,1193.0,1146.0,1501.0,1166.7142857142858,1200.5666666666666,748.0,747.0,1096.0,736.0,918.9,464.0,505.0,645.0,477.7142857142857,563.5666666666667,113.02,111.43,107.4,112.61,107.995,1429.5,1223.0,1238.5,1317.7857142857142,1297.0833333333333,81.915,82.516,81.78,82.11357142857143,82.40516666666667,601.5,598.5,583.0,594.8571428571429,588.5166666666667,500.0,489.5,480.0,490.5,486.45,95.5,95.5,96.0,95.5,95.78333333333332,6,0.0,1.0,0.0,0.0,41.0,2,25,170,1,0,0,0.0,192.0,5.5326270451944496e-05,5.5326270451944496e-05,0.0,0.0,0.0,none,0.0,Supramax / Ultramax Bulk,13.7,3237.2,9.85,54420.8,185.85,32.23,12.9,7.9,1.023,V.O. Chidambaranar (Tuticorin),Muara Pantai (ID),Iron Ore Fines,137.9,112.7,91.1,0.4,11.3,10.1,4.37,3.63,11.51,4.69,3.23,6.45,50067.136000000006,5.433405414396542
2023-06-20,1078.0,real,1540.0,real,1174.0,real,759.0,real,458.0,real,0.0291576898821628,0.9176869363019003,-0.3254067584480601,12.579011488897972,113.08,real,1477.5,real,95.5,forward_filled_monthly,82.005,real,610.0,506.5,real,59.16480488423468,26.19692741214404,27.547406893338785,1065.0,1055.0,1598.0,1074.571428571429,1204.3333333333333,1492.0,1514.0,2509.0,1551.142857142857,1759.1333333333334,1193.0,1146.0,1494.0,1170.7142857142858,1189.9,751.0,736.0,1097.0,739.2857142857143,907.6333333333332,460.0,501.0,640.0,471.57142857142856,557.5,113.02,112.96,106.05,112.62714285714286,108.22933333333332,1477.5,1223.0,1243.0,1354.142857142857,1304.9,81.915,82.445,82.125,82.05071428571429,82.40116666666668,611.0,593.0,586.5,597.2857142857143,589.3,505.5,486.0,488.0,493.4285714285714,487.06666666666666,95.5,95.5,96.0,95.5,95.76666666666668,6,1.0,1.0,0.0,0.0,42.0,2,25,171,1,0,0,0.0,193.0,5.151223115764391e-05,5.151223115764391e-05,0.0,0.0,0.0,none,0.0,Capesize Bulk,12.1,11748.5,40.46,166953.0,278.37,45.83,18.5,1.5,1.0,Chennai,Tubarao (BR),Lump Iron Ore,137.9,112.7,91.1,0.4,11.3,10.1,4.37,3.63,11.51,4.69,3.23,6.45,153596.76,13.07426043596232
2023-06-21,1138.0,real,1730.0,real,1157.0,real,761.0,real,455.0,real,0.0544381683056791,0.8463193609143073,-0.3060975609756098,13.43475983158234,112.85,real,1477.5,real,95.5,forward_filled_monthly,81.94,real,608.0,498.5,real,58.539724703139306,27.46497954317609,28.06085589894941,1078.0,1056.0,1640.0,1086.2857142857142,1187.6,1540.0,1532.0,2630.0,1579.428571428571,1729.1333333333334,1174.0,1144.0,1481.0,1172.571428571429,1179.1,759.0,726.0,1114.0,744.2857142857143,895.8666666666667,458.0,491.0,638.0,466.4285714285714,551.4,113.08,111.14,106.85,112.87142857142858,108.42933333333332,1477.5,1223.0,1240.0,1390.5,1312.8166666666666,82.005,82.415,81.925,81.98285714285714,82.40166666666667,610.0,586.5,587.0,600.3571428571429,590.0,506.5,479.5,486.0,496.1428571428572,487.48333333333335,95.5,95.5,96.0,95.5,95.75,6,2.0,1.0,0.0,0.0,43.0,2,25,172,1,0,0,0.0,194.0,4.796112113039212e-05,4.796112113039212e-05,0.0,0.0,0.0,none,0.0,Supramax / Ultramax Bulk,14.0,6718.0,19.99,63320.2,187.63,32.17,12.66,7.9,1.023,Paradip,Port Hedland (AU),Thermal Coal,137.9,112.7,91.1,0.4,11.3,10.1,4.37,3.63,11.51,4.69,3.23,6.45,58254.584,9.247166441093224
2023-06-22,1216.0,real,1991.0,real,1140.0,real,751.0,real,456.0,real,0.0742277845891843,0.7904526598042987,-0.2437810945273631,16.196511735622813,112.85,real,1477.5,forward_filled,95.5,forward_filled_monthly,81.96,real,613.5,498.5,real,59.4035488194409,29.11344731351776,29.71790704137369,1138.0,1074.0,1608.0,1106.571428571429,1174.5333333333333,1730.0,1587.0,2566.0,1637.142857142857,1709.9666666666667,1157.0,1144.0,1445.0,1172.0,1168.9333333333334,761.0,722.0,1112.0,748.4285714285714,883.8333333333334,455.0,481.0,635.0,462.8571428571428,545.4333333333333,112.85,112.45,104.8,112.92857142857144,108.69766666666666,1477.5,1223.0,1254.0,1426.857142857143,1320.2666666666669,81.94,82.24,82.1,81.94285714285715,82.397,608.0,585.0,584.0,604.4285714285714,590.9833333333333,498.5,480.5,487.5,498.7142857142857,487.85,95.5,95.5,96.0,95.5,95.73333333333332,6,3.0,1.0,0.0,0.0,44.0,2,25,173,1,0,0,0.0,195.0,4.465481475738424e-05,4.465481475738424e-05,0.0,0.0,0.0,none,0.0,Supramax / Ultramax Bulk,13.1,4466.6,14.21,54000.6,191.49,32.21,12.16,8.5,1.028,Visakhapatnam,Newcastle (AU),Pellets,137.9,112.7,91.1,0.4,11.3,10.1,4.37,3.63,11.51,4.69,3.23,6.45,49680.552,7.614084832151735
2023-06-23,1240.0,real,2080.0,real,1127.0,real,743.0,real,455.0,real,0.072157170597408,0.7962980673824732,-0.2041078305519897,17.954758288554096,112.65,real,1477.5,forward_filled,95.5,forward_filled_monthly,81.985,real,598.5,490.0,real,59.17938262871054,29.62066816593058,30.772854973132457,1216.0,1079.0,1558.0,1129.571428571429,1163.9333333333334,1991.0,1580.0,2456.0,1708.571428571429,1697.4333333333334,1140.0,1163.0,1402.0,1166.857142857143,1159.7666666666669,751.0,729.0,1105.0,750.4285714285714,871.7666666666667,456.0,476.0,632.0,459.8571428571428,539.5333333333333,112.85,112.75,105.16,112.91428571428573,108.94733333333332,1477.5,1223.0,1250.0,1463.2142857142858,1327.85,81.96,81.96,82.201,81.94642857142857,82.3898,613.5,594.5,582.0,605.0,591.5333333333333,498.5,492.0,481.5,498.4285714285714,488.1333333333333,95.5,95.5,96.0,95.5,95.71666666666668,6,4.0,1.0,0.0,0.0,45.0,2,25,174,1,0,0,0.0,196.0,4.1576435955178393e-05,4.1576435955178393e-05,0.0,0.0,0.0,none,0.0,Supramax / Ultramax Bulk,13.3,11878.3,37.21,61257.5,196.88,32.04,12.3,6.9,1.015,Visakhapatnam,Muara Pantai (ID),Iron Ore Fines,137.9,112.7,91.1,0.4,11.3,10.1,4.37,3.63,11.51,4.69,3.23,6.45,56356.9,16.70235944002265
2023-06-24,1240.0,real,2080.0,real,1127.0,real,743.0,real,455.0,real,0.072157170597408,0.7962980673824732,-0.2041078305519897,17.954758288554096,112.65,real,1477.5,forward_filled,95.5,forward_filled_monthly,81.985,real,598.5,490.0,real,59.17938262871054,29.62066816593058,30.772854973132457,1216.0,1079.0,1558.0,1129.571428571429,1163.9333333333334,1991.0,1580.0,2456.0,1708.571428571429,1697.4333333333334,1140.0,1163.0,1402.0,1166.857142857143,1159.7666666666669,751.0,729.0,1105.0,750.4285714285714,871.7666666666667,456.0,476.0,632.0,459.8571428571428,539.5333333333333,112.85,112.75,105.16,112.91428571428573,108.94733333333332,1477.5,1223.0,1250.0,1463.2142857142858,1327.85,81.96,81.96,82.201,81.94642857142857,82.3898,613.5,594.5,582.0,605.0,591.5333333333333,498.5,492.0,481.5,498.4285714285714,488.1333333333333,95.5,95.5,96.0,95.5,95.71666666666668,6,0.0,0.0,0.0,0.0,45.0,2,25,175,1,0,0,0.0,196.0,0.0,0.0,0.0,0.0,0.0,none,0.0,Supramax / Ultramax Bulk,13.2,6779.0,21.4,59911.3,193.36,32.08,12.8,8.3,1.026,Visakhapatnam,Tubarao (BR),Coking Coal,137.9,112.7,91.1,0.4,11.3,10.1,4.37,3.63,11.51,4.69,3.23,6.45,55118.39600000001,10.096872669121286
2023-06-25,1240.0,real,2080.0,real,1127.0,real,743.0,real,455.0,real,0.072157170597408,0.7962980673824732,-0.2041078305519897,17.954758288554096,112.65,real,1477.5,forward_filled,95.5,forward_filled_monthly,81.985,real,598.5,490.0,real,59.17938262871054,29.62066816593058,30.772854973132457,1216.0,1079.0,1558.0,1129.571428571429,1163.9333333333334,1991.0,1580.0,2456.0,1708.571428571429,1697.4333333333334,1140.0,1163.0,1402.0,1166.857142857143,1159.7666666666669,751.0,729.0,1105.0,750.4285714285714,871.7666666666667,456.0,476.0,632.0,459.8571428571428,539.5333333333333,112.85,112.75,105.16,112.91428571428573,108.94733333333332,1477.5,1223.0,1250.0,1463.2142857142858,1327.85,81.96,81.96,82.201,81.94642857142857,82.3898,613.5,594.5,582.0,605.0,591.5333333333333,498.5,492.0,481.5,498.4285714285714,488.1333333333333,95.5,95.5,96.0,95.5,95.71666666666668,6,0.0,0.0,0.0,0.0,45.0,2,25,176,1,0,0,0.0,196.0,0.0,0.0,0.0,0.0,0.0,none,0.0,Panamax / Kamsarmax Bulk,13.7,4578.3,13.92,82947.9,221.19,32.23,14.13,6.1,1.009,V.O. Chidambaranar (Tuticorin),Tubarao (BR),Iron Ore Fines,137.9,112.7,91.1,0.4,11.3,10.1,4.37,3.63,11.51,4.69,3.23,6.45,76312.068,5.7885435756395225
2023-06-26,1233.0,real,2075.0,real,1113.0,real,741.0,real,454.0,real,0.073357890007586,0.7929083992128426,-0.1898817345597897,18.58523286345879,112.46,real,1430.0,real,95.5,forward_filled_monthly,81.975,real,598.5,488.0,real,55.6728053933397,29.472728750643505,31.151139718075274,1240.0,1094.0,1522.0,1149.428571428571,1154.3,2080.0,1599.0,2385.0,1776.571428571429,1687.1,1127.0,1184.0,1366.0,1156.7142857142858,1151.3333333333333,743.0,740.0,1098.0,750.5714285714286,859.8666666666667,455.0,471.0,628.0,457.4285714285714,533.7333333333333,112.65,112.93,106.77,112.84714285714288,109.137,1477.5,1425.5,1250.5,1463.857142857143,1333.8333333333333,81.985,81.905,82.267,81.95642857142856,82.38006666666665,598.5,592.5,573.0,605.8571428571429,592.3833333333333,490.0,490.0,479.5,498.1428571428572,488.4166666666667,95.5,95.5,96.0,95.5,95.7,6,0.0,1.0,0.0,0.0,48.0,2,26,177,1,0,0,0.0,199.0,3.355707931665747e-05,3.355707931665747e-05,0.0,0.0,0.0,none,0.0,Aframax / Suezmax Tanker,14.9,4646.0,12.99,121703.7,274.16,42.75,14.05,12.3,1.058,Visakhapatnam,Port Hedland (AU),Thermal Coal,137.9,112.7,91.1,0.4,11.3,10.1,4.37,3.63,11.51,4.69,3.23,6.45,111967.404,4.6331472799805535
2023-06-27,1183.0,real,1937.0,real,1089.0,real,746.0,real,454.0,real,0.0779347261379427,0.7799878487352041,-0.198509485094851,18.20286672773477,112.6,real,1446.0,real,95.5,forward_filled_monthly,82.011,real,594.0,480.0,real,56.81080209114271,28.416018641450137,30.921720036640863,1233.0,1076.0,1476.0,1164.7142857142858,1144.5333333333333,2075.0,1528.0,2295.0,1835.0,1675.1666666666667,1113.0,1193.0,1314.0,1141.857142857143,1143.8333333333333,741.0,748.0,1091.0,750.2857142857143,848.3666666666667,454.0,464.0,623.0,456.0,528.1,112.46,113.02,106.84,112.78714285714284,109.329,1430.0,1429.5,1243.0,1466.2142857142858,1340.6,81.975,81.915,82.292,81.97014285714286,82.3707,598.5,601.5,580.5,604.7857142857143,592.8333333333334,488.0,500.0,482.5,495.2857142857143,488.3333333333333,95.5,95.5,96.0,95.5,95.68333333333334,6,1.0,1.0,0.0,0.0,49.0,2,26,178,1,0,0,0.0,200.0,3.124374754731542e-05,3.124374754731542e-05,0.0,0.0,0.0,none,0.0,Capesize Bulk,13.7,9468.7,28.8,196702.3,288.26,49.8,16.93,3.5,1.0,Kamarajar (Ennore),Newcastle (AU),Iron Ore Fines,137.9,112.7,91.1,0.4,11.3,10.1,4.37,3.63,11.51,4.69,3.23,6.45,180966.116,9.183670148018209
2023-06-28,1138.0,real,1822.0,real,1058.0,real,752.0,real,452.0,real,0.08354219120696,0.7641578007692558,-0.2014035087719298,18.07460888745513,112.64,real,1474.0,real,95.5,forward_filled_monthly,82.03,real,588.5,481.0,real,57.8563403009261,27.46497954317609,30.84476533247308,1183.0,1065.0,1425.0,1175.142857142857,1134.9666666666667,1937.0,1492.0,2184.0,1882.142857142857,1663.1,1089.0,1193.0,1260.0,1122.571428571429,1137.1,746.0,751.0,1090.0,750.4285714285714,837.1,454.0,460.0,617.0,454.8571428571428,522.6,112.6,113.02,107.38,112.73285714285714,109.50433333333334,1446.0,1477.5,1239.5,1465.7142857142858,1348.4166666666667,82.011,81.915,82.405,81.98657142857142,82.3582,594.0,611.0,583.0,601.5714285714286,593.0166666666667,480.0,505.5,482.0,491.7857142857143,488.3,95.5,95.5,96.0,95.5,95.66666666666669,6,2.0,1.0,0.0,0.0,50.0,2,26,179,1,0,0,0.0,201.0,2.908989043977425e-05,2.908989043977425e-05,0.0,0.0,0.0,none,0.0,Feeder Container,17.3,4535.1,10.92,42702.1,200.22,25.47,10.58,9.5,1.036,Visakhapatnam,Hay Point (AU),Iron Ore Fines,137.9,112.7,91.1,0.4,11.3,10.1,4.37,3.63,11.51,4.69,3.23,6.45,39285.932,8.043498329851774
2023-06-29,1112.0,real,1759.0,real,1041.0,real,750.0,real,448.0,real,0.0872254020433662,0.7537599822378191,-0.2068473609129815,17.83334730969301,112.62,real,1476.0,real,95.5,forward_filled_monthly,82.105,real,594.0,486.5,real,47.53233166805179,26.91549028639554,30.700008385815806,1138.0,1078.0,1402.0,1180.0,1125.3,1822.0,1540.0,2142.0,1913.428571428572,1650.3333333333333,1058.0,1174.0,1235.0,1103.571428571429,1130.6333333333334,752.0,759.0,1085.0,749.1428571428571,825.9333333333333,452.0,458.0,614.0,453.4285714285714,517.0666666666667,112.64,113.08,107.27,112.66714285714286,109.68266666666666,1474.0,1477.5,1475.0,1465.5,1348.45,82.03,82.005,82.725,82.00085714285714,82.33753333333333,588.5,610.0,595.0,599.2857142857143,592.9833333333333,481.0,506.5,492.0,488.9285714285714,488.1166666666667,95.5,95.5,96.0,95.5,95.65,6,3.0,1.0,0.0,0.0,51.0,2,26,180,1,0,0,0.0,202.0,2.70845142541417e-05,2.70845142541417e-05,0.0,0.0,0.0,none,0.0,Capesize Bulk,14.3,2678.2,7.8,205892.7,272.67,46.58,18.3,4.0,1.0,Syama Prasad Mookerjee (Kolkata & Haldia),Richards Bay (ZA),Iron Ore Fines,137.9,112.7,91.1,0.4,11.3,10.1,4.37,3.63,11.51,4.69,3.23,6.45,189421.284,2.464289659909601
2023-06-30,1091.0,real,1704.0,real,1030.0,real,749.0,real,446.0,real,0.0762514237146724,0.7847398637319263,-0.2117052023121387,17.61805665702433,112.57,real,1617.0,real,95.5,forward_filled_monthly,82.096,real,596.0,491.0,real,53.39093015115731,26.471672040534315,30.570833994214595,1112.0,1138.0,1384.0,1173.2857142857142,1115.5333333333333,1759.0,1730.0,2105.0,1909.7142857142856,1636.9666666666667,1041.0,1157.0,1222.0,1085.428571428571,1124.2333333333331,750.0,761.0,1077.0,747.4285714285714,815.0,448.0,455.0,612.0,452.1428571428572,511.53333333333336,112.62,112.85,107.1,112.62714285714286,109.865,1476.0,1477.5,1463.0,1485.428571428571,1353.5833333333333,82.105,81.94,82.905,82.02314285714286,82.31056666666667,594.0,608.0,589.0,597.5714285714286,593.2166666666667,486.5,498.5,489.5,487.8571428571428,488.1666666666667,95.5,95.5,96.0,95.5,95.63333333333334,6,4.0,1.0,0.0,0.0,52.0,2,26,181,1,0,0,0.0,203.0,2.52173831283944e-05,2.52173831283944e-05,0.0,0.0,0.0,none,0.0,Capesize Bulk,12.2,2665.6,9.1,187892.7,286.29,43.91,16.94,4.0,1.0,Visakhapatnam,Tubarao (BR),Coking Coal,137.9,112.7,91.1,0.4,11.3,10.1,4.37,3.63,11.51,4.69,3.23,6.45,172861.284,2.973453382100297
2023-07-04,1044.0,real,1601.0,real,988.0,real,747.0,real,435.0,real,0.0218085101682275,0.9384338987796104,-0.1938223938223938,18.410590046849315,110.87,forward_filled,1617.0,real,93.5,forward_filled_monthly,81.974,real,592.0,496.0,real,57.491501141153,22.401441460969465,31.04635402810959,1068.0,1233.0,1295.0,1103.857142857143,1088.7,1651.0,2075.0,1930.0,1739.7142857142858,1601.0,1014.0,1113.0,1184.0,1035.7142857142858,1104.7666666666669,747.0,741.0,1014.0,748.5714285714286,785.7666666666667,444.0,454.0,600.0,446.4285714285714,495.26666666666665,110.87,112.46,105.56,112.10571428571428,110.36666666666666,1617.0,1430.0,1369.5,1552.0,1374.25,81.945,81.975,82.675,82.03671428571428,82.23256666666666,598.5,598.5,596.0,594.1428571428571,593.75,500.0,488.0,492.0,489.3571428571428,488.8833333333333,93.5,95.5,96.0,94.64285714285714,95.38333333333334,7,1.0,1.0,0.0,0.0,56.0,3,27,185,1,0,0,0.0,207.0,1.89502908117682e-05,1.89502908117682e-05,0.0,0.0,0.0,none,0.0,Panamax / Kamsarmax Bulk,14.3,2850.8,8.31,83295.0,221.67,32.21,12.67,5.1,1.001,V.O. Chidambaranar (Tuticorin),Muara Pantai (ID),Pellets,131.7,112.8,90.8,1.1,11.5,10.3,4.31,3.49,11.51,4.85,3.49,6.73,76631.40000000001,3.45544190454148
2023-07-06,993.0,real,1479.0,real,971.0,real,728.0,real,427.0,real,0.0269540665793971,0.9239078332940908,-0.1527303754266211,20.231713202791425,112.27,real,1617.0,real,93.5,forward_filled_monthly,82.766,real,592.0,501.0,real,62.11388335170929,21.323597149592217,32.13902792167485,994.0,1138.0,1172.0,1056.142857142857,1075.3666666666666,1475.0,1822.0,1683.0,1624.7142857142858,1584.7666666666669,969.0,1058.0,1119.0,1006.1428571428572,1094.1,737.0,752.0,946.0,743.8571428571429,770.4,430.0,452.0,588.0,439.4285714285714,484.4333333333333,111.84,112.64,105.41,111.9442857142857,110.80333333333331,1617.0,1474.0,1300.0,1596.857142857143,1394.2833333333333,82.403,82.03,82.575,82.19785714285715,82.22763333333334,593.0,588.5,585.0,594.5,594.1166666666667,500.0,481.0,485.0,495.07142857142856,489.76666666666665,93.5,95.5,96.0,94.07142857142856,95.21666666666668,7,3.0,1.0,0.0,0.0,58.0,3,27,187,1,0,0,0.0,209.0,1.642758829856079e-05,1.642758829856079e-05,0.0,0.0,0.0,none,0.0,Capesize Bulk,13.3,4387.9,13.75,175487.7,281.57,49.41,17.9,2.2,1.0,Syama Prasad Mookerjee (Kolkata & Haldia),Hay Point (AU),Thermal Coal,131.7,112.8,90.8,1.1,11.5,10.3,4.31,3.49,11.51,4.85,3.49,6.73,161448.684,4.317143276311871
2023-07-08,1009.0,real,1522.0,real,984.0,real,724.0,real,424.0,real,0.0344621429294054,0.9027123006800172,-0.1390784982935153,20.836739447297656,110.54,real,1617.0,real,93.5,forward_filled_monthly,82.615,real,591.5,502.5,real,61.916517993462186,21.6617443845341,32.50204366837859,993.0,1112.0,1172.0,1041.428571428571,1069.9333333333334,1479.0,1759.0,1683.0,1590.857142857143,1579.4,971.0,1041.0,1119.0,998.0,1089.6,728.0,750.0,946.0,740.1428571428571,763.0,427.0,448.0,588.0,436.0,478.9666666666666,112.27,112.62,105.41,111.64714285714284,110.97433333333332,1617.0,1476.0,1280.0,1617.0,1405.5166666666669,82.766,82.105,82.614,82.27071428571428,82.22766666666666,592.0,594.0,588.5,594.1428571428571,594.2166666666667,501.0,486.5,489.0,497.3571428571428,490.2166666666666,93.5,95.5,96.0,93.78571428571428,95.13333333333334,7,0.0,0.0,0.0,0.0,59.0,3,27,189,1,0,0,0.0,210.0,0.0,0.0,0.0,0.0,0.0,none,0.0,Supramax / Ultramax Bulk,14.0,7595.3,22.61,55932.8,190.13,32.29,12.39,6.9,1.015,Syama Prasad Mookerjee (Kolkata & Haldia),Richards Bay (ZA),Coking Coal,131.7,112.8,90.8,1.1,11.5,10.3,4.31,3.49,11.51,4.85,3.49,6.73,51458.17600000001,10.928266133263175
2023-07-09,1009.0,real,1522.0,real,984.0,real,724.0,real,424.0,real,0.0344621429294054,0.9027123006800172,-0.1390784982935153,20.836739447297656,110.54,real,1617.0,real,93.5,forward_filled_monthly,82.615,real,591.5,502.5,real,61.916517993462186,21.6617443845341,32.50204366837859,993.0,1112.0,1172.0,1041.428571428571,1069.9333333333334,1479.0,1759.0,1683.0,1590.857142857143,1579.4,971.0,1041.0,1119.0,998.0,1089.6,728.0,750.0,946.0,740.1428571428571,763.0,427.0,448.0,588.0,436.0,478.9666666666666,112.27,112.62,105.41,111.64714285714284,110.97433333333332,1617.0,1476.0,1280.0,1617.0,1405.5166666666669,82.766,82.105,82.614,82.27071428571428,82.22766666666666,592.0,594.0,588.5,594.1428571428571,594.2166666666667,501.0,486.5,489.0,497.3571428571428,490.2166666666666,93.5,95.5,96.0,93.78571428571428,95.13333333333334,7,0.0,0.0,0.0,0.0,59.0,3,27,190,1,0,0,0.0,210.0,0.0,0.0,0.0,0.0,0.0,none,0.0,Capesize Bulk,14.2,5263.1,15.44,158567.1,281.68,49.66,16.8,3.3,1.0,Chennai,Richards Bay (ZA),Coking Coal,131.7,112.8,90.8,1.1,11.5,10.3,4.31,3.49,11.51,4.85,3.49,6.73,145881.73200000002,5.177950955772857
2023-07-14,1090.0,real,1655.0,real,1095.0,real,743.0,real,409.0,real,0.0303303536568628,0.9143764700621732,0.1608093716719913,34.12722177212117,112.38,real,1617.0,real,93.5,forward_filled_monthly,82.077,real,602.5,520.5,real,64.99984525610591,23.37361476142737,40.47633306327271,1103.0,994.0,939.0,1048.428571428571,1084.6666666666667,1691.0,1475.0,1178.0,1588.142857142857,1641.6,1101.0,969.0,1048.0,1037.142857142857,1091.6666666666667,743.0,737.0,803.0,732.0,743.4,411.0,430.0,537.0,417.8571428571428,454.9333333333333,110.95,111.84,107.38,110.75714285714288,111.77466666666666,1617.0,1617.0,1223.0,1617.0,1467.7833333333333,82.05,82.403,82.525,82.34471428571429,82.1758,601.0,593.0,594.5,596.9285714285714,596.9333333333333,518.5,500.0,494.5,511.5,496.1,93.5,93.5,95.5,93.5,94.76666666666668,7,4.0,1.0,0.0,0.0,66.0,3,28,195,1,0,0,0.0,217.0,9.276956813079892e-06,9.276956813079892e-06,0.0,0.0,0.0,none,0.0,Supramax / Ultramax Bulk,14.0,8430.6,25.09,63044.2,188.1,32.11,11.8,8.0,1.024,Paradip,Newcastle (AU),Lump Iron Ore,131.7,112.8,90.8,1.1,11.5,10.3,4.31,3.49,11.51,4.85,3.49,6.73,58000.664,11.34661842239213
2023-07-15,1090.0,real,1655.0,real,1095.0,real,743.0,real,409.0,real,0.0303303536568628,0.9143764700621732,0.1608093716719913,34.12722177212117,112.38,real,1617.0,real,93.5,forward_filled_monthly,82.077,real,602.5,520.5,real,64.99984525610591,23.37361476142737,40.47633306327271,1103.0,994.0,939.0,1048.428571428571,1084.6666666666667,1691.0,1475.0,1178.0,1588.142857142857,1641.6,1101.0,969.0,1048.0,1037.142857142857,1091.6666666666667,743.0,737.0,803.0,732.0,743.4,411.0,430.0,537.0,417.8571428571428,454.9333333333333,110.95,111.84,107.38,110.75714285714288,111.77466666666666,1617.0,1617.0,1223.0,1617.0,1467.7833333333333,82.05,82.403,82.525,82.34471428571429,82.1758,601.0,593.0,594.5,596.9285714285714,596.9333333333333,518.5,500.0,494.5,511.5,496.1,93.5,93.5,95.5,93.5,94.76666666666668,7,0.0,0.0,0.0,0.0,66.0,3,28,196,1,0,0,0.0,217.0,0.0,0.0,0.0,0.0,0.0,none,0.0,Capesize Bulk,13.2,2838.9,8.96,166198.4,293.05,49.2,16.55,1.6,1.0,Kamarajar (Ennore),Muara Pantai (ID),Iron Ore Fines,131.7,112.8,90.8,1.1,11.5,10.3,4.31,3.49,11.51,4.85,3.49,6.73,152902.528,3.1443370806269475
2023-07-16,1090.0,real,1655.0,real,1095.0,real,743.0,real,409.0,real,0.0303303536568628,0.9143764700621732,0.1608093716719913,34.12722177212117,112.38,real,1617.0,real,93.5,forward_filled_monthly,82.077,real,602.5,520.5,real,64.99984525610591,23.37361476142737,40.47633306327271,1103.0,994.0,939.0,1048.428571428571,1084.6666666666667,1691.0,1475.0,1178.0,1588.142857142857,1641.6,1101.0,969.0,1048.0,1037.142857142857,1091.6666666666667,743.0,737.0,803.0,732.0,743.4,411.0,430.0,537.0,417.8571428571428,454.9333333333333,110.95,111.84,107.38,110.75714285714288,111.77466666666666,1617.0,1617.0,1223.0,1617.0,1467.7833333333333,82.05,82.403,82.525,82.34471428571429,82.1758,601.0,593.0,594.5,596.9285714285714,596.9333333333333,518.5,500.0,494.5,511.5,496.1,93.5,93.5,95.5,93.5,94.76666666666668,7,0.0,0.0,0.0,0.0,66.0,3,28,197,1,0,0,0.0,217.0,0.0,0.0,0.0,0.0,0.0,none,0.0,Feeder Container,15.8,4488.8,11.84,26920.4,208.58,27.39,9.95,8.9,1.031,Kamarajar (Ennore),Port Hedland (AU),Lump Iron Ore,131.7,112.8,90.8,1.1,11.5,10.3,4.31,3.49,11.51,4.85,3.49,6.73,24766.768000000004,12.677295687258344
2023-07-17,1073.0,real,1614.0,real,1084.0,real,743.0,real,406.0,real,0.0340361076503287,0.9039150114985356,0.0561023622047243,29.48679847400676,111.81,real,1505.5,real,93.5,forward_filled_monthly,82.05,real,596.5,518.5,real,58.6662308642566,23.01433332430162,37.69207908440406,1090.0,993.0,1016.0,1059.857142857143,1086.5666666666666,1655.0,1479.0,1383.0,1607.428571428571,1649.3,1095.0,971.0,1108.0,1053.2857142857142,1090.8666666666666,743.0,728.0,781.0,734.1428571428571,742.1333333333333,409.0,427.0,526.0,414.8571428571428,450.9333333333333,112.38,112.27,108.59,110.69142857142856,111.882,1617.0,1617.0,1223.0,1601.071428571429,1477.2,82.077,82.766,82.515,82.24242857142858,82.16029999999999,602.5,592.0,591.5,597.5714285714286,597.1,520.5,501.0,486.5,514.0,497.1666666666667,93.5,93.5,95.5,93.5,94.7,7,0.0,1.0,0.0,0.0,69.0,3,29,198,1,0,0,0.0,220.0,7.487596482039344e-06,7.487596482039344e-06,0.0,0.0,0.0,none,0.0,Panamax / Kamsarmax Bulk,13.3,4613.4,14.45,75929.2,224.17,32.22,12.84,4.4,1.0,Syama Prasad Mookerjee (Kolkata & Haldia),Muara Pantai (ID),Lump Iron Ore,131.7,112.8,90.8,1.1,11.5,10.3,4.31,3.49,11.51,4.85,3.49,6.73,69854.864,6.243785456972617
2023-07-18,1037.0,real,1529.0,real,1052.0,real,746.0,real,406.0,real,0.040939833729729,0.8844255784596191,0.0166666666666666,27.73908052003963,112.17,real,1523.5,real,93.5,forward_filled_monthly,82.065,real,592.5,515.5,real,59.30238668873934,22.253502045682392,36.64344831202378,1073.0,1009.0,1020.0,1063.857142857143,1087.1333333333334,1614.0,1522.0,1387.0,1608.428571428571,1654.0333333333333,1084.0,984.0,1139.0,1063.0,1087.9666666666667,743.0,724.0,766.0,737.2857142857143,741.4666666666667,406.0,424.0,515.0,412.2857142857143,447.3,111.81,110.54,109.18,110.92428571428572,111.98166666666664,1505.5,1617.0,1223.0,1587.7142857142858,1487.2166666666667,82.05,82.615,82.51,82.16385714285714,82.14546666666666,596.5,591.5,595.0,597.7142857142857,597.0166666666667,518.5,502.5,486.0,515.8571428571429,498.15,93.5,93.5,95.5,93.5,94.63333333333334,7,1.0,1.0,0.0,0.0,70.0,3,29,199,1,0,0,0.0,221.0,6.971422393869603e-06,6.971422393869603e-06,0.0,0.0,0.0,none,0.0,Capesize Bulk,13.4,4537.1,14.11,189523.1,285.97,43.72,16.43,2.8,1.0,Kamarajar (Ennore),Port Hedland (AU),Coking Coal,131.7,112.8,90.8,1.1,11.5,10.3,4.31,3.49,11.51,4.85,3.49,6.73,174361.252,4.284032420852885
2023-07-19,1004.0,real,1468.0,real,993.0,real,754.0,real,404.0,real,0.042434790273072,0.8802052697288727,-0.0346153846153846,25.46635372977903,112.08,real,1562.0,real,93.5,forward_filled_monthly,82.055,real,595.5,522.5,real,59.37163839576046,21.55607337361476,35.27981223786742,1037.0,1024.0,1040.0,1061.0,1085.9333333333334,1529.0,1555.0,1460.0,1596.0,1654.3,1052.0,996.0,1146.0,1062.571428571429,1082.8666666666666,746.0,724.0,747.0,741.5714285714286,741.7,406.0,422.0,505.0,409.7142857142857,443.9333333333333,112.17,109.21,111.43,111.3342857142857,112.00333333333332,1523.5,1617.0,1223.0,1579.857142857143,1498.5166666666669,82.065,82.525,82.516,82.09671428571428,82.13010000000001,592.5,597.5,598.5,597.4285714285714,596.9166666666666,515.5,510.0,489.5,517.6428571428571,499.25,93.5,93.5,95.5,93.5,94.56666666666666,7,2.0,1.0,0.0,0.0,71.0,3,29,200,1,0,0,0.0,222.0,6.490831912527107e-06,6.490831912527107e-06,0.0,0.0,0.0,none,0.0,Capesize Bulk,12.3,9459.3,32.04,178880.6,270.58,44.82,17.9,3.5,1.0,V.O. Chidambaranar (Tuticorin),Tubarao (BR),Iron Ore Fines,131.7,112.8,90.8,1.1,11.5,10.3,4.31,3.49,11.51,4.85,3.49,6.73,164570.152,9.6720651379018
2023-07-20,977.0,real,1421.0,real,945.0,real,757.0,real,403.0,real,0.0433442501218212,0.8776378363429119,-0.0739336492890995,23.7238400971041,112.43,real,1606.5,real,93.5,forward_filled_monthly,82.08,real,595.0,525.0,real,60.56390832772269,20.98544991465033,34.23430405826246,1004.0,1032.0,1055.0,1053.142857142857,1083.3333333333333,1468.0,1550.0,1514.0,1577.571428571429,1651.2,993.0,1027.0,1146.0,1050.857142857143,1076.1666666666667,754.0,728.0,736.0,745.7142857142857,742.4,404.0,418.0,501.0,407.57142857142856,440.6666666666667,112.08,109.34,112.96,111.7757142857143,111.98566666666667,1562.0,1617.0,1223.0,1578.357142857143,1511.3,82.055,82.395,82.445,82.05171428571428,82.11793333333334,595.5,594.0,593.0,597.5714285714286,596.9833333333333,522.5,513.0,486.0,519.3571428571429,500.55,93.5,93.5,95.5,93.5,94.5,7,3.0,1.0,0.0,0.0,72.0,3,29,201,1,0,0,0.0,223.0,6.043372003069068e-06,6.043372003069068e-06,0.0,0.0,0.0,none,0.0,Panamax / Kamsarmax Bulk,13.8,6678.7,20.17,68347.1,225.0,32.27,13.89,5.6,1.005,Paradip,Hay Point (AU),Pellets,131.7,112.8,90.8,1.1,11.5,10.3,4.31,3.49,11.51,4.85,3.49,6.73,62879.33200000001,8.784002188225616
2023-07-21,978.0,real,1442.0,real,924.0,real,758.0,real,400.0,real,0.0261712626671171,0.9261177130395382,-0.0738636363636363,23.72694294200572,112.47,real,1504.5,real,93.5,forward_filled_monthly,81.99,real,598.5,528.5,real,57.253835780181326,21.006584116834205,34.23616576520343,977.0,1088.0,1056.0,1037.428571428571,1080.7333333333331,1421.0,1665.0,1532.0,1545.7142857142858,1648.2,945.0,1086.0,1144.0,1027.7142857142858,1068.8333333333333,757.0,734.0,726.0,749.1428571428571,743.4666666666667,403.0,414.0,491.0,405.57142857142856,437.6333333333333,112.43,110.61,111.14,112.04142857142855,112.03,1606.5,1617.0,1223.0,1562.2857142857142,1520.6833333333334,82.08,81.985,82.415,82.05242857142856,82.10376666666666,595.0,600.0,586.5,597.3571428571429,597.3833333333333,525.0,515.0,479.5,521.2857142857143,502.1833333333333,93.5,93.5,95.5,93.5,94.43333333333334,7,4.0,1.0,0.0,0.0,73.0,3,29,202,1,0,0,0.0,224.0,5.626758735962956e-06,5.626758735962956e-06,0.0,0.0,0.0,none,0.0,Panamax / Kamsarmax Bulk,12.7,3345.2,10.98,79065.6,224.03,32.29,13.8,4.4,1.0,V.O. Chidambaranar (Tuticorin),Richards Bay (ZA),Thermal Coal,131.7,112.8,90.8,1.1,11.5,10.3,4.31,3.49,11.51,4.85,3.49,6.73,72740.35200000001,4.520173650982606
2023-07-22,978.0,real,1442.0,real,924.0,real,758.0,real,400.0,real,0.0261712626671171,0.9261177130395382,-0.0738636363636363,23.72694294200572,112.47,real,1504.5,real,93.5,forward_filled_monthly,81.99,real,598.5,528.5,real,57.253835780181326,21.006584116834205,34.23616576520343,977.0,1088.0,1056.0,1037.428571428571,1080.7333333333331,1421.0,1665.0,1532.0,1545.7142857142858,1648.2,945.0,1086.0,1144.0,1027.7142857142858,1068.8333333333333,757.0,734.0,726.0,749.1428571428571,743.4666666666667,403.0,414.0,491.0,405.57142857142856,437.6333333333333,112.43,110.61,111.14,112.04142857142855,112.03,1606.5,1617.0,1223.0,1562.2857142857142,1520.6833333333334,82.08,81.985,82.415,82.05242857142856,82.10376666666666,595.0,600.0,586.5,597.3571428571429,597.3833333333333,525.0,515.0,479.5,521.2857142857143,502.1833333333333,93.5,93.5,95.5,93.5,94.43333333333334,7,0.0,0.0,0.0,0.0,73.0,3,29,203,1,0,0,0.0,224.0,0.0,0.0,0.0,0.0,0.0,none,0.0,Capesize Bulk,13.8,9678.6,29.22,182936.0,276.58,46.0,17.63,2.1,1.0,V.O. Chidambaranar (Tuticorin),Muara Pantai (ID),Lump Iron Ore,131.7,112.8,90.8,1.1,11.5,10.3,4.31,3.49,11.51,4.85,3.49,6.73,168301.12,8.697840058485648
2023-07-23,978.0,real,1442.0,real,924.0,real,758.0,real,400.0,real,0.0261712626671171,0.9261177130395382,-0.0738636363636363,23.72694294200572,112.47,real,1504.5,real,93.5,forward_filled_monthly,81.99,real,598.5,528.5,real,57.253835780181326,21.006584116834205,34.23616576520343,977.0,1088.0,1056.0,1037.428571428571,1080.7333333333331,1421.0,1665.0,1532.0,1545.7142857142858,1648.2,945.0,1086.0,1144.0,1027.7142857142858,1068.8333333333333,757.0,734.0,726.0,749.1428571428571,743.4666666666667,403.0,414.0,491.0,405.57142857142856,437.6333333333333,112.43,110.61,111.14,112.04142857142855,112.03,1606.5,1617.0,1223.0,1562.2857142857142,1520.6833333333334,82.08,81.985,82.415,82.05242857142856,82.10376666666666,595.0,600.0,586.5,597.3571428571429,597.3833333333333,525.0,515.0,479.5,521.2857142857143,502.1833333333333,93.5,93.5,95.5,93.5,94.43333333333334,7,0.0,0.0,0.0,0.0,73.0,3,29,204,1,0,0,0.0,224.0,0.0,0.0,0.0,0.0,0.0,none,0.0,Capesize Bulk,12.5,2889.6,9.63,170701.0,271.64,44.43,17.05,2.8,1.0,Kamarajar (Ennore),Newcastle (AU),Lump Iron Ore,131.7,112.8,90.8,1.1,11.5,10.3,4.31,3.49,11.51,4.85,3.49,6.73,157044.92,3.1316071567994688
2023-07-24,967.0,real,1422.0,real,910.0,real,757.0,real,400.0,real,0.0214183027575376,0.9395354664134457,-0.0996275605214153,22.585132909220995,112.51,real,1455.5,real,93.5,forward_filled_monthly,81.795,real,607.5,535.0,real,54.16108038793441,20.77410789281166,33.5510797455326,978.0,1103.0,1074.0,1018.0,1077.1666666666667,1442.0,1691.0,1587.0,1507.2857142857142,1642.7,924.0,1101.0,1144.0,1000.4285714285714,1061.0333333333333,758.0,743.0,722.0,751.1428571428571,744.6333333333333,400.0,411.0,481.0,404.0,434.9333333333333,112.47,110.95,112.45,112.26428571428572,112.032,1504.5,1617.0,1223.0,1539.2142857142858,1528.4333333333334,81.99,82.05,82.24,82.01599999999999,82.08893333333334,598.5,601.0,585.0,598.2857142857143,598.1333333333333,528.5,518.5,480.5,523.6428571428571,504.0,93.5,93.5,95.5,93.5,94.36666666666666,7,0.0,1.0,0.0,0.0,76.0,3,30,205,1,0,0,0.0,227.0,4.541456833913308e-06,4.541456833913308e-06,0.0,0.0,0.0,none,0.0,Feeder Container,16.1,3138.5,8.12,36246.6,161.23,30.83,10.11,8.9,1.031,Visakhapatnam,Tubarao (BR),Pellets,131.7,112.8,90.8,1.1,11.5,10.3,4.31,3.49,11.51,4.85,3.49,6.73,33346.872,6.797532146867267
2023-07-29,1110.0,real,1830.0,real,975.0,real,726.0,real,396.0,real,0.0838297575885817,0.7633459919468311,0.0422535211267605,28.87304314743374,112.69,real,1459.0,real,93.5,forward_filled_monthly,82.253,real,629.0,551.5,real,42.72310040266984,23.79629880510472,37.32382588846025,1097.0,1004.0,1065.0,1022.5714285714286,1074.5666666666666,1801.0,1468.0,1492.0,1582.0,1662.3666666666666,955.0,993.0,1193.0,931.4285714285714,1027.9666666666667,733.0,754.0,751.0,746.5714285714286,744.1666666666666,397.0,404.0,460.0,399.2857142857143,425.6333333333333,112.9,112.08,113.02,112.65857142857143,112.01466666666668,1474.0,1562.0,1477.5,1490.928571428571,1538.9166666666667,82.155,82.055,81.915,82.01185714285714,82.10636666666666,622.5,595.5,611.0,612.0714285714286,600.9333333333333,544.5,522.5,505.5,536.9285714285714,510.0833333333333,93.5,93.5,95.5,93.5,94.1,7,0.0,0.0,0.0,0.0,80.0,3,30,210,1,0,0,0.0,231.0,0.0,0.0,0.0,0.0,0.0,none,0.0,Capesize Bulk,13.8,6936.6,20.94,208693.2,275.43,48.59,16.84,3.2,1.0,Chennai,Newcastle (AU),Thermal Coal,131.7,112.8,90.8,1.1,11.5,10.3,4.31,3.49,11.51,4.85,3.49,6.73,191997.744,6.569461980169934
2023-07-30,1110.0,real,1830.0,real,975.0,real,726.0,real,396.0,real,0.0838297575885817,0.7633459919468311,0.0422535211267605,28.87304314743374,112.69,real,1459.0,real,93.5,forward_filled_monthly,82.253,real,629.0,551.5,real,42.72310040266984,23.79629880510472,37.32382588846025,1097.0,1004.0,1065.0,1022.5714285714286,1074.5666666666666,1801.0,1468.0,1492.0,1582.0,1662.3666666666666,955.0,993.0,1193.0,931.4285714285714,1027.9666666666667,733.0,754.0,751.0,746.5714285714286,744.1666666666666,397.0,404.0,460.0,399.2857142857143,425.6333333333333,112.9,112.08,113.02,112.65857142857143,112.01466666666668,1474.0,1562.0,1477.5,1490.928571428571,1538.9166666666667,82.155,82.055,81.915,82.01185714285714,82.10636666666666,622.5,595.5,611.0,612.0714285714286,600.9333333333333,544.5,522.5,505.5,536.9285714285714,510.0833333333333,93.5,93.5,95.5,93.5,94.1,7,0.0,0.0,0.0,0.0,80.0,3,30,211,1,0,0,0.0,231.0,0.0,0.0,0.0,0.0,0.0,none,0.0,Capesize Bulk,14.4,3111.5,9.0,174667.6,277.03,43.14,18.2,2.6,1.0,Kamarajar (Ennore),Hay Point (AU),Coking Coal,131.7,112.8,90.8,1.1,11.5,10.3,4.31,3.49,11.51,4.85,3.49,6.73,160694.192,3.2580434314639075
2023-07-31,1127.0,real,1873.0,real,996.0,real,719.0,real,394.0,real,0.0789528758063132,0.7771135806143252,0.0454545454545454,29.01490669548138,112.46,real,1373.0,real,93.5,forward_filled_monthly,82.245,real,633.5,562.0,real,39.31599042458006,24.155580242230467,37.40894401728883,1110.0,977.0,1078.0,1044.0,1076.2,1830.0,1421.0,1540.0,1646.571428571429,1673.4666666666667,975.0,945.0,1174.0,938.7142857142856,1022.0333333333332,726.0,757.0,759.0,741.1428571428571,742.8333333333334,396.0,403.0,458.0,398.0,423.5,112.69,112.43,113.08,112.66285714285712,111.994,1459.0,1606.5,1477.5,1457.571428571429,1535.4333333333334,82.253,82.08,82.005,82.03542857142858,82.11436666666667,629.0,595.0,610.0,617.5714285714286,601.7166666666667,551.5,525.0,506.5,542.2142857142857,511.9333333333333,93.5,93.5,95.5,93.5,94.03333333333332,7,0.0,1.0,0.0,0.0,83.0,3,31,212,1,0,0,0.0,234.0,2.7545328095298864e-06,2.7545328095298864e-06,0.0,0.0,0.0,none,0.0,Supramax / Ultramax Bulk,14.9,9553.6,26.72,56747.9,186.06,32.08,12.15,6.7,1.014,Kamarajar (Ennore),Newcastle (AU),Lump Iron Ore,131.7,112.8,90.8,1.1,11.5,10.3,4.31,3.49,11.51,4.85,3.49,6.73,52208.06800000001,13.196992036673992
2023-08-01,1150.0,real,1920.0,real,1034.0,real,709.0,real,394.0,real,0.0784415129029391,0.7785571739651148,0.0105448154657292,27.46777126304762,108.32,real,1282.0,real,106.5,real,82.345,real,640.5,562.5,real,33.24094519294382,44.64166689245943,36.48066275782857,1127.0,978.0,1138.0,1068.571428571429,1076.6,1873.0,1442.0,1730.0,1714.857142857143,1679.8,996.0,924.0,1157.0,954.4285714285714,1017.9333333333332,719.0,758.0,761.0,734.1428571428571,741.1,394.0,400.0,455.0,397.1428571428572,421.4666666666666,112.46,112.47,112.85,112.07,111.843,1373.0,1504.5,1477.5,1425.7857142857142,1528.9166666666667,82.245,81.99,81.94,82.08614285714286,82.12786666666666,633.5,598.5,608.0,623.5714285714286,602.8,562.0,528.5,498.5,547.0714285714286,514.0666666666667,93.5,93.5,95.5,95.35714285714286,94.4,8,1.0,1.0,0.0,0.0,84.0,3,31,213,1,0,0,0.0,235.0,2.564642974426833e-06,2.564642974426833e-06,0.0,0.0,0.0,none,0.0,Panamax / Kamsarmax Bulk,14.5,2710.3,7.79,65205.7,227.16,32.27,13.75,5.2,1.002,Kamarajar (Ennore),Hay Point (AU),Coking Coal,146.4,108.7,86.4,0.8,11.9,10.8,4.42,3.67,12.3,4.7,3.47,6.32,59989.244,4.128818327497987
2023-08-04,1136.0,real,1818.0,real,1133.0,real,688.0,real,390.0,real,0.0317506241348404,0.9103670024124808,-0.0786699107866991,23.51393764347425,105.18,real,1399.0,real,106.5,forward_filled_monthly,82.696,real,654.5,578.0,real,37.43933593070216,44.34578806188528,34.10836258608455,1128.0,1067.0,1233.0,1124.428571428571,1066.5333333333333,1803.0,1734.0,2075.0,1836.142857142857,1655.9,1112.0,916.0,1113.0,1041.0,1016.1666666666666,695.0,742.0,741.0,710.0,736.0333333333333,391.0,399.0,454.0,393.4285714285714,415.06666666666666,104.26,112.89,112.46,109.03142857142856,111.13933333333333,1399.0,1491.0,1430.0,1389.928571428571,1520.8,82.755,81.955,81.975,82.45485714285714,82.20340000000002,647.0,617.5,598.5,639.2142857142857,607.4166666666666,571.5,538.5,488.0,563.5,522.3166666666667,106.5,93.5,95.5,100.92857142857144,95.5,8,4.0,1.0,0.0,0.0,87.0,3,31,216,1,0,0,0.0,238.0,2.069968859392584e-06,2.069968859392584e-06,0.0,0.0,0.0,none,0.0,Feeder Container,17.3,6722.6,16.19,22958.4,180.5,31.05,9.65,8.9,1.031,Syama Prasad Mookerjee (Kolkata & Haldia),Richards Bay (ZA),Thermal Coal,146.4,108.7,86.4,0.8,11.9,10.8,4.42,3.67,12.3,4.7,3.47,6.32,21121.728000000003,20.49805814242653
2023-08-05,1136.0,real,1818.0,real,1133.0,real,688.0,real,390.0,real,0.0317506241348404,0.9103670024124808,-0.0786699107866991,23.51393764347425,105.18,real,1399.0,real,106.5,forward_filled_monthly,82.696,real,654.5,578.0,real,37.43933593070216,44.34578806188528,34.10836258608455,1128.0,1067.0,1233.0,1124.428571428571,1066.5333333333333,1803.0,1734.0,2075.0,1836.142857142857,1655.9,1112.0,916.0,1113.0,1041.0,1016.1666666666666,695.0,742.0,741.0,710.0,736.0333333333333,391.0,399.0,454.0,393.4285714285714,415.06666666666666,104.26,112.89,112.46,109.03142857142856,111.13933333333333,1399.0,1491.0,1430.0,1389.928571428571,1520.8,82.755,81.955,81.975,82.45485714285714,82.20340000000002,647.0,617.5,598.5,639.2142857142857,607.4166666666666,571.5,538.5,488.0,563.5,522.3166666666667,106.5,93.5,95.5,100.92857142857144,95.5,8,0.0,0.0,0.0,0.0,87.0,3,31,217,1,0,0,0.0,238.0,0.0,0.0,0.0,0.0,0.0,none,0.0,Aframax / Suezmax Tanker,13.1,4603.3,14.64,124629.9,273.59,42.29,14.29,11.8,1.054,Visakhapatnam,Richards Bay (ZA),Coking Coal,146.4,108.7,86.4,0.8,11.9,10.8,4.42,3.67,12.3,4.7,3.47,6.32,114659.508,5.2724359370309655
2023-08-10,1137.0,real,1674.0,real,1292.0,real,706.0,real,401.0,real,0.0257675250644836,0.9272574768252564,0.0421631530705775,28.86903820033946,104.6,real,1499.0,real,106.5,forward_filled_monthly,82.644,real,667.5,592.0,real,34.14234484273667,44.36692226406914,37.32142292020367,1144.0,1150.0,1091.0,1136.428571428571,1068.0,1752.0,1920.0,1704.0,1781.428571428571,1649.8666666666666,1233.0,1034.0,1030.0,1171.428571428571,1038.0,696.0,709.0,749.0,694.2857142857143,728.7,393.0,394.0,446.0,392.57142857142856,407.56666666666666,104.7,108.32,112.57,105.04142857142858,110.073,1450.0,1282.0,1617.0,1427.2142857142858,1515.3333333333333,82.872,82.345,82.096,82.76585714285714,82.30116666666666,657.0,640.5,596.0,654.7142857142857,616.1333333333333,584.5,562.5,491.0,579.5,535.45,106.5,106.5,95.5,106.5,96.96666666666668,8,3.0,1.0,0.0,0.0,93.0,3,32,222,1,0,0,0.0,244.0,1.3484585628813409e-06,1.3484585628813409e-06,0.0,0.0,0.0,none,0.0,Panamax / Kamsarmax Bulk,13.2,6768.8,21.37,65703.2,223.23,32.25,13.6,5.8,1.006,Kamarajar (Ennore),Newcastle (AU),Iron Ore Fines,146.4,108.7,86.4,0.8,11.9,10.8,4.42,3.67,12.3,4.7,3.47,6.32,60446.944,11.3704720043181
2023-08-11,1129.0,real,1592.0,real,1337.0,real,728.0,real,411.0,real,0.0235415215622102,0.93354155381542,0.0348304307974336,28.54406535040302,105.37,real,1450.0,real,106.5,forward_filled_monthly,82.898,real,662.5,591.5,real,33.00053910833527,44.1978486465982,37.12643921024181,1137.0,1123.0,1091.0,1137.2857142857142,1069.2666666666669,1674.0,1808.0,1704.0,1750.571428571429,1646.1333333333334,1292.0,1082.0,1030.0,1207.857142857143,1048.2333333333331,706.0,700.0,749.0,698.2857142857143,728.0,401.0,392.0,446.0,395.2857142857143,406.4,104.6,107.41,112.57,104.75,109.833,1499.0,1343.5,1617.0,1442.428571428571,1509.7666666666669,82.644,82.735,82.096,82.78914285714286,82.3279,667.5,647.5,596.0,656.8571428571429,618.35,592.0,574.5,491.0,581.9285714285714,538.8,106.5,106.5,93.5,106.5,97.4,8,4.0,1.0,0.0,0.0,94.0,3,32,223,1,0,0,0.0,245.0,1.255499577871991e-06,1.255499577871991e-06,0.0,0.0,0.0,none,0.0,Panamax / Kamsarmax Bulk,14.5,3144.7,9.04,76886.6,225.94,32.22,12.75,5.2,1.002,Chennai,Hay Point (AU),Coking Coal,146.4,108.7,86.4,0.8,11.9,10.8,4.42,3.67,12.3,4.7,3.47,6.32,70735.672,4.609724341333181
2023-08-13,1129.0,real,1592.0,real,1337.0,real,728.0,real,411.0,real,0.0235415215622102,0.93354155381542,0.0348304307974336,28.54406535040302,105.37,real,1450.0,real,106.5,forward_filled_monthly,82.898,real,662.5,591.5,real,33.00053910833527,44.1978486465982,37.12643921024181,1137.0,1123.0,1091.0,1137.2857142857142,1069.2666666666669,1674.0,1808.0,1704.0,1750.571428571429,1646.1333333333334,1292.0,1082.0,1030.0,1207.857142857143,1048.2333333333331,706.0,700.0,749.0,698.2857142857143,728.0,401.0,392.0,446.0,395.2857142857143,406.4,104.6,107.41,112.57,104.75,109.833,1499.0,1343.5,1617.0,1442.428571428571,1509.7666666666669,82.644,82.735,82.096,82.78914285714286,82.3279,667.5,647.5,596.0,656.8571428571429,618.35,592.0,574.5,491.0,581.9285714285714,538.8,106.5,106.5,93.5,106.5,97.4,8,0.0,0.0,0.0,0.0,94.0,3,32,225,1,0,0,0.0,245.0,0.0,0.0,0.0,0.0,0.0,none,0.0,Supramax / Ultramax Bulk,13.6,4484.8,13.74,63691.9,199.91,32.17,11.84,8.3,1.026,Paradip,Tubarao (BR),Lump Iron Ore,146.4,108.7,86.4,0.8,11.9,10.8,4.42,3.67,12.3,4.7,3.47,6.32,58596.548,6.810793402832706
2023-08-15,1166.0,real,1597.0,real,1412.0,real,772.0,real,433.0,real,0.0246883371624429,0.9303040577746352,0.1168582375478928,32.17938783239074,104.8,real,1467.5,real,106.5,forward_filled_monthly,83.239,real,661.5,585.5,real,34.30933389316701,44.979814127401305,39.30763269943444,1135.0,1136.0,1044.0,1142.571428571429,1075.5666666666666,1570.0,1818.0,1601.0,1685.7142857142858,1643.3,1365.0,1133.0,988.0,1283.857142857143,1074.0666666666666,745.0,688.0,747.0,717.4285714285714,728.7666666666667,420.0,390.0,435.0,405.57142857142856,405.53333333333336,104.63,105.18,110.87,104.74857142857142,109.42266666666666,1379.5,1399.0,1617.0,1449.428571428571,1496.8666666666666,83.18,82.696,81.974,82.92742857142858,82.41123333333333,662.5,654.5,592.0,660.0714285714286,622.8,589.5,578.0,496.0,585.5714285714286,544.7666666666667,106.5,106.5,93.5,106.5,98.26666666666668,8,1.0,1.0,0.0,0.0,98.0,3,33,227,1,0,0,0.0,249.0,9.434794242364088e-07,9.434794242364088e-07,0.0,0.0,0.0,none,0.0,Supramax / Ultramax Bulk,13.6,7444.3,22.81,62337.5,190.25,32.02,12.95,8.6,1.029,Kamarajar (Ennore),Tubarao (BR),Thermal Coal,146.4,108.7,86.4,0.8,11.9,10.8,4.42,3.67,12.3,4.7,3.47,6.32,57350.5,11.270503217354031
2023-08-16,1233.0,real,1701.0,real,1486.0,real,812.0,real,444.0,real,0.0396736274369212,0.8880001181318646,0.2404426559356136,37.65642339369743,104.81,real,1463.0,real,106.5,forward_filled_monthly,83.222,real,656.5,585.5,real,33.52900590066421,46.39580567372043,42.59385403621846,1166.0,1145.0,994.0,1155.142857142857,1083.5333333333333,1597.0,1832.0,1475.0,1667.0,1650.8333333333333,1412.0,1153.0,969.0,1331.428571428571,1091.3,772.0,686.0,737.0,735.4285714285714,731.2666666666667,433.0,389.0,430.0,413.4285714285714,406.0,104.8,104.73,111.84,104.76,109.18833333333332,1467.5,1450.0,1617.0,1451.2857142857142,1491.7333333333331,83.239,82.778,82.403,82.99085714285715,82.43853333333333,661.5,657.5,593.0,659.9285714285714,624.9166666666666,585.5,579.5,500.0,586.4285714285714,547.6166666666667,106.5,106.5,93.5,106.5,98.7,8,2.0,1.0,0.0,0.0,99.0,3,33,228,1,0,0,0.0,250.0,8.784385753231005e-07,8.784385753231005e-07,0.0,0.0,0.0,none,0.0,Panamax / Kamsarmax Bulk,13.7,9458.3,28.77,78782.9,225.15,32.22,13.14,5.5,1.004,Visakhapatnam,Port Hedland (AU),Thermal Coal,146.4,108.7,86.4,0.8,11.9,10.8,4.42,3.67,12.3,4.7,3.47,6.32,72480.268,13.83836906848953
2023-08-18,1237.0,real,1598.0,real,1542.0,real,879.0,real,469.0,real,0.0410481784359521,0.8841197179905376,0.225966303270565,37.014857900418654,106.1,real,1466.0,real,106.5,forward_filled_monthly,83.167,real,654.5,583.0,real,35.38556791157814,46.4803424824559,42.2089147402512,1247.0,1144.0,1009.0,1183.428571428571,1099.6,1665.0,1752.0,1522.0,1628.142857142857,1659.5666666666666,1522.0,1233.0,984.0,1422.2857142857142,1128.2666666666669,859.0,696.0,724.0,785.8571428571429,740.8,459.0,393.0,424.0,433.8571428571428,408.56666666666666,105.64,104.7,110.54,105.13571428571429,108.81933333333332,1449.5,1450.0,1617.0,1453.5,1481.1166666666666,83.14,82.872,82.615,83.07000000000001,82.4694,653.0,657.0,591.5,659.7142857142857,629.05,582.5,584.5,502.5,587.0714285714286,553.0166666666667,106.5,106.5,93.5,106.5,99.56666666666666,8,4.0,1.0,0.0,0.0,101.0,3,33,230,1,0,0,0.0,252.0,7.614989872356315e-07,7.614989872356315e-07,0.0,0.0,0.0,none,0.0,Panamax / Kamsarmax Bulk,13.9,6897.8,20.68,66461.7,222.74,32.3,13.69,6.1,1.009,Paradip,Hay Point (AU),Lump Iron Ore,146.4,108.7,86.4,0.8,11.9,10.8,4.42,3.67,12.3,4.7,3.47,6.32,61144.764,11.585325705327174
2023-08-19,1237.0,real,1598.0,real,1542.0,real,879.0,real,469.0,real,0.0410481784359521,0.8841197179905376,0.225966303270565,37.014857900418654,106.1,real,1466.0,real,106.5,forward_filled_monthly,83.167,real,654.5,583.0,real,35.38556791157814,46.4803424824559,42.2089147402512,1247.0,1144.0,1009.0,1183.428571428571,1099.6,1665.0,1752.0,1522.0,1628.142857142857,1659.5666666666666,1522.0,1233.0,984.0,1422.2857142857142,1128.2666666666669,859.0,696.0,724.0,785.8571428571429,740.8,459.0,393.0,424.0,433.8571428571428,408.56666666666666,105.64,104.7,110.54,105.13571428571429,108.81933333333332,1449.5,1450.0,1617.0,1453.5,1481.1166666666666,83.14,82.872,82.615,83.07000000000001,82.4694,653.0,657.0,591.5,659.7142857142857,629.05,582.5,584.5,502.5,587.0714285714286,553.0166666666667,106.5,106.5,93.5,106.5,99.56666666666666,8,0.0,0.0,0.0,0.0,101.0,3,33,231,1,0,0,0.0,252.0,0.0,0.0,0.0,0.0,0.0,none,0.0,Capesize Bulk,12.3,7460.5,25.27,202790.3,289.46,49.29,17.56,3.3,1.0,Chennai,Hay Point (AU),Pellets,146.4,108.7,86.4,0.8,11.9,10.8,4.42,3.67,12.3,4.7,3.47,6.32,186567.076,7.818394223656589
2023-08-20,1237.0,real,1598.0,real,1542.0,real,879.0,real,469.0,real,0.0410481784359521,0.8841197179905376,0.225966303270565,37.014857900418654,106.1,real,1466.0,real,106.5,forward_filled_monthly,83.167,real,654.5,583.0,real,35.38556791157814,46.4803424824559,42.2089147402512,1247.0,1144.0,1009.0,1183.428571428571,1099.6,1665.0,1752.0,1522.0,1628.142857142857,1659.5666666666666,1522.0,1233.0,984.0,1422.2857142857142,1128.2666666666669,859.0,696.0,724.0,785.8571428571429,740.8,459.0,393.0,424.0,433.8571428571428,408.56666666666666,105.64,104.7,110.54,105.13571428571429,108.81933333333332,1449.5,1450.0,1617.0,1453.5,1481.1166666666666,83.14,82.872,82.615,83.07000000000001,82.4694,653.0,657.0,591.5,659.7142857142857,629.05,582.5,584.5,502.5,587.0714285714286,553.0166666666667,106.5,106.5,93.5,106.5,99.56666666666666,8,0.0,0.0,0.0,0.0,101.0,3,33,232,1,0,0,0.0,252.0,0.0,0.0,0.0,0.0,0.0,none,0.0,Capesize Bulk,14.3,9452.3,27.54,157184.8,294.08,44.73,18.25,3.9,1.0,Paradip,Newcastle (AU),Coking Coal,146.4,108.7,86.4,0.8,11.9,10.8,4.42,3.67,12.3,4.7,3.47,6.32,144610.016,9.834273536162254
2023-08-21,1223.0,real,1538.0,real,1541.0,real,900.0,real,477.0,real,0.0402132433513853,0.8864767656536916,0.1943359375,35.61305789680481,106.48,real,1472.0,real,106.5,forward_filled_monthly,83.095,real,657.5,588.5,real,36.76284500507088,46.18446365188176,41.36783473808289,1237.0,1137.0,1024.0,1195.7142857142858,1106.2333333333331,1598.0,1674.0,1555.0,1608.7142857142858,1659.0,1542.0,1292.0,996.0,1457.857142857143,1146.4333333333334,879.0,706.0,724.0,813.5714285714286,746.6666666666666,469.0,401.0,422.0,444.7142857142857,410.4,106.1,104.6,109.21,105.4042857142857,108.72833333333332,1466.0,1499.0,1617.0,1449.642857142857,1476.2833333333333,83.167,82.644,82.525,83.13442857142857,82.4884,654.5,667.5,597.5,658.2857142857143,631.05,583.0,592.0,510.0,586.5714285714286,555.6333333333333,106.5,106.5,93.5,106.5,100.0,8,0.0,1.0,0.0,0.0,104.0,3,34,233,1,0,0,0.0,255.0,6.146193469245079e-07,6.146193469245079e-07,0.0,0.0,0.0,none,0.0,Panamax / Kamsarmax Bulk,14.2,2890.2,8.48,74166.0,224.85,32.22,14.39,4.5,1.0,Syama Prasad Mookerjee (Kolkata & Haldia),Newcastle (AU),Iron Ore Fines,146.4,108.7,86.4,0.8,11.9,10.8,4.42,3.67,12.3,4.7,3.47,6.32,68232.72,4.67440122451516
2023-08-25,1080.0,real,1174.0,real,1449.0,real,908.0,real,507.0,real,0.0198796228913244,0.9438792074419854,-0.0091743119266054,26.593855575497766,108.21,real,1543.0,real,106.5,forward_filled_monthly,82.665,real,651.0,571.0,real,38.24742724463944,43.16227273958869,35.95631334529866,1110.0,1233.0,1090.0,1177.428571428571,1113.6333333333334,1259.0,1701.0,1655.0,1437.0,1615.5666666666666,1456.0,1486.0,1095.0,1500.0,1199.3,906.0,812.0,743.0,895.8571428571429,769.5,500.0,444.0,409.0,483.8571428571428,421.4,107.82,104.81,112.38,106.92714285714284,108.29466666666669,1554.0,1463.0,1617.0,1503.0,1465.1333333333334,82.59,83.222,82.077,82.88914285714286,82.56556666666667,645.5,656.5,602.5,650.8571428571429,637.5,571.5,585.5,520.5,580.1428571428571,563.6333333333333,106.5,106.5,93.5,106.5,101.73333333333332,8,4.0,1.0,0.0,0.0,108.0,3,34,237,1,0,0,0.0,259.0,4.6187248309852973e-07,4.6187248309852973e-07,0.0,0.0,0.0,none,0.0,Feeder Container,18.4,6920.0,15.67,20776.4,187.71,30.49,10.11,9.1,1.033,Paradip,Hay Point (AU),Coking Coal,146.4,108.7,86.4,0.8,11.9,10.8,4.42,3.67,12.3,4.7,3.47,6.32,19114.288,21.24539896599658
2023-08-26,1080.0,real,1174.0,real,1449.0,real,908.0,real,507.0,real,0.0198796228913244,0.9438792074419854,-0.0091743119266054,26.593855575497766,108.21,real,1543.0,real,106.5,forward_filled_monthly,82.665,real,651.0,571.0,real,38.24742724463944,43.16227273958869,35.95631334529866,1110.0,1233.0,1090.0,1177.428571428571,1113.6333333333334,1259.0,1701.0,1655.0,1437.0,1615.5666666666666,1456.0,1486.0,1095.0,1500.0,1199.3,906.0,812.0,743.0,895.8571428571429,769.5,500.0,444.0,409.0,483.8571428571428,421.4,107.82,104.81,112.38,106.92714285714284,108.29466666666669,1554.0,1463.0,1617.0,1503.0,1465.1333333333334,82.59,83.222,82.077,82.88914285714286,82.56556666666667,645.5,656.5,602.5,650.8571428571429,637.5,571.5,585.5,520.5,580.1428571428571,563.6333333333333,106.5,106.5,93.5,106.5,101.73333333333332,8,0.0,0.0,0.0,0.0,108.0,3,34,238,1,0,0,0.0,259.0,0.0,0.0,0.0,0.0,0.0,none,0.0,Capesize Bulk,13.4,8388.8,26.08,193216.1,290.62,43.67,18.31,1.5,1.0,Syama Prasad Mookerjee (Kolkata & Haldia),Port Hedland (AU),Coking Coal,146.4,108.7,86.4,0.8,11.9,10.8,4.42,3.67,12.3,4.7,3.47,6.32,177758.812,7.473513496577598
2023-08-27,1080.0,real,1174.0,real,1449.0,real,908.0,real,507.0,real,0.0198796228913244,0.9438792074419854,-0.0091743119266054,26.593855575497766,108.21,real,1543.0,real,106.5,forward_filled_monthly,82.665,real,651.0,571.0,real,38.24742724463944,43.16227273958869,35.95631334529866,1110.0,1233.0,1090.0,1177.428571428571,1113.6333333333334,1259.0,1701.0,1655.0,1437.0,1615.5666666666666,1456.0,1486.0,1095.0,1500.0,1199.3,906.0,812.0,743.0,895.8571428571429,769.5,500.0,444.0,409.0,483.8571428571428,421.4,107.82,104.81,112.38,106.92714285714284,108.29466666666669,1554.0,1463.0,1617.0,1503.0,1465.1333333333334,82.59,83.222,82.077,82.88914285714286,82.56556666666667,645.5,656.5,602.5,650.8571428571429,637.5,571.5,585.5,520.5,580.1428571428571,563.6333333333333,106.5,106.5,93.5,106.5,101.73333333333332,8,0.0,0.0,0.0,0.0,108.0,3,34,239,1,0,0,0.0,259.0,0.0,0.0,0.0,0.0,0.0,none,0.0,Capesize Bulk,12.0,11910.5,41.36,186646.8,278.42,44.45,17.29,4.0,1.0,Chennai,Muara Pantai (ID),Pellets,146.4,108.7,86.4,0.8,11.9,10.8,4.42,3.67,12.3,4.7,3.47,6.32,171715.05599999998,11.943884854043318
2023-08-28,1080.0,forward_filled,1174.0,forward_filled,1449.0,forward_filled,908.0,forward_filled,507.0,forward_filled,0.0259344483352519,0.926786247249972,0.0065237651444547,27.289565661639763,108.31,real,1548.5,real,106.5,forward_filled_monthly,82.628,real,654.5,574.0,real,42.79370201569647,43.16227273958869,36.37373939698386,1080.0,1247.0,1073.0,1153.571428571429,1113.8666666666666,1174.0,1665.0,1614.0,1366.857142857143,1600.9,1449.0,1522.0,1084.0,1489.571428571429,1211.4666666666667,908.0,859.0,743.0,902.8571428571428,775.0,507.0,459.0,406.0,490.7142857142857,424.76666666666665,108.21,105.64,111.81,107.30857142857144,108.178,1543.0,1449.5,1505.5,1517.142857142857,1466.5666666666666,82.665,83.14,82.05,82.816,82.58483333333334,651.0,653.0,596.5,651.0714285714286,639.4333333333333,571.0,582.5,518.5,578.9285714285714,565.4833333333333,106.5,106.5,93.5,106.5,102.16666666666669,8,0.0,1.0,0.0,0.0,111.0,3,35,240,1,0,0,0.0,262.0,3.727854779622697e-07,3.727854779622697e-07,0.0,0.0,0.0,none,0.0,Supramax / Ultramax Bulk,14.5,4386.5,12.6,52363.3,197.81,32.0,12.52,7.2,1.018,Paradip,Tubarao (BR),Iron Ore Fines,146.4,108.7,86.4,0.8,11.9,10.8,4.42,3.67,12.3,4.7,3.47,6.32,48174.236,7.659176206883613
2023-08-30,1094.0,real,1123.0,real,1521.0,real,942.0,real,524.0,real,0.0400955573397926,0.8868089969178197,0.0896414342629481,30.97318885195728,108.99,real,1504.0,real,106.5,forward_filled_monthly,82.616,real,654.0,570.0,real,39.46059674253921,43.45815157016284,38.58391331117437,1107.0,1223.0,1004.0,1116.571428571429,1119.2,1205.0,1538.0,1468.0,1251.428571428571,1578.6,1498.0,1541.0,993.0,1480.428571428571,1243.9333333333334,918.0,900.0,754.0,914.4285714285714,787.0,514.0,477.0,404.0,503.8571428571428,432.3666666666667,108.65,106.48,112.08,108.03142857142858,107.95766666666668,1520.0,1472.0,1562.0,1529.428571428571,1464.5166666666669,82.601,83.095,82.055,82.66671428571429,82.6214,657.0,657.5,595.5,650.9285714285714,643.5333333333333,573.0,588.5,522.5,574.8571428571429,568.9833333333333,106.5,106.5,93.5,106.5,103.03333333333332,8,2.0,1.0,0.0,0.0,113.0,3,35,242,1,0,0,0.0,264.0,3.231594921933001e-07,3.231594921933001e-07,0.0,0.0,0.0,none,0.0,Capesize Bulk,12.4,8263.0,27.77,203068.7,286.62,46.74,16.49,3.4,1.0,Kamarajar (Ennore),Hay Point (AU),Thermal Coal,146.4,108.7,86.4,0.8,11.9,10.8,4.42,3.67,12.3,4.7,3.47,6.32,186823.20400000003,7.680281316175264
2023-08-31,1086.0,real,1094.0,real,1503.0,real,962.0,real,534.0,real,0.0404518974426729,0.8858030377452956,0.1115660184237461,31.94484635281488,109.4,real,1515.0,real,106.5,forward_filled_monthly,82.71,real,654.5,573.0,real,38.4155662442416,43.2890779526919,39.16690781168893,1094.0,1194.0,977.0,1101.142857142857,1122.8333333333333,1123.0,1461.0,1421.0,1199.0,1567.7,1521.0,1516.0,945.0,1478.571428571429,1262.5333333333333,942.0,909.0,757.0,922.0,793.8333333333334,524.0,484.0,403.0,511.0,436.73333333333335,108.99,106.77,112.43,108.40714285714286,107.85666666666664,1504.0,1495.5,1606.5,1532.2142857142858,1461.4666666666667,82.616,83.045,82.08,82.61885714285714,82.6424,654.0,649.0,595.0,651.7142857142857,645.5166666666667,570.0,585.0,525.0,573.1428571428571,570.5833333333334,106.5,106.5,93.5,106.5,103.46666666666668,8,3.0,1.0,0.0,0.0,114.0,3,35,243,1,0,0,0.0,265.0,3.008817750892351e-07,3.008817750892351e-07,0.0,0.0,0.0,none,0.0,Panamax / Kamsarmax Bulk,12.9,2847.7,9.2,74526.7,224.98,32.22,13.68,6.3,1.01,Syama Prasad Mookerjee (Kolkata & Haldia),Hay Point (AU),Coking Coal,146.4,108.7,86.4,0.8,11.9,10.8,4.42,3.67,12.3,4.7,3.47,6.32,68564.564,4.978098226056829
2023-09-02,1065.0,real,1032.0,real,1478.0,real,980.0,real,541.0,real,0.0395420979914894,0.8883714298394709,0.0889570552147238,30.94285842330423,118.19,real,1582.5,real,101.0,real,82.697,real,662.0,577.0,real,50.429239796686566,34.38372124529222,38.56571505398254,1086.0,1151.0,978.0,1088.857142857143,1125.7333333333331,1094.0,1364.0,1442.0,1151.571428571429,1554.0333333333333,1503.0,1474.0,924.0,1479.142857142857,1281.0,962.0,910.0,758.0,932.0,801.2333333333333,534.0,491.0,400.0,518.1428571428571,441.4333333333333,109.4,107.47,112.47,109.93857142857144,108.04733333333334,1515.0,1541.0,1504.5,1538.142857142857,1464.0666666666666,82.71,82.522,81.99,82.64385714285713,82.66596666666668,654.5,645.5,598.5,654.0714285714286,647.6333333333333,573.0,579.5,528.5,572.7857142857143,572.2,106.5,106.5,93.5,105.71428571428572,103.71666666666668,9,0.0,0.0,0.0,0.0,115.0,3,35,245,1,0,0,0.0,266.0,0.0,0.0,0.0,0.0,0.0,none,0.0,Panamax / Kamsarmax Bulk,12.7,6896.6,22.63,73359.7,228.53,32.29,12.7,5.6,1.005,Syama Prasad Mookerjee (Kolkata & Haldia),Port Hedland (AU),Iron Ore Fines,160.4,120.5,82.1,2.9,11.6,10.5,4.45,3.46,12.11,5.14,3.16,6.84,67490.924,11.598062563548275
2023-09-03,1065.0,real,1032.0,real,1478.0,real,980.0,real,541.0,real,0.0395420979914894,0.8883714298394709,0.0889570552147238,30.94285842330423,118.19,real,1582.5,real,101.0,real,82.697,real,662.0,577.0,real,50.429239796686566,34.38372124529222,38.56571505398254,1086.0,1151.0,978.0,1088.857142857143,1125.7333333333331,1094.0,1364.0,1442.0,1151.571428571429,1554.0333333333333,1503.0,1474.0,924.0,1479.142857142857,1281.0,962.0,910.0,758.0,932.0,801.2333333333333,534.0,491.0,400.0,518.1428571428571,441.4333333333333,109.4,107.47,112.47,109.93857142857144,108.04733333333334,1515.0,1541.0,1504.5,1538.142857142857,1464.0666666666666,82.71,82.522,81.99,82.64385714285713,82.66596666666668,654.5,645.5,598.5,654.0714285714286,647.6333333333333,573.0,579.5,528.5,572.7857142857143,572.2,106.5,106.5,93.5,105.71428571428572,103.71666666666668,9,0.0,0.0,0.0,0.0,115.0,3,35,246,1,0,0,0.0,266.0,0.0,0.0,0.0,0.0,0.0,none,0.0,Capesize Bulk,13.3,11782.1,36.91,170149.0,288.45,49.49,18.41,4.1,1.0,Visakhapatnam,Tubarao (BR),Pellets,160.4,120.5,82.1,2.9,11.6,10.5,4.45,3.46,12.11,5.14,3.16,6.84,156537.08000000002,10.918523111048192
2023-09-05,1063.0,real,997.0,real,1481.0,real,1008.0,real,557.0,real,0.04501183784901,0.8729301844210692,0.104989604989605,31.65339172840063,117.13,real,1704.0,real,101.0,forward_filled_monthly,83.042,real,661.0,578.0,real,56.500409622299465,34.34145284092448,38.99203503704038,1083.0,1080.0,962.0,1082.571428571429,1132.9666666666667,1072.0,1174.0,1424.0,1099.571428571429,1528.1333333333334,1478.0,1449.0,895.0,1486.857142857143,1319.4666666666667,995.0,908.0,753.0,959.0,817.6666666666666,548.0,507.0,400.0,532.1428571428571,451.6,118.19,108.21,112.72,112.69428571428573,108.38366666666668,1614.5,1543.0,1446.0,1569.7857142857142,1477.9666666666667,82.724,82.665,81.855,82.71685714285715,82.7365,664.0,651.0,614.5,658.1428571428571,651.0666666666667,578.0,571.0,535.5,574.7142857142857,575.05,101.0,106.5,93.5,104.14285714285714,104.21666666666668,9,1.0,1.0,0.0,0.0,119.0,3,36,248,1,0,0,0.0,270.0,2.105187150266183e-07,2.105187150266183e-07,0.0,0.0,0.0,none,0.0,Capesize Bulk,13.7,6784.6,20.63,168581.5,276.05,49.36,17.9,3.3,1.0,Kamarajar (Ennore),Port Hedland (AU),Pellets,160.4,120.5,82.1,2.9,11.6,10.5,4.45,3.46,12.11,5.14,3.16,6.84,155094.98,6.166658584365528
2023-09-06,1081.0,real,1034.0,real,1466.0,real,1036.0,real,564.0,real,0.0499733952524885,0.8589235538462601,0.0131208997188378,27.58193860911979,118.97,real,1555.0,real,101.0,forward_filled_monthly,83.225,real,662.0,586.0,real,50.16937201984584,34.7218684802341,36.549163165471874,1063.0,1080.0,1067.0,1082.7142857142858,1133.4333333333334,997.0,1174.0,1734.0,1079.571428571429,1504.8,1481.0,1449.0,916.0,1489.2857142857142,1337.8,1008.0,908.0,742.0,977.2857142857144,827.4666666666667,557.0,507.0,399.0,540.2857142857143,457.1,117.13,108.31,112.89,114.21714285714286,108.58633333333331,1704.0,1548.5,1491.0,1570.7142857142858,1480.1,83.042,82.628,81.955,82.80214285714285,82.77883333333334,661.0,654.5,617.5,659.2142857142857,652.55,578.0,574.0,538.5,576.4285714285714,576.6333333333333,101.0,106.5,93.5,103.35714285714286,104.46666666666668,9,2.0,1.0,0.0,0.0,120.0,3,36,249,1,0,0,0.0,271.0,1.9600613999240205e-07,1.9600613999240205e-07,0.0,0.0,0.0,none,0.0,Capesize Bulk,13.0,2845.3,9.12,162645.8,277.1,47.4,18.07,1.3,1.0,V.O. Chidambaranar (Tuticorin),Hay Point (AU),Pellets,160.4,120.5,82.1,2.9,11.6,10.5,4.45,3.46,12.11,5.14,3.16,6.84,149634.136,2.9393724153317526
2023-09-08,1186.0,real,1289.0,real,1489.0,real,1079.0,real,572.0,real,0.0792226893789342,0.7763518885228211,0.0684684684684684,30.03484170344477,116.9,real,1676.5,real,101.0,forward_filled_monthly,83.032,real,667.0,592.5,real,54.745999855336095,36.9409597095402,38.020905022066856,1141.0,1094.0,1110.0,1100.7142857142858,1137.4333333333334,1189.0,1123.0,1830.0,1101.0,1466.3666666666666,1473.0,1521.0,975.0,1481.142857142857,1372.2,1056.0,942.0,726.0,1016.5714285714286,850.0,567.0,524.0,396.0,554.7142857142857,468.6333333333333,117.4,108.99,112.69,116.59714285714288,108.87666666666668,1676.5,1504.0,1459.0,1617.7142857142858,1494.1,83.155,82.616,82.253,82.9407142857143,82.83813333333335,668.5,654.0,629.0,662.7142857142857,655.35,590.0,570.0,551.5,582.0714285714286,579.5166666666667,101.0,106.5,93.5,101.78571428571428,104.96666666666668,9,4.0,1.0,0.0,0.0,122.0,3,36,251,1,0,0,0.0,273.0,1.6991339097475358e-07,1.6991339097475358e-07,0.0,0.0,0.0,none,0.0,Capesize Bulk,13.9,11683.3,35.02,170046.3,285.65,47.1,16.02,3.9,1.0,Paradip,Newcastle (AU),Thermal Coal,160.4,120.5,82.1,2.9,11.6,10.5,4.45,3.46,12.11,5.14,3.16,6.84,156442.596,11.14808084767655
2023-09-09,1186.0,real,1289.0,real,1489.0,real,1079.0,real,572.0,real,0.0792226893789342,0.7763518885228211,0.0684684684684684,30.03484170344477,116.9,real,1676.5,real,101.0,forward_filled_monthly,83.032,real,667.0,592.5,real,54.745999855336095,36.9409597095402,38.020905022066856,1141.0,1094.0,1110.0,1100.7142857142858,1137.4333333333334,1189.0,1123.0,1830.0,1101.0,1466.3666666666666,1473.0,1521.0,975.0,1481.142857142857,1372.2,1056.0,942.0,726.0,1016.5714285714286,850.0,567.0,524.0,396.0,554.7142857142857,468.6333333333333,117.4,108.99,112.69,116.59714285714288,108.87666666666668,1676.5,1504.0,1459.0,1617.7142857142858,1494.1,83.155,82.616,82.253,82.9407142857143,82.83813333333335,668.5,654.0,629.0,662.7142857142857,655.35,590.0,570.0,551.5,582.0714285714286,579.5166666666667,101.0,106.5,93.5,101.78571428571428,104.96666666666668,9,0.0,0.0,0.0,0.0,122.0,3,36,252,1,0,0,0.0,273.0,0.0,0.0,0.0,0.0,0.0,none,0.0,Panamax / Kamsarmax Bulk,14.0,7512.7,22.36,79979.3,223.57,32.26,12.87,5.7,1.006,Chennai,Newcastle (AU),Iron Ore Fines,160.4,120.5,82.1,2.9,11.6,10.5,4.45,3.46,12.11,5.14,3.16,6.84,73580.956,10.86824682457862
2023-09-10,1186.0,real,1289.0,real,1489.0,real,1079.0,real,572.0,real,0.0792226893789342,0.7763518885228211,0.0684684684684684,30.03484170344477,116.9,real,1676.5,real,101.0,forward_filled_monthly,83.032,real,667.0,592.5,real,54.745999855336095,36.9409597095402,38.020905022066856,1141.0,1094.0,1110.0,1100.7142857142858,1137.4333333333334,1189.0,1123.0,1830.0,1101.0,1466.3666666666666,1473.0,1521.0,975.0,1481.142857142857,1372.2,1056.0,942.0,726.0,1016.5714285714286,850.0,567.0,524.0,396.0,554.7142857142857,468.6333333333333,117.4,108.99,112.69,116.59714285714288,108.87666666666668,1676.5,1504.0,1459.0,1617.7142857142858,1494.1,83.155,82.616,82.253,82.9407142857143,82.83813333333335,668.5,654.0,629.0,662.7142857142857,655.35,590.0,570.0,551.5,582.0714285714286,579.5166666666667,101.0,106.5,93.5,101.78571428571428,104.96666666666668,9,0.0,0.0,0.0,0.0,122.0,3,36,253,1,0,0,0.0,273.0,0.0,0.0,0.0,0.0,0.0,none,0.0,Capesize Bulk,13.4,2881.6,8.96,207135.6,271.5,44.05,17.34,3.7,1.0,Chennai,Richards Bay (ZA),Iron Ore Fines,160.4,120.5,82.1,2.9,11.6,10.5,4.45,3.46,12.11,5.14,3.16,6.84,190564.752,2.710860851110598
2023-09-11,1209.0,real,1324.0,real,1508.0,real,1099.0,real,575.0,real,0.0763153173466674,0.7845594900253139,0.0727595385980479,30.225014089271223,118.23,real,1651.0,real,101.0,forward_filled_monthly,82.91,real,668.5,591.0,real,58.76840262146325,37.42704635976914,38.13500845356273,1186.0,1086.0,1127.0,1118.2857142857142,1140.1666666666667,1289.0,1094.0,1873.0,1133.857142857143,1448.0666666666666,1489.0,1503.0,996.0,1481.857142857143,1389.2666666666669,1079.0,962.0,719.0,1036.142857142857,862.6666666666666,572.0,534.0,394.0,560.5714285714286,474.6666666666667,116.9,109.4,112.46,117.85857142857142,109.069,1676.5,1515.0,1373.0,1637.142857142857,1503.3666666666666,83.032,82.71,82.245,82.9692857142857,82.8603,667.0,654.5,633.5,664.7142857142857,656.5166666666667,592.5,573.0,562.0,584.6428571428571,580.4833333333333,101.0,106.5,93.5,101.0,105.21666666666668,9,0.0,1.0,0.0,0.0,125.0,3,37,254,1,0,0,0.0,276.0,1.371401133095888e-07,1.371401133095888e-07,0.0,0.0,0.0,none,0.0,Feeder Container,17.4,7460.3,17.86,36219.1,207.73,26.09,9.93,10.7,1.046,Paradip,Richards Bay (ZA),Pellets,160.4,120.5,82.1,2.9,11.6,10.5,4.45,3.46,12.11,5.14,3.16,6.84,33321.572,15.867260972733376
2023-09-13,1290.0,real,1416.0,real,1623.0,real,1156.0,real,602.0,real,0.0684489364622703,0.8067665274630431,0.1487088156723064,33.59094724506928,120.53,real,1613.0,real,101.0,forward_filled_monthly,82.941,real,675.0,597.0,real,64.14154568857067,39.13891673666242,40.15456834704157,1235.0,1083.0,1123.0,1172.142857142857,1148.5666666666666,1330.0,1072.0,1808.0,1225.571428571429,1415.3333333333333,1575.0,1478.0,1082.0,1516.428571428571,1425.3333333333333,1118.0,995.0,700.0,1078.857142857143,891.5,585.0,548.0,392.0,574.5714285714286,488.03333333333336,120.33,118.19,107.41,118.49857142857142,109.90666666666668,1660.5,1614.5,1343.5,1648.071428571429,1524.9666666666667,82.86,82.724,82.735,83.02357142857143,82.88433333333333,671.0,664.0,647.5,667.5714285714286,658.45,589.5,578.0,574.5,589.1428571428571,582.1333333333333,101.0,101.0,106.5,101.0,104.85,9,2.0,1.0,0.0,0.0,127.0,3,37,256,1,0,0,0.0,278.0,1.1888373339731833e-07,1.1888373339731833e-07,0.0,0.0,0.0,none,0.0,Aframax / Suezmax Tanker,14.3,2864.7,8.35,135061.9,244.92,44.91,14.08,11.8,1.054,Paradip,Port Hedland (AU),Coking Coal,160.4,120.5,82.1,2.9,11.6,10.5,4.45,3.46,12.11,5.14,3.16,6.84,124256.948,3.157119710688934
2023-09-18,1439.0,real,1749.0,real,1666.0,real,1240.0,real,645.0,real,0.0310061596440523,0.9124686487808612,0.256768558951965,38.37995757832637,122.2,real,1787.5,real,101.0,forward_filled_monthly,83.298,real,685.0,601.0,real,69.36751792294874,42.28791286205868,43.02797454699582,1381.0,1141.0,1145.0,1297.142857142857,1173.6,1602.0,1189.0,1832.0,1460.2857142857142,1395.6666666666667,1656.0,1473.0,1153.0,1594.142857142857,1477.5333333333333,1221.0,1056.0,686.0,1158.428571428571,944.4333333333332,634.0,567.0,389.0,605.2857142857143,512.4666666666667,121.29,117.4,104.73,120.00571428571428,111.56933333333332,1744.0,1676.5,1450.0,1676.2142857142858,1554.45,83.086,83.155,82.778,83.02242857142858,82.92383333333333,687.0,668.5,657.5,676.3571428571429,661.5833333333334,603.5,590.0,579.5,596.3571428571429,584.65,101.0,101.0,106.5,101.0,104.3,9,0.0,1.0,0.0,0.0,132.0,3,38,261,1,0,0,0.0,283.0,8.31796833987302e-08,8.31796833987302e-08,0.0,0.0,0.0,none,0.0,Supramax / Ultramax Bulk,14.0,2920.7,8.69,59862.9,191.81,32.16,13.2,7.5,1.02,Kamarajar (Ennore),Tubarao (BR),Iron Ore Fines,160.4,120.5,82.1,2.9,11.6,10.5,4.45,3.46,12.11,5.14,3.16,6.84,55073.868,5.6635443674255805
2023-09-19,1526.0,real,1942.0,real,1693.0,real,1286.0,real,652.0,real,0.0360031504474171,0.8983619886181917,0.3362521891418564,41.902526804861154,122.16,real,1823.0,real,101.0,forward_filled_monthly,83.315,real,682.0,592.0,real,70.96412212239404,44.12658845205516,45.141516082916695,1439.0,1186.0,1142.0,1345.7142857142858,1186.4,1749.0,1289.0,1783.0,1553.571428571429,1400.9666666666667,1666.0,1489.0,1195.0,1623.2857142857142,1494.1333333333334,1240.0,1079.0,689.0,1188.0,964.3333333333334,645.0,572.0,392.0,616.7142857142857,521.1333333333333,122.2,116.9,104.41,120.75714285714288,112.161,1787.5,1676.5,1450.0,1697.142857142857,1566.8833333333334,83.298,83.032,82.881,83.06285714285714,82.9383,685.0,667.0,652.0,678.5,662.5833333333334,601.0,592.5,576.5,596.2857142857143,585.1666666666666,101.0,101.0,106.5,101.0,104.11666666666666,9,1.0,1.0,0.0,0.0,133.0,3,38,262,1,0,0,0.0,284.0,7.744550724012246e-08,7.744550724012246e-08,0.0,0.0,0.0,none,0.0,Feeder Container,16.6,8511.2,21.36,23479.9,182.2,29.51,9.97,11.1,1.049,Chennai,Newcastle (AU),Iron Ore Fines,160.4,120.5,82.1,2.9,11.6,10.5,4.45,3.46,12.11,5.14,3.16,6.84,21601.508,30.64296900547454
2023-09-20,1584.0,real,2067.0,real,1707.0,real,1324.0,real,662.0,real,0.0328081385573303,0.9073816063686976,0.3846153846153846,44.04589524015946,121.83,real,1820.0,real,101.0,forward_filled_monthly,82.925,real,681.5,591.0,real,70.35584368588925,45.35237217871948,46.42753714409567,1526.0,1209.0,1144.0,1399.2857142857142,1201.0666666666666,1942.0,1324.0,1752.0,1659.7142857142858,1411.4666666666667,1693.0,1508.0,1233.0,1651.7142857142858,1509.9333333333334,1286.0,1099.0,696.0,1220.142857142857,985.2666666666668,652.0,575.0,393.0,629.1428571428571,530.1,122.16,118.23,104.7,121.2714285714286,112.732,1823.0,1651.0,1450.0,1721.2857142857142,1579.2166666666667,83.315,82.91,82.872,83.06500000000001,82.94006666666665,682.0,668.5,657.0,680.3571428571429,663.4,592.0,591.0,584.5,596.2857142857143,585.3833333333333,101.0,101.0,106.5,101.0,103.93333333333334,9,2.0,1.0,0.0,0.0,134.0,3,38,263,1,0,0,0.0,285.0,7.210662924657631e-08,7.210662924657631e-08,0.0,0.0,0.0,none,0.0,Panamax / Kamsarmax Bulk,13.3,7467.3,23.39,76856.8,223.55,32.21,12.56,5.7,1.006,Kamarajar (Ennore),Tubarao (BR),Lump Iron Ore,160.4,120.5,82.1,2.9,11.6,10.5,4.45,3.46,12.11,5.14,3.16,6.84,70708.25600000001,12.464930163784912
2023-09-21,1569.0,real,2007.0,real,1696.0,real,1350.0,real,669.0,real,0.0438914056838003,0.8760931992057462,0.3799472295514512,43.839011139199066,121.69,real,1793.5,real,101.0,forward_filled_monthly,83.127,real,677.5,589.0,real,67.10175278740398,45.03535914596147,46.30340668351944,1584.0,1235.0,1137.0,1447.0,1215.4666666666667,2067.0,1330.0,1674.0,1756.428571428571,1422.5666666666666,1707.0,1575.0,1292.0,1669.0,1523.4,1324.0,1118.0,706.0,1253.2857142857142,1006.7333333333332,662.0,585.0,401.0,641.1428571428571,539.0333333333333,121.83,120.33,104.6,121.46571428571428,113.30166666666666,1820.0,1660.5,1499.0,1740.2857142857142,1589.0333333333333,82.925,82.86,82.644,83.10314285714286,82.95616666666668,681.5,671.0,667.5,681.2857142857143,663.7333333333333,591.0,589.5,592.0,596.2142857142857,585.2833333333333,101.0,101.0,106.5,101.0,103.75,9,3.0,1.0,0.0,0.0,135.0,3,38,264,1,0,0,0.0,286.0,6.713579866140486e-08,6.713579866140486e-08,0.0,0.0,0.0,none,0.0,Supramax / Ultramax Bulk,14.0,10480.2,31.19,58099.6,186.24,32.05,12.38,6.9,1.015,V.O. Chidambaranar (Tuticorin),Richards Bay (ZA),Pellets,160.4,120.5,82.1,2.9,11.6,10.5,4.45,3.46,12.11,5.14,3.16,6.84,53451.632,19.60777253325081
2023-09-22,1593.0,real,2083.0,real,1685.0,real,1355.0,real,670.0,real,0.0447148047777705,0.8737687180021654,0.4109831709477414,45.214467340909046,121.33,real,1763.0,real,101.0,forward_filled_monthly,82.975,real,677.5,590.5,real,67.24976808757853,45.542579998374286,47.12868040454543,1569.0,1290.0,1129.0,1490.2857142857142,1230.9333333333334,2007.0,1416.0,1592.0,1851.7142857142856,1438.9333333333334,1696.0,1623.0,1337.0,1677.857142857143,1535.0,1350.0,1156.0,728.0,1281.7142857142858,1027.6333333333334,669.0,602.0,411.0,650.8571428571429,547.6666666666666,121.69,120.53,105.37,121.58,113.83366666666667,1793.5,1613.0,1450.0,1761.7142857142858,1599.4666666666667,83.127,82.941,82.898,83.10799999999999,82.95873333333334,677.5,675.0,662.5,681.6428571428571,664.2333333333333,589.0,597.0,591.5,595.2857142857143,585.25,101.0,101.0,106.5,101.0,103.56666666666666,9,4.0,1.0,0.0,0.0,136.0,3,38,265,1,0,0,0.0,287.0,6.250764331933713e-08,6.250764331933713e-08,0.0,0.0,0.0,none,0.0,Capesize Bulk,13.0,2889.3,9.26,172831.1,274.89,48.5,17.84,2.9,1.0,Syama Prasad Mookerjee (Kolkata & Haldia),Tubarao (BR),Thermal Coal,160.4,120.5,82.1,2.9,11.6,10.5,4.45,3.46,12.11,5.14,3.16,6.84,159004.61200000002,3.692146779383984
2023-09-24,1593.0,real,2083.0,real,1685.0,real,1355.0,real,670.0,real,0.0447148047777705,0.8737687180021654,0.4109831709477414,45.214467340909046,121.33,real,1763.0,real,101.0,forward_filled_monthly,82.975,real,677.5,590.5,real,67.24976808757853,45.542579998374286,47.12868040454543,1569.0,1290.0,1129.0,1490.2857142857142,1230.9333333333334,2007.0,1416.0,1592.0,1851.7142857142856,1438.9333333333334,1696.0,1623.0,1337.0,1677.857142857143,1535.0,1350.0,1156.0,728.0,1281.7142857142858,1027.6333333333334,669.0,602.0,411.0,650.8571428571429,547.6666666666666,121.69,120.53,105.37,121.58,113.83366666666667,1793.5,1613.0,1450.0,1761.7142857142858,1599.4666666666667,83.127,82.941,82.898,83.10799999999999,82.95873333333334,677.5,675.0,662.5,681.6428571428571,664.2333333333333,589.0,597.0,591.5,595.2857142857143,585.25,101.0,101.0,106.5,101.0,103.56666666666666,9,0.0,0.0,0.0,0.0,136.0,3,38,267,1,0,0,0.0,287.0,0.0,0.0,0.0,0.0,0.0,none,0.0,Supramax / Ultramax Bulk,13.9,9528.5,28.56,50559.3,190.43,32.25,12.9,7.1,1.017,Chennai,Richards Bay (ZA),Coking Coal,160.4,120.5,82.1,2.9,11.6,10.5,4.45,3.46,12.11,5.14,3.16,6.84,46514.556,20.111921827008903
2023-09-25,1614.0,real,2148.0,real,1685.0,real,1354.0,real,678.0,real,0.0454460003842216,0.8717045301061824,0.4220264317180617,45.7038844756976,121.18,real,1740.5,real,101.0,forward_filled_monthly,83.135,real,674.5,590.0,real,70.29500976946582,45.98639824423551,47.42233068541856,1593.0,1340.0,1135.0,1529.428571428571,1246.9,2083.0,1512.0,1570.0,1942.571428571429,1458.2,1685.0,1642.0,1365.0,1684.0,1545.6666666666667,1355.0,1196.0,745.0,1304.2857142857142,1047.9333333333334,670.0,624.0,420.0,658.5714285714286,556.2666666666667,121.33,120.56,104.63,121.66857142857144,114.38533333333334,1763.0,1601.0,1379.5,1781.642857142857,1611.5,82.975,83.03,83.18,83.123,82.95723333333333,677.5,681.0,662.5,680.7142857142857,664.6333333333333,590.5,600.0,589.5,593.8571428571429,585.2666666666667,101.0,101.0,106.5,101.0,103.38333333333334,9,0.0,1.0,0.0,0.0,139.0,3,39,268,1,0,0,0.0,290.0,5.04510282465198e-08,5.04510282465198e-08,0.0,0.0,0.0,none,0.0,Aframax / Suezmax Tanker,13.4,5146.4,16.0,101604.7,247.24,45.92,15.25,13.6,1.069,Chennai,Hay Point (AU),Coking Coal,160.4,120.5,82.1,2.9,11.6,10.5,4.45,3.46,12.11,5.14,3.16,6.84,93476.324,7.4962859237930655
2023-09-29,1701.0,real,2474.0,real,1701.0,real,1276.0,real,679.0,real,0.0548392836369239,0.8451869998821241,0.3751010509296686,43.62423735950885,120.79,real,1745.0,forward_filled,101.0,forward_filled_monthly,83.035,real,684.5,592.5,real,64.83530451887931,47.82507383423199,46.17454241570531,1716.0,1584.0,1237.0,1662.7142857142858,1312.9,2493.0,2067.0,1598.0,2310.714285714286,1570.7333333333331,1709.0,1707.0,1542.0,1697.2857142857142,1574.1,1294.0,1324.0,879.0,1326.571428571429,1111.4333333333334,680.0,662.0,469.0,676.8571428571429,586.8,120.84,121.83,106.1,121.08571428571427,116.45366666666668,1745.0,1820.0,1466.0,1743.142857142857,1646.8,83.165,82.925,83.167,83.1287142857143,82.95376666666668,689.0,681.5,654.5,679.7142857142857,668.0666666666667,601.5,591.0,583.0,592.0,586.5333333333333,101.0,101.0,106.5,101.0,102.65,9,4.0,1.0,0.0,0.0,143.0,3,39,272,1,0,0,0.0,294.0,3.791280213955953e-08,3.791280213955953e-08,0.0,0.0,0.0,none,0.0,Panamax / Kamsarmax Bulk,13.2,6861.7,21.66,72387.7,225.06,32.26,13.96,6.2,1.01,Kamarajar (Ennore),Hay Point (AU),Coking Coal,160.4,120.5,82.1,2.9,11.6,10.5,4.45,3.46,12.11,5.14,3.16,6.84,66596.684,12.132816202163433
2023-10-01,1701.0,forward_filled,2474.0,forward_filled,1701.0,forward_filled,1276.0,forward_filled,679.0,forward_filled,0.0508250177520274,0.8565193970926017,0.3908421913327882,44.32185593382561,120.79,forward_filled,1745.0,forward_filled,99.5,real,83.035,forward_filled,684.5,592.5,forward_filled,64.25371696795507,45.51738152653969,46.593113560295365,1701.0,1569.0,1223.0,1681.571428571429,1328.8333333333333,2474.0,2007.0,1538.0,2377.428571428572,1601.9333333333334,1701.0,1696.0,1541.0,1698.0,1579.4333333333334,1276.0,1350.0,900.0,1316.0,1123.9666666666667,679.0,669.0,477.0,678.2857142857143,593.5333333333333,120.79,121.69,106.48,120.95714285714288,116.93066666666668,1745.0,1793.5,1472.0,1736.2142857142858,1655.9,83.035,83.127,83.095,83.11557142857143,82.95176666666666,684.5,677.5,657.5,680.7142857142857,668.9666666666667,592.5,589.0,588.5,592.5,586.6666666666666,101.0,101.0,106.5,100.78571428571428,102.41666666666669,10,6.0,0.0,1.0,0.0,145.0,4,39,274,0,0,0,0.0,296.0,20.00000003286577,20.00000003286577,0.0,0.0,0.0,none,0.0,Aframax / Suezmax Tanker,15.0,7617.7,21.16,102436.4,245.59,42.98,14.86,12.2,1.058,Visakhapatnam,Hay Point (AU),Pellets,139.7,118.9,79.1,-6.4,11.8,10.9,4.28,3.55,12.14,5.11,3.36,6.75,94241.488,9.961026768964055
2023-10-02,1737.0,real,2610.0,real,1684.0,real,1263.0,real,677.0,real,0.0515932813782478,0.8543505650260839,0.4547738693467336,47.155191062513474,120.14,real,1745.0,forward_filled,99.5,forward_filled_monthly,83.187,real,683.0,583.5,real,62.51787161262994,46.27821280515892,48.29311463750808,1701.0,1593.0,1194.0,1702.142857142857,1346.9333333333334,2474.0,2083.0,1461.0,2452.714285714286,1640.2333333333331,1701.0,1685.0,1516.0,1697.857142857143,1585.0333333333333,1276.0,1355.0,909.0,1302.857142857143,1135.7666666666669,679.0,670.0,484.0,679.2857142857143,599.9666666666667,120.79,121.33,106.77,120.78714285714284,117.37633333333332,1745.0,1763.0,1495.5,1733.642857142857,1664.2166666666667,83.035,82.975,83.045,83.14585714285714,82.95649999999999,684.5,677.5,649.0,681.5,670.1,592.5,590.5,585.0,591.5,586.6166666666667,99.5,101.0,106.5,100.57142857142856,102.18333333333334,10,0.0,0.0,1.0,0.0,146.0,4,40,275,0,0,0,0.0,297.0,20.00000003060009,20.00000003060009,0.0,0.0,0.0,none,0.0,Capesize Bulk,13.9,5154.9,15.45,161917.9,293.5,49.36,16.93,3.5,1.0,Paradip,Richards Bay (ZA),Iron Ore Fines,139.7,118.9,79.1,-6.4,11.8,10.9,4.28,3.55,12.14,5.11,3.36,6.75,148964.468,6.975249765017789
2023-10-03,1780.0,real,2773.0,real,1656.0,real,1250.0,real,674.0,real,0.0526678207557117,0.8513171070058927,0.5464813205907906,51.21949769803676,118.44,real,1745.0,forward_filled,99.5,forward_filled_monthly,83.222,real,679.0,571.0,real,58.82894260060647,47.18698349906522,50.73169861882206,1737.0,1614.0,1151.0,1725.857142857143,1367.9,2610.0,2148.0,1364.0,2542.0,1687.2,1684.0,1685.0,1474.0,1693.7142857142858,1591.1,1263.0,1354.0,910.0,1288.0,1147.1,677.0,678.0,491.0,678.7142857142857,606.0666666666667,120.14,121.18,107.47,120.3957142857143,117.742,1745.0,1740.5,1541.0,1734.2857142857142,1671.0166666666669,83.187,83.135,82.522,83.15828571428571,82.97983333333333,683.0,674.5,645.5,682.1428571428571,671.2166666666667,583.5,590.0,579.5,588.7857142857143,586.3333333333334,99.5,101.0,106.5,100.35714285714286,101.95,10,1.0,0.0,1.0,0.0,147.0,4,40,276,0,0,0,0.0,298.0,20.00000002849061,20.00000002849061,0.0,0.0,0.0,none,0.0,Panamax / Kamsarmax Bulk,14.4,6853.3,19.83,67800.9,223.22,32.26,12.65,5.7,1.006,V.O. Chidambaranar (Tuticorin),Newcastle (AU),Coking Coal,139.7,118.9,79.1,-6.4,11.8,10.9,4.28,3.55,12.14,5.11,3.36,6.75,62376.828,11.501132537222569
2023-10-04,1778.0,real,2801.0,real,1625.0,real,1244.0,real,673.0,real,0.0409706051692971,0.884338709730461,0.6018018018018019,53.671200322155045,118.03,real,1745.0,forward_filled,99.5,forward_filled_monthly,83.255,real,672.0,564.0,real,57.7361268273409,47.14471509469749,52.20272019329303,1780.0,1694.0,1110.0,1737.857142857143,1390.1666666666667,2773.0,2394.0,1259.0,2600.1428571428573,1738.6,1656.0,1694.0,1456.0,1683.857142857143,1596.7333333333331,1250.0,1339.0,906.0,1274.428571428571,1158.3666666666666,674.0,681.0,500.0,677.5714285714286,611.8333333333334,118.44,120.93,107.82,119.98142857142857,118.08233333333334,1745.0,1706.0,1554.0,1739.857142857143,1677.3833333333334,83.222,83.255,82.59,83.15828571428571,83.002,679.0,672.5,645.5,682.0714285714286,672.1,571.0,585.5,571.5,585.7142857142857,586.0833333333334,99.5,101.0,106.5,100.14285714285714,101.71666666666668,10,2.0,0.0,1.0,0.0,148.0,4,40,277,0,0,0,0.0,299.0,20.000000026526543,20.000000026526543,0.0,0.0,0.0,none,0.0,Panamax / Kamsarmax Bulk,13.4,2818.1,8.76,66722.3,225.59,32.25,12.79,6.2,1.01,Chennai,Muara Pantai (ID),Iron Ore Fines,139.7,118.9,79.1,-6.4,11.8,10.9,4.28,3.55,12.14,5.11,3.36,6.75,61384.516,5.402656568423737
2023-10-07,1929.0,real,3309.0,real,1572.0,real,1233.0,real,675.0,real,0.0426611785465894,0.8795661686048176,0.7861111111111112,61.83945206890811,117.74,real,1745.0,forward_filled,99.5,forward_filled_monthly,83.125,real,647.5,540.5,real,57.366129386304834,50.33597962446148,57.10367124134486,1827.0,1716.0,1080.0,1779.0,1443.3666666666666,2982.0,2493.0,1174.0,2774.714285714286,1870.0333333333333,1592.0,1709.0,1449.0,1647.2857142857142,1605.6,1236.0,1294.0,908.0,1254.0,1180.1333333333334,674.0,680.0,507.0,675.8571428571429,623.0,117.42,120.84,108.31,119.05,118.70366666666668,1745.0,1745.0,1548.5,1745.0,1690.6666666666667,83.21,83.165,82.628,83.15271428571428,83.03673333333333,649.5,689.0,654.5,671.4285714285714,671.8166666666667,547.0,601.5,574.0,570.1428571428571,584.1666666666666,99.5,101.0,106.5,99.71428571428572,101.25,10,0.0,0.0,0.0,0.0,150.0,4,40,280,0,0,0,0.0,301.0,0.0,0.0,0.0,0.0,0.0,none,0.0,Capesize Bulk,13.8,9513.8,28.73,179479.8,298.52,45.69,17.06,3.0,1.0,Visakhapatnam,Muara Pantai (ID),Pellets,139.7,118.9,79.1,-6.4,11.8,10.9,4.28,3.55,12.14,5.11,3.36,6.75,165121.416,13.142726608479425
2023-10-09,1991.0,real,3485.0,real,1586.0,real,1232.0,real,678.0,real,0.0366319840221334,0.896586771915486,0.7985546522131888,62.39092706886192,118.18,real,1768.0,real,99.5,forward_filled_monthly,83.281,real,654.0,544.0,real,59.41531052167106,51.64630015986127,57.43455624131715,1929.0,1701.0,1107.0,1820.428571428572,1472.8333333333333,3309.0,2474.0,1205.0,2919.1428571428573,1946.0333333333333,1572.0,1701.0,1498.0,1630.857142857143,1608.5333333333333,1233.0,1276.0,918.0,1247.7142857142858,1190.6,675.0,679.0,514.0,675.7142857142857,628.4666666666667,117.74,120.79,108.65,118.67714285714284,119.02133333333332,1745.0,1745.0,1520.0,1748.2857142857142,1698.9333333333334,83.125,83.035,82.601,83.18785714285715,83.05940000000001,647.5,684.5,657.0,667.0714285714286,671.7166666666667,540.5,592.5,573.0,563.2142857142857,583.2,99.5,101.0,106.5,99.5,101.01666666666668,10,0.0,0.0,1.0,0.0,153.0,4,41,282,0,0,0,0.0,304.0,20.00000001855989,20.00000001855989,0.0,0.0,0.0,none,0.0,Supramax / Ultramax Bulk,14.9,2702.2,7.56,62001.2,196.47,32.04,12.88,7.4,1.019,Paradip,Richards Bay (ZA),Pellets,139.7,118.9,79.1,-6.4,11.8,10.9,4.28,3.55,12.14,5.11,3.36,6.75,57041.104,4.748216593201533
2023-10-10,1983.0,real,3421.0,real,1612.0,real,1250.0,real,677.0,real,0.041237313364544,0.8835857842156863,0.8126142595978063,63.01402317295146,117.4,real,1768.0,real,99.5,forward_filled_monthly,83.19,real,664.5,551.0,real,59.28188385110832,51.47722654239033,57.80841390377088,1991.0,1701.0,1094.0,1860.7142857142856,1502.4666666666667,3485.0,2474.0,1123.0,3054.428571428572,2022.6333333333328,1586.0,1701.0,1521.0,1618.142857142857,1611.5666666666666,1232.0,1276.0,942.0,1244.0,1200.8666666666666,678.0,679.0,524.0,675.4285714285714,633.5666666666667,118.18,120.79,108.99,118.19285714285716,119.30166666666668,1768.0,1745.0,1504.0,1751.571428571429,1707.7333333333331,83.281,83.035,82.616,83.21000000000001,83.07853333333333,654.0,684.5,654.0,664.2142857142857,672.0666666666667,544.0,592.5,570.0,557.2857142857143,582.5666666666667,99.5,99.5,106.5,99.5,100.78333333333332,10,1.0,0.0,1.0,0.0,154.0,4,41,283,0,0,0,0.0,305.0,20.000000017280428,20.000000017280428,0.0,0.0,0.0,none,0.0,Panamax / Kamsarmax Bulk,13.2,11855.0,37.42,82601.6,226.51,32.25,13.15,4.5,1.0,V.O. Chidambaranar (Tuticorin),Port Hedland (AU),Iron Ore Fines,139.7,118.9,79.1,-6.4,11.8,10.9,4.28,3.55,12.14,5.11,3.36,6.75,75993.47200000001,17.918127412165084
2023-10-11,1948.0,real,3304.0,real,1614.0,real,1261.0,real,681.0,real,0.0513019317782593,0.8551730539914029,0.7937384898710866,62.177483555829696,118.31,real,1768.0,real,99.5,forward_filled_monthly,83.165,real,662.5,544.0,real,59.14231509646459,50.73752946595498,57.30649013349782,1983.0,1737.0,1086.0,1890.857142857143,1531.2,3421.0,2610.0,1094.0,3153.5714285714284,2096.3,1612.0,1684.0,1503.0,1608.142857142857,1615.2666666666669,1250.0,1263.0,962.0,1243.7142857142858,1210.8333333333333,677.0,677.0,534.0,676.0,638.4666666666667,117.4,120.14,109.4,117.93142857142855,119.59866666666667,1768.0,1745.0,1515.0,1754.857142857143,1716.1666666666667,83.19,83.187,82.71,83.20685714285715,83.0937,664.5,683.0,654.5,661.2857142857143,672.3333333333334,551.0,583.5,573.0,551.6428571428571,581.6,99.5,99.5,106.5,99.5,100.55,10,2.0,0.0,1.0,0.0,155.0,4,41,284,0,0,0,0.0,306.0,20.000000016089164,20.000000016089164,0.0,0.0,0.0,none,0.0,Supramax / Ultramax Bulk,14.5,11855.9,34.07,60100.3,199.12,32.26,12.53,8.1,1.025,Chennai,Richards Bay (ZA),Iron Ore Fines,139.7,118.9,79.1,-6.4,11.8,10.9,4.28,3.55,12.14,5.11,3.36,6.75,55292.276000000005,20.09739551057841
2023-10-14,1945.0,real,3327.0,real,1567.0,real,1268.0,real,687.0,real,0.0517862858667661,0.8538057073634355,0.7959372114496768,62.27492687783142,118.57,real,1750.0,real,99.5,forward_filled_monthly,83.283,real,672.0,544.5,real,48.51465274109688,50.674126859403366,57.36495612669885,1935.0,1778.0,1083.0,1936.857142857143,1588.9333333333334,3278.0,2801.0,1072.0,3300.8571428571427,2246.333333333333,1593.0,1625.0,1478.0,1590.857142857143,1622.0666666666666,1266.0,1244.0,995.0,1249.428571428571,1229.4666666666667,684.0,673.0,548.0,679.4285714285714,647.8666666666667,117.42,118.03,118.19,117.86285714285714,119.58566666666668,1750.0,1745.0,1614.5,1756.2857142857142,1726.2666666666669,83.295,83.255,82.724,83.22128571428571,83.13226666666668,667.0,672.0,664.0,659.5714285714286,672.7666666666667,539.5,564.0,578.0,544.3571428571429,579.2333333333333,99.5,99.5,101.0,99.5,100.45,10,0.0,0.0,0.0,0.0,157.0,4,41,287,0,0,0,0.0,308.0,0.0,0.0,0.0,0.0,0.0,none,0.0,Aframax / Suezmax Tanker,14.4,11948.5,34.57,81031.8,258.91,47.11,16.87,20.4,1.123,Chennai,Hay Point (AU),Thermal Coal,139.7,118.9,79.1,-6.4,11.8,10.9,4.28,3.55,12.14,5.11,3.36,6.75,74549.25600000001,20.409490199290133
2023-10-16,1972.0,real,3418.0,real,1553.0,real,1269.0,real,690.0,real,0.0489942693774882,0.8616876565870146,0.8551269990592663,64.89811009002932,119.25,real,1675.0,real,99.5,forward_filled_monthly,83.195,real,680.0,552.0,real,44.10017213295097,51.24475031836779,58.9388660540176,1945.0,1827.0,1063.0,1957.571428571429,1619.2333333333331,3327.0,2982.0,997.0,3363.1428571428573,2327.0333333333333,1567.0,1592.0,1481.0,1585.2857142857142,1624.4666666666667,1268.0,1236.0,1008.0,1254.142857142857,1238.1666666666667,687.0,674.0,557.0,681.7142857142857,652.3,118.57,117.42,117.13,118.12428571428572,119.65633333333334,1750.0,1745.0,1704.0,1746.2857142857142,1725.3,83.283,83.21,83.042,83.21914285714286,83.13736666666665,672.0,649.5,661.0,663.9285714285714,673.4,544.5,547.0,578.0,545.0714285714286,578.3666666666667,99.5,99.5,101.0,99.5,100.4,10,0.0,0.0,1.0,0.0,160.0,4,42,289,0,0,0,0.0,311.0,20.000000011257143,20.000000011257143,0.0,0.0,0.0,none,0.0,Capesize Bulk,13.3,6843.7,21.44,159592.8,290.74,44.17,16.78,3.2,1.0,Paradip,Port Hedland (AU),Lump Iron Ore,139.7,118.9,79.1,-6.4,11.8,10.9,4.28,3.55,12.14,5.11,3.36,6.75,146825.376,11.1360795694608
2023-10-17,2058.0,real,3659.0,real,1565.0,real,1277.0,real,690.0,real,0.0381859668932422,0.8921998300290651,0.9037927844588344,67.05488875783944,119.31,real,1720.0,real,99.5,forward_filled_monthly,83.25,real,678.0,552.5,real,49.70996162897384,53.0622917061804,60.23293325470366,1972.0,1929.0,1081.0,1976.0,1651.8,3418.0,3309.0,1034.0,3413.1428571428573,2414.5333333333333,1553.0,1572.0,1466.0,1584.2857142857142,1627.7666666666669,1269.0,1233.0,1036.0,1260.428571428571,1246.2,690.0,675.0,564.0,683.8571428571429,656.5,119.25,117.74,118.97,118.34857142857145,119.66766666666668,1675.0,1745.0,1555.0,1742.7142857142858,1730.8,83.195,83.125,83.225,83.237,83.1382,680.0,647.5,662.0,668.2857142857143,673.9333333333333,552.0,540.5,586.0,546.7857142857143,577.25,99.5,99.5,101.0,99.5,100.35,10,1.0,0.0,1.0,0.0,161.0,4,42,290,0,0,0,0.0,312.0,20.00000001048111,20.00000001048111,0.0,0.0,0.0,none,0.0,Capesize Bulk,12.0,4537.9,15.76,208388.7,275.81,45.42,16.89,1.6,1.0,Visakhapatnam,Port Hedland (AU),Pellets,139.7,118.9,79.1,-6.4,11.8,10.9,4.28,3.55,12.14,5.11,3.36,6.75,191717.604,7.101280702773648
2023-10-19,2071.0,real,3633.0,real,1635.0,real,1287.0,real,689.0,real,0.0368436174537621,0.8959893241681267,0.7462057335581787,60.07091866642784,119.04,real,1790.0,real,99.5,forward_filled_monthly,83.104,real,686.0,562.0,real,48.78678922991814,53.33703633457068,56.0425511998567,2105.0,1983.0,1186.0,2004.857142857143,1713.4333333333334,3749.0,3421.0,1289.0,3481.1428571428573,2578.0,1619.0,1612.0,1489.0,1592.2857142857142,1637.5,1285.0,1250.0,1079.0,1273.2857142857142,1260.7666666666669,691.0,677.0,572.0,687.4285714285714,664.5333333333333,119.01,117.4,116.9,118.70142857142856,119.79266666666666,1790.0,1768.0,1676.5,1749.0,1738.3666666666666,83.3,83.19,83.032,83.22742857142858,83.14543333333333,683.0,664.5,667.0,675.5,675.05,560.5,551.0,592.5,550.7142857142857,575.25,99.5,99.5,101.0,99.5,100.25,10,3.0,0.0,1.0,0.0,163.0,4,42,292,0,0,0,0.0,314.0,20.00000000908584,20.00000000908584,0.0,0.0,0.0,none,0.0,Supramax / Ultramax Bulk,13.4,10617.6,33.01,58196.8,189.73,32.03,11.95,8.2,1.026,Chennai,Newcastle (AU),Coking Coal,139.7,118.9,79.1,-6.4,11.8,10.9,4.28,3.55,12.14,5.11,3.36,6.75,53541.056,20.54516017968584
2023-10-20,2046.0,real,3556.0,real,1638.0,real,1287.0,real,686.0,real,0.0345465725691733,0.9024739531859494,0.6923076923076923,57.68225598172309,118.65,real,1772.5,real,99.5,forward_filled_monthly,83.16,real,688.0,560.5,real,47.97094069557027,52.80868127997399,54.60935358903385,2071.0,1948.0,1209.0,2018.857142857143,1741.3333333333333,3633.0,3304.0,1324.0,3517.1428571428573,2652.4,1635.0,1614.0,1508.0,1595.7142857142858,1641.8333333333333,1287.0,1261.0,1099.0,1277.0,1267.0333333333333,689.0,681.0,575.0,688.1428571428571,668.2333333333333,119.04,118.31,118.23,118.75,119.80666666666666,1790.0,1768.0,1651.0,1749.642857142857,1742.4166666666667,83.104,83.165,82.91,83.22671428571428,83.15376666666667,686.0,662.5,668.5,679.1428571428571,675.7,562.0,544.0,591.0,553.0714285714286,574.2333333333333,99.5,99.5,101.0,99.5,100.2,10,4.0,0.0,1.0,0.0,164.0,4,42,293,0,0,0,0.0,315.0,20.00000000845949,20.00000000845949,0.0,0.0,0.0,none,0.0,Panamax / Kamsarmax Bulk,13.0,10565.8,33.86,76864.4,228.92,32.22,12.66,6.3,1.01,Paradip,Tubarao (BR),Pellets,139.7,118.9,79.1,-6.4,11.8,10.9,4.28,3.55,12.14,5.11,3.36,6.75,70715.24799999999,17.659509333686902
2023-10-24,1949.0,real,3276.0,real,1648.0,real,1266.0,real,681.0,real,0.0437417156095486,0.876515778932283,0.5108527131782945,49.64050293199864,118.19,real,1692.5,real,99.5,forward_filled_monthly,83.015,real,675.0,551.5,real,44.8554301254417,50.75866366813884,49.78430175919918,2017.0,1945.0,1290.0,2031.142857142857,1789.3666666666666,3473.0,3327.0,1416.0,3537.714285714286,2785.833333333333,1638.0,1567.0,1623.0,1613.7142857142858,1644.7666666666669,1279.0,1268.0,1156.0,1278.571428571429,1276.0666666666666,684.0,687.0,602.0,687.2857142857143,674.1666666666666,118.45,118.57,120.53,118.84285714285716,119.666,1683.5,1750.0,1613.0,1731.928571428571,1745.8333333333333,83.099,83.283,82.941,83.16042857142858,83.16420000000001,686.0,672.0,675.0,682.2857142857143,676.2,556.0,544.5,597.0,556.4285714285714,571.6,99.5,99.5,101.0,99.5,100.1,10,1.0,0.0,1.0,0.0,168.0,4,43,297,0,0,0,0.0,319.0,20.00000000635712,20.00000000635712,0.0,0.0,0.0,none,0.0,Capesize Bulk,13.2,11813.6,37.29,165498.0,296.01,47.68,17.12,3.2,1.0,Kamarajar (Ennore),Richards Bay (ZA),Coking Coal,139.7,118.9,79.1,-6.4,11.8,10.9,4.28,3.55,12.14,5.11,3.36,6.75,152258.16,18.21070546695165
2023-10-25,1832.0,real,2940.0,real,1649.0,real,1247.0,real,678.0,real,0.0554954877812315,0.8433345152117802,0.3671641791044775,43.27248970556331,118.48,real,1751.5,real,99.5,forward_filled_monthly,83.145,real,669.5,545.0,real,47.487796059149545,48.285962012626335,45.963493823337984,1949.0,1972.0,1340.0,2011.142857142857,1805.7666666666669,3276.0,3418.0,1512.0,3469.428571428572,2833.4333333333334,1648.0,1553.0,1642.0,1627.428571428571,1645.0,1266.0,1269.0,1196.0,1275.428571428571,1277.7666666666669,681.0,690.0,624.0,685.5714285714286,675.9666666666667,118.19,119.25,120.56,118.73285714285716,119.59666666666664,1692.5,1675.0,1601.0,1742.857142857143,1750.85,83.015,83.195,83.03,83.15328571428572,83.16803333333334,675.0,680.0,681.0,680.7857142857143,675.8166666666667,551.5,552.0,600.0,555.4285714285714,569.7666666666667,99.5,99.5,101.0,99.5,100.05,10,2.0,0.0,1.0,0.0,169.0,4,43,298,0,0,0,0.0,320.0,20.000000005918874,20.000000005918874,0.0,0.0,0.0,none,0.0,Capesize Bulk,13.4,6679.0,20.77,197407.9,276.53,47.74,18.01,2.1,1.0,Kamarajar (Ennore),Muara Pantai (ID),Coking Coal,139.7,118.9,79.1,-6.4,11.8,10.9,4.28,3.55,12.14,5.11,3.36,6.75,181615.268,8.566966560948499
2023-10-30,1502.0,real,2091.0,real,1575.0,real,1159.0,real,669.0,real,0.0497301136326767,0.8596103454113354,-0.0157273918741808,26.303435048564072,118.7,real,1800.0,real,99.5,forward_filled_monthly,83.255,real,673.0,535.5,real,40.75385730399941,41.31167529195004,35.78206102913845,1563.0,2071.0,1526.0,1795.857142857143,1818.4666666666667,2226.0,3633.0,1942.0,2861.0,2883.0666666666666,1605.0,1635.0,1693.0,1625.857142857143,1638.1,1184.0,1287.0,1286.0,1235.571428571429,1271.8666666666666,671.0,689.0,652.0,677.1428571428571,678.6333333333333,118.55,119.04,122.16,118.49571428571429,119.265,1761.0,1790.0,1823.0,1746.142857142857,1749.8,83.272,83.104,83.315,83.1707142857143,83.1706,671.0,686.0,682.0,676.2142857142857,674.5166666666667,542.0,562.0,592.0,547.6428571428571,563.9,99.5,99.5,101.0,99.5,99.9,10,0.0,0.0,1.0,0.0,174.0,4,44,303,0,0,0,0.0,325.0,20.00000000414128,20.00000000414128,0.0,0.0,0.0,none,0.0,Panamax / Kamsarmax Bulk,14.5,10395.0,29.87,67465.7,225.19,32.22,13.22,5.9,1.007,Syama Prasad Mookerjee (Kolkata & Haldia),Newcastle (AU),Coking Coal,139.7,118.9,79.1,-6.4,11.8,10.9,4.28,3.55,12.14,5.11,3.36,6.75,62068.444,16.678368273641105
2023-10-31,1459.0,real,2020.0,real,1534.0,real,1135.0,real,660.0,real,0.0476309308160694,0.865536403668888,-0.0789141414141414,23.50311378841944,118.91,real,1777.5,real,99.5,forward_filled_monthly,83.284,real,674.5,534.0,real,40.498767018442216,40.40290459804373,34.101868273051664,1502.0,2046.0,1584.0,1712.0,1814.3,2091.0,3556.0,2067.0,2641.5714285714284,2881.5,1575.0,1638.0,1707.0,1611.0,1632.3333333333333,1159.0,1287.0,1324.0,1213.857142857143,1265.5666666666666,669.0,686.0,662.0,673.4285714285714,678.5666666666667,118.7,118.65,121.83,118.53285714285713,119.16766666666666,1800.0,1772.5,1820.0,1746.857142857143,1748.3833333333334,83.255,83.16,82.925,83.18842857142856,83.18256666666667,673.0,688.0,681.5,674.2857142857143,674.2833333333333,535.5,560.5,591.0,543.8571428571429,562.0,99.5,99.5,101.0,99.5,99.85,10,1.0,0.0,1.0,0.0,175.0,4,44,304,0,0,0,0.0,326.0,20.000000003855785,20.000000003855785,0.0,0.0,0.0,none,0.0,Capesize Bulk,14.0,8470.1,25.21,185713.8,296.16,47.04,16.86,1.4,1.0,Chennai,Tubarao (BR),Lump Iron Ore,139.7,118.9,79.1,-6.4,11.8,10.9,4.28,3.55,12.14,5.11,3.36,6.75,170856.696,9.119897482626024
2023-11-01,1401.0,real,1899.0,real,1489.0,real,1119.0,real,652.0,real,0.042560309529511,0.8798509249713713,-0.107074569789675,22.255095068530785,122.33,real,1777.5,real,102.5,real,83.265,real,680.5,538.0,real,43.55390791275656,43.79250548676403,33.353057041118475,1459.0,2017.0,1569.0,1624.0,1808.7,2020.0,3473.0,2007.0,2416.714285714286,2877.9,1534.0,1638.0,1696.0,1589.7142857142858,1625.4333333333334,1135.0,1279.0,1350.0,1191.0,1257.8666666666666,660.0,684.0,669.0,668.8571428571429,678.0,118.91,118.45,121.69,119.08714285714288,119.189,1777.5,1683.5,1793.5,1760.2857142857142,1747.85,83.284,83.099,83.127,83.21214285714287,83.18716666666666,674.5,686.0,677.5,673.5,674.3833333333333,534.0,556.0,589.0,541.2857142857143,560.3,99.5,99.5,101.0,99.92857142857144,99.9,11,2.0,0.0,1.0,0.0,176.0,4,44,305,0,0,0,0.0,327.0,20.00000000358997,20.00000000358997,0.0,0.0,0.0,none,0.0,Feeder Container,18.1,6861.9,15.8,41764.5,171.94,28.25,11.45,10.6,1.045,Kamarajar (Ennore),Hay Point (AU),Lump Iron Ore,130.6,129.5,76.1,-2.1,11.7,10.6,4.56,3.49,12.82,4.87,3.42,6.8,38423.34,13.50077862981068
2023-11-03,1462.0,real,2133.0,real,1448.0,real,1101.0,real,634.0,real,0.0910270615573983,0.7430277794123668,-0.094175960346964,22.82673786566316,126.15,real,2020.0,real,102.5,forward_filled_monthly,83.15,real,678.5,541.5,real,55.663140562641786,45.08169181997995,33.696042719397894,1385.0,1832.0,1614.0,1490.571428571429,1796.7,1883.0,2940.0,2148.0,2102.428571428572,2870.733333333333,1461.0,1649.0,1685.0,1534.2857142857142,1610.0666666666666,1108.0,1247.0,1354.0,1147.571428571429,1241.2,645.0,678.0,678.0,657.4285714285714,675.7,125.57,118.48,121.18,121.23714285714286,119.496,1777.5,1751.5,1740.5,1810.7857142857144,1757.65,83.262,83.145,83.135,83.24814285714287,83.19723333333333,678.0,669.5,674.5,675.2142857142857,674.5333333333333,538.5,545.0,590.0,538.9285714285714,556.95,102.5,99.5,101.0,100.78571428571428,100.0,11,4.0,0.0,1.0,0.0,178.0,4,44,307,0,0,0,0.0,329.0,20.00000000311207,20.00000000311207,0.0,0.0,0.0,none,0.0,Capesize Bulk,14.4,6717.8,19.44,190411.0,273.45,47.86,17.1,4.0,1.0,Syama Prasad Mookerjee (Kolkata & Haldia),Richards Bay (ZA),Pellets,130.6,129.5,76.1,-2.1,11.7,10.6,4.56,3.49,12.82,4.87,3.42,6.8,175178.12,7.155433231547411
2023-11-04,1462.0,real,2133.0,real,1448.0,real,1101.0,real,634.0,real,0.0910270615573983,0.7430277794123668,-0.094175960346964,22.82673786566316,126.15,real,2020.0,real,102.5,forward_filled_monthly,83.15,real,678.5,541.5,real,55.663140562641786,45.08169181997995,33.696042719397894,1385.0,1832.0,1614.0,1490.571428571429,1796.7,1883.0,2940.0,2148.0,2102.428571428572,2870.733333333333,1461.0,1649.0,1685.0,1534.2857142857142,1610.0666666666666,1108.0,1247.0,1354.0,1147.571428571429,1241.2,645.0,678.0,678.0,657.4285714285714,675.7,125.57,118.48,121.18,121.23714285714286,119.496,1777.5,1751.5,1740.5,1810.7857142857144,1757.65,83.262,83.145,83.135,83.24814285714287,83.19723333333333,678.0,669.5,674.5,675.2142857142857,674.5333333333333,538.5,545.0,590.0,538.9285714285714,556.95,102.5,99.5,101.0,100.78571428571428,100.0,11,0.0,0.0,0.0,0.0,178.0,4,44,308,0,0,0,0.0,329.0,0.0,0.0,0.0,0.0,0.0,none,0.0,Panamax / Kamsarmax Bulk,13.7,6920.2,21.05,65234.1,224.22,32.23,13.47,6.4,1.011,Kamarajar (Ennore),Port Hedland (AU),Iron Ore Fines,130.6,129.5,76.1,-2.1,11.7,10.6,4.56,3.49,12.82,4.87,3.42,6.8,60015.372,11.902059788499244
2023-11-05,1462.0,real,2133.0,real,1448.0,real,1101.0,real,634.0,real,0.0910270615573983,0.7430277794123668,-0.094175960346964,22.82673786566316,126.15,real,2020.0,real,102.5,forward_filled_monthly,83.15,real,678.5,541.5,real,55.663140562641786,45.08169181997995,33.696042719397894,1385.0,1832.0,1614.0,1490.571428571429,1796.7,1883.0,2940.0,2148.0,2102.428571428572,2870.733333333333,1461.0,1649.0,1685.0,1534.2857142857142,1610.0666666666666,1108.0,1247.0,1354.0,1147.571428571429,1241.2,645.0,678.0,678.0,657.4285714285714,675.7,125.57,118.48,121.18,121.23714285714286,119.496,1777.5,1751.5,1740.5,1810.7857142857144,1757.65,83.262,83.145,83.135,83.24814285714287,83.19723333333333,678.0,669.5,674.5,675.2142857142857,674.5333333333333,538.5,545.0,590.0,538.9285714285714,556.95,102.5,99.5,101.0,100.78571428571428,100.0,11,0.0,0.0,0.0,0.0,178.0,4,44,309,0,0,0,0.0,329.0,0.0,0.0,0.0,0.0,0.0,none,0.0,Capesize Bulk,12.2,11700.9,39.96,189512.4,292.98,48.92,17.53,0.6,1.0,Chennai,Port Hedland (AU),Thermal Coal,130.6,129.5,76.1,-2.1,11.7,10.6,4.56,3.49,12.82,4.87,3.42,6.8,174351.408,14.538288293563996
2023-11-06,1523.0,real,2319.0,real,1448.0,real,1098.0,real,627.0,real,0.0845520446110657,0.7613069532599424,-0.1009445100354191,22.526768113604,126.63,real,2020.0,real,102.5,forward_filled_monthly,83.223,real,677.5,537.0,real,57.43031762575266,46.37087815319588,33.5160608681624,1462.0,1662.0,1694.0,1470.7142857142858,1791.0,2133.0,2465.0,2394.0,2081.5714285714284,2868.233333333333,1448.0,1628.0,1694.0,1508.571428571429,1601.8666666666666,1101.0,1227.0,1339.0,1129.142857142857,1233.1666666666667,634.0,671.0,681.0,651.1428571428571,673.9,126.15,118.45,120.93,122.4057142857143,119.686,2020.0,1762.0,1706.0,1847.642857142857,1768.1166666666666,83.15,83.249,83.255,83.24442857142857,83.19616666666667,678.5,671.0,672.5,676.1428571428571,674.7,541.5,543.0,585.5,538.0714285714286,555.3333333333334,102.5,99.5,101.0,101.21428571428572,100.05,11,0.0,0.0,1.0,0.0,181.0,4,45,310,0,0,0,0.0,332.0,20.000000002511808,20.000000002511808,0.0,0.0,0.0,none,0.0,Capesize Bulk,14.2,10598.8,31.1,184337.0,283.26,45.43,17.87,4.0,1.0,Syama Prasad Mookerjee (Kolkata & Haldia),Richards Bay (ZA),Thermal Coal,130.6,129.5,76.1,-2.1,11.7,10.6,4.56,3.49,12.82,4.87,3.42,6.8,169590.04,11.966329713997354
2023-11-07,1559.0,real,2427.0,real,1453.0,real,1097.0,real,615.0,real,0.075670889210167,0.7863787306600478,-0.1101598173515981,22.11836253515369,125.95,real,2020.0,real,102.5,forward_filled_monthly,83.235,real,673.0,527.5,real,56.94097207250207,47.131709431815096,33.27101752109221,1523.0,1563.0,1752.0,1470.142857142857,1784.5666666666666,2319.0,2226.0,2576.0,2110.285714285714,2863.266666666667,1448.0,1605.0,1711.0,1486.857142857143,1593.2666666666669,1098.0,1184.0,1318.0,1116.7142857142858,1225.8,627.0,671.0,681.0,643.1428571428571,671.7,126.63,118.55,120.84,123.46285714285712,119.85633333333334,2020.0,1761.0,1709.0,1884.642857142857,1778.4833333333331,83.223,83.272,83.209,83.23914285714285,83.19703333333334,677.5,671.0,682.5,676.4285714285714,674.3833333333333,537.0,542.0,595.0,536.0,553.0833333333334,102.5,99.5,101.0,101.64285714285714,100.1,11,1.0,0.0,1.0,0.0,182.0,4,45,311,0,0,0,0.0,333.0,20.00000000233865,20.00000000233865,0.0,0.0,0.0,none,0.0,Capesize Bulk,13.4,6681.2,20.77,159295.5,272.48,46.39,16.76,2.5,1.0,Paradip,Port Hedland (AU),Lump Iron Ore,130.6,129.5,76.1,-2.1,11.7,10.6,4.56,3.49,12.82,4.87,3.42,6.8,146551.86000000002,9.007843470638992
2023-11-09,1598.0,real,2486.0,real,1500.0,real,1116.0,real,601.0,real,0.0719336688758658,0.7969290196806932,-0.0605526161081716,24.31686303264149,127.38,real,2020.0,real,102.5,forward_filled_monthly,83.32,real,660.5,512.0,real,56.54524880077647,47.95594331698594,34.59011781958489,1530.0,1459.0,1701.0,1494.0,1774.9333333333334,2318.0,2020.0,2474.0,2209.285714285714,2857.833333333333,1470.0,1534.0,1701.0,1467.0,1578.6,1104.0,1135.0,1276.0,1106.142857142857,1214.1333333333334,607.0,660.0,679.0,625.8571428571429,666.6666666666666,127.26,118.91,120.79,125.89571428571428,120.29,2020.0,1777.5,1745.0,1950.7142857142856,1796.8166666666666,83.218,83.284,83.035,83.239,83.2083,664.5,674.5,684.5,673.2142857142857,672.7666666666667,517.0,534.0,592.5,530.2142857142857,547.5833333333334,102.5,99.5,101.0,102.5,100.2,11,3.0,0.0,1.0,0.0,184.0,4,45,313,0,0,0,0.0,335.0,20.000000002027324,20.000000002027324,0.0,0.0,0.0,none,0.0,Capesize Bulk,13.3,11822.1,37.04,201760.5,283.3,47.1,18.44,2.3,1.0,Visakhapatnam,Newcastle (AU),Lump Iron Ore,130.6,129.5,76.1,-2.1,11.7,10.6,4.56,3.49,12.82,4.87,3.42,6.8,185619.66,13.68498734634036
2023-11-10,1643.0,real,2589.0,real,1530.0,real,1125.0,real,594.0,real,0.0594018715419687,0.832306672586858,-0.0340975896531452,25.489301456188624,128.07,real,2020.0,real,102.5,forward_filled_monthly,83.314,real,661.0,515.5,real,56.98687951613168,48.906982415259975,35.293580873713175,1598.0,1401.0,1701.0,1528.571428571429,1773.0,2486.0,1899.0,2474.0,2307.8571428571427,2861.6666666666665,1500.0,1489.0,1701.0,1472.857142857143,1572.9,1116.0,1119.0,1276.0,1107.0,1209.1,601.0,652.0,679.0,617.5714285714286,663.8333333333334,127.38,122.33,120.79,126.71571428571428,120.53266666666669,2020.0,1777.5,1745.0,1985.357142857143,1805.983333333333,83.32,83.265,83.035,83.246,83.2176,660.5,680.5,684.5,670.4285714285714,671.9833333333333,512.0,538.0,592.5,527.0,545.0166666666667,102.5,102.5,99.5,102.5,100.3,11,4.0,0.0,1.0,0.0,185.0,4,45,314,0,0,0,0.0,336.0,20.000000001887567,20.000000001887567,0.0,0.0,0.0,none,0.0,Capesize Bulk,13.9,2896.8,8.68,154035.4,272.85,49.99,16.82,2.8,1.0,V.O. Chidambaranar (Tuticorin),Hay Point (AU),Lump Iron Ore,130.6,129.5,76.1,-2.1,11.7,10.6,4.56,3.49,12.82,4.87,3.42,6.8,141712.568,4.083785323531784
2023-11-11,1643.0,real,2589.0,real,1530.0,real,1125.0,real,594.0,real,0.0594018715419687,0.832306672586858,-0.0340975896531452,25.489301456188624,128.07,real,2020.0,real,102.5,forward_filled_monthly,83.314,real,661.0,515.5,real,56.98687951613168,48.906982415259975,35.293580873713175,1598.0,1401.0,1701.0,1528.571428571429,1773.0,2486.0,1899.0,2474.0,2307.8571428571427,2861.6666666666665,1500.0,1489.0,1701.0,1472.857142857143,1572.9,1116.0,1119.0,1276.0,1107.0,1209.1,601.0,652.0,679.0,617.5714285714286,663.8333333333334,127.38,122.33,120.79,126.71571428571428,120.53266666666669,2020.0,1777.5,1745.0,1985.357142857143,1805.983333333333,83.32,83.265,83.035,83.246,83.2176,660.5,680.5,684.5,670.4285714285714,671.9833333333333,512.0,538.0,592.5,527.0,545.0166666666667,102.5,102.5,99.5,102.5,100.3,11,0.0,0.0,0.0,0.0,185.0,4,45,315,0,0,0,0.0,336.0,0.0,0.0,0.0,0.0,0.0,none,0.0,Panamax / Kamsarmax Bulk,13.3,11810.6,37.0,70606.7,221.32,32.24,13.79,5.4,1.003,Kamarajar (Ennore),Muara Pantai (ID),Iron Ore Fines,130.6,129.5,76.1,-2.1,11.7,10.6,4.56,3.49,12.82,4.87,3.42,6.8,64958.164,19.37935429051135
2023-11-13,1655.0,real,2607.0,real,1548.0,real,1127.0,real,588.0,real,0.0572681239927502,0.838330308157587,-0.0472078295912492,24.90827958227419,128.34,real,2020.0,real,102.5,forward_filled_monthly,83.209,real,666.5,513.5,real,57.6041159857118,49.16059284146639,34.944967749364515,1643.0,1385.0,1737.0,1567.142857142857,1770.2666666666669,2589.0,1883.0,2610.0,2411.285714285714,2861.5666666666666,1530.0,1461.0,1684.0,1485.2857142857142,1568.3666666666666,1125.0,1108.0,1263.0,1109.7142857142858,1204.5666666666666,594.0,645.0,677.0,609.4285714285714,660.8666666666667,128.07,125.57,120.14,127.1114285714286,120.806,2020.0,1777.5,1745.0,2020.0,1815.15,83.314,83.262,83.187,83.23842857142857,83.21833333333333,661.0,678.0,683.0,668.7857142857143,671.4333333333333,515.5,538.5,583.5,523.4285714285714,542.6833333333333,102.5,102.5,99.5,102.5,100.4,11,0.0,0.0,1.0,0.0,188.0,4,46,317,0,0,0,0.0,339.0,20.00000000152349,20.00000000152349,0.0,0.0,0.0,none,0.0,Capesize Bulk,12.4,3108.8,10.45,179600.5,271.2,49.89,16.96,3.4,1.0,Paradip,Muara Pantai (ID),Coking Coal,130.6,129.5,76.1,-2.1,11.7,10.6,4.56,3.49,12.82,4.87,3.42,6.8,165232.46000000002,4.419192527258263
2023-11-14,1662.0,real,2574.0,real,1607.0,real,1133.0,real,587.0,real,0.0472938410931076,0.8664880184213004,-0.0662921348314606,24.06249805231188,128.78,real,2020.0,real,102.5,forward_filled_monthly,82.978,real,674.5,519.5,real,59.0767264519988,49.30853225675346,34.437498831387124,1655.0,1462.0,1780.0,1595.7142857142858,1766.3333333333333,2607.0,2133.0,2773.0,2474.285714285714,2854.9333333333334,1548.0,1448.0,1656.0,1508.0,1566.7333333333331,1127.0,1101.0,1250.0,1114.2857142857142,1200.6666666666667,588.0,634.0,674.0,602.7142857142857,657.9666666666667,128.34,126.15,118.44,127.48714285714286,121.15066666666668,2020.0,2020.0,1745.0,2020.0,1824.3166666666664,83.209,83.15,83.222,83.21385714285714,83.2102,666.5,678.5,679.0,668.2142857142857,671.2833333333333,513.5,541.5,571.0,520.2857142857143,540.9666666666667,102.5,102.5,99.5,102.5,100.5,11,1.0,0.0,1.0,0.0,189.0,4,46,318,0,0,0,0.0,340.0,20.000000001418464,20.000000001418464,0.0,0.0,0.0,none,0.0,Capesize Bulk,12.2,6659.2,22.74,186039.1,292.31,46.54,17.59,4.1,1.0,V.O. Chidambaranar (Tuticorin),Hay Point (AU),Pellets,130.6,129.5,76.1,-2.1,11.7,10.6,4.56,3.49,12.82,4.87,3.42,6.8,171155.972,9.157903237969398
2023-11-15,1688.0,real,2574.0,real,1693.0,real,1141.0,real,588.0,real,0.0400826044854675,0.8868455632276833,-0.0506186726659168,24.75711725082734,129.25,real,1982.5,real,102.5,forward_filled_monthly,83.193,real,672.5,522.0,real,58.491824352193646,49.85802151353402,34.85427035049641,1662.0,1523.0,1778.0,1619.2857142857142,1763.3333333333333,2574.0,2319.0,2801.0,2510.714285714286,2847.366666666667,1607.0,1448.0,1625.0,1543.0,1569.0,1133.0,1098.0,1244.0,1120.428571428571,1197.2333333333331,587.0,627.0,673.0,597.1428571428571,655.1333333333333,128.78,126.63,118.03,127.86142857142856,121.52466666666666,2020.0,2020.0,1745.0,2014.642857142857,1832.233333333333,82.978,83.223,83.255,83.20957142857142,83.20813333333332,674.5,677.5,672.0,667.5,671.3,519.5,537.0,564.0,518.1428571428571,539.5666666666667,102.5,102.5,99.5,102.5,100.6,11,2.0,0.0,1.0,0.0,190.0,4,46,319,0,0,0,0.0,341.0,20.00000000132068,20.00000000132068,0.0,0.0,0.0,none,0.0,Aframax / Suezmax Tanker,15.4,10484.1,28.37,137041.1,252.82,42.32,16.26,15.2,1.082,Visakhapatnam,Port Hedland (AU),Pellets,130.6,129.5,76.1,-2.1,11.7,10.6,4.56,3.49,12.82,4.87,3.42,6.8,126077.812,11.019629104863457
2023-11-21,1796.0,real,2586.0,real,1969.0,real,1232.0,real,614.0,real,0.0294975266602989,0.9167275665274524,-0.0943015632879475,22.82117137286944,129.55,real,1924.5,real,102.5,forward_filled_monthly,83.336,real,674.5,523.0,real,56.52029424563428,52.14051534939171,33.69270282372166,1817.0,1643.0,1983.0,1742.2857142857142,1745.3666666666666,2707.0,2589.0,3421.0,2639.285714285714,2764.8,1915.0,1530.0,1612.0,1772.2857142857142,1608.8666666666666,1217.0,1125.0,1250.0,1176.142857142857,1193.2666666666669,605.0,594.0,677.0,596.2857142857143,645.3666666666667,129.31,128.07,117.4,129.0857142857143,123.07433333333331,1930.5,2020.0,1768.0,1976.142857142857,1858.3833333333328,83.322,83.314,83.19,83.20671428571428,83.21683333333333,668.0,661.0,664.5,668.6428571428571,673.0166666666667,519.5,515.5,551.0,519.2857142857143,536.15,102.5,102.5,99.5,102.5,101.0,11,1.0,0.0,1.0,0.0,196.0,4,47,325,0,0,0,0.0,347.0,20.000000000860343,20.000000000860343,0.0,0.0,0.0,none,0.0,Supramax / Ultramax Bulk,14.6,3186.9,9.1,53588.1,187.86,32.2,11.5,8.2,1.026,Visakhapatnam,Hay Point (AU),Thermal Coal,130.6,129.5,76.1,-2.1,11.7,10.6,4.56,3.49,12.82,4.87,3.42,6.8,49301.052,6.382729029527686
2023-11-23,1855.0,real,2679.0,real,2034.0,real,1265.0,real,648.0,real,0.0591225860810552,0.8330951041130532,-0.041343669250646,25.168168451289407,129.84,forward_filled,1930.0,real,102.5,forward_filled_monthly,83.334,real,670.0,524.0,real,57.48722476536668,53.3874332782399,35.100901070773645,1755.0,1662.0,1935.0,1784.142857142857,1736.2666666666669,2415.0,2574.0,3278.0,2626.8571428571427,2715.2,2008.0,1607.0,1593.0,1899.0,1636.7,1247.0,1133.0,1266.0,1212.142857142857,1192.7666666666669,623.0,587.0,684.0,610.0,642.2333333333333,129.84,128.78,117.42,129.45142857142858,123.87266666666666,1893.5,2020.0,1750.0,1945.2142857142856,1868.5666666666664,83.315,82.978,83.295,83.27271428571429,83.22313333333334,673.5,674.5,667.0,669.0,673.4833333333333,526.5,519.5,539.5,521.7857142857143,535.05,102.5,102.5,99.5,102.5,101.2,11,3.0,0.0,1.0,0.0,198.0,4,47,327,0,0,0,0.0,349.0,20.00000000074581,20.00000000074581,0.0,0.0,0.0,none,0.0,Aframax / Suezmax Tanker,13.7,9563.2,29.09,154232.1,268.99,43.94,14.71,13.6,1.069,Syama Prasad Mookerjee (Kolkata & Haldia),Tubarao (BR),Lump Iron Ore,130.6,129.5,76.1,-2.1,11.7,10.6,4.56,3.49,12.82,4.87,3.42,6.8,141893.532,10.781574263914257
2023-11-24,2102.0,real,3385.0,real,2064.0,real,1279.0,real,670.0,real,0.1130701031296056,0.6807995887578346,0.080719794344473,30.57779807586964,130.16,real,1942.0,real,102.5,forward_filled_monthly,83.345,real,665.0,522.5,real,57.24476763891555,58.6075812176552,38.34667884552178,1855.0,1688.0,1945.0,1843.2857142857144,1741.5,2679.0,2574.0,3327.0,2742.714285714286,2717.133333333333,2034.0,1693.0,1567.0,1952.0,1653.2666666666669,1265.0,1141.0,1268.0,1231.857142857143,1193.1333333333334,648.0,588.0,687.0,621.7142857142857,641.6666666666666,129.84,129.25,118.57,129.58142857142855,124.259,1930.0,1982.5,1750.0,1939.428571428572,1874.9666666666667,83.334,83.193,83.283,83.29442857142858,83.2252,670.0,672.5,672.0,667.9285714285714,673.25,524.0,522.0,544.5,521.8571428571429,534.3166666666667,102.5,102.5,99.5,102.5,101.3,11,4.0,0.0,1.0,0.0,199.0,4,47,328,0,0,0,0.0,350.0,20.0000000006944,20.0000000006944,0.0,1.0,1.0,rate_shock,1.0,Panamax / Kamsarmax Bulk,14.3,9646.3,28.11,77868.6,221.97,32.21,12.83,5.6,1.005,Kamarajar (Ennore),Tubarao (BR),Thermal Coal,130.6,129.5,76.1,-2.1,11.7,10.6,4.56,3.49,12.82,4.87,3.42,6.8,71639.11200000001,15.795116076928617
2023-11-25,2102.0,real,3385.0,real,2064.0,real,1279.0,real,670.0,real,0.1130701031296056,0.6807995887578346,0.080719794344473,30.57779807586964,130.16,real,1942.0,real,102.5,forward_filled_monthly,83.345,real,665.0,522.5,real,57.24476763891555,58.6075812176552,38.34667884552178,1855.0,1688.0,1945.0,1843.2857142857144,1741.5,2679.0,2574.0,3327.0,2742.714285714286,2717.133333333333,2034.0,1693.0,1567.0,1952.0,1653.2666666666669,1265.0,1141.0,1268.0,1231.857142857143,1193.1333333333334,648.0,588.0,687.0,621.7142857142857,641.6666666666666,129.84,129.25,118.57,129.58142857142855,124.259,1930.0,1982.5,1750.0,1939.428571428572,1874.9666666666667,83.334,83.193,83.283,83.29442857142858,83.2252,670.0,672.5,672.0,667.9285714285714,673.25,524.0,522.0,544.5,521.8571428571429,534.3166666666667,102.5,102.5,99.5,102.5,101.3,11,0.0,0.0,0.0,0.0,199.0,4,47,329,0,0,0,0.0,350.0,0.0,0.0,0.0,0.0,0.0,none,0.0,Panamax / Kamsarmax Bulk,12.9,11747.0,37.94,71564.7,224.54,32.28,12.75,4.8,1.0,Kamarajar (Ennore),Tubarao (BR),Iron Ore Fines,130.6,129.5,76.1,-2.1,11.7,10.6,4.56,3.49,12.82,4.87,3.42,6.8,65839.524,22.468902531767995
2023-11-30,2937.0,real,5629.0,real,2219.0,real,1425.0,real,751.0,real,0.1028573250124368,0.7096305784243833,0.4181554804442298,45.532330989752886,130.46,real,1808.0,real,102.5,forward_filled_monthly,83.383,real,660.5,528.0,real,51.610284742026494,76.2546400411846,47.31939859385173,2696.0,1796.0,2071.0,2285.0,1810.733333333333,5040.0,2586.0,3633.0,3878.0,2857.4,2131.0,1969.0,1635.0,2093.8571428571427,1725.9,1360.0,1232.0,1287.0,1312.7142857142858,1202.4666666666667,723.0,614.0,689.0,684.2857142857143,644.6333333333333,130.38,129.55,119.04,130.21428571428572,125.76066666666668,1925.5,1924.5,1790.0,1920.0,1898.2833333333333,83.357,83.336,83.104,83.34485714285714,83.24423333333334,654.0,674.5,686.0,661.7142857142857,669.8,523.5,523.0,562.0,523.4285714285714,529.7833333333333,102.5,102.5,99.5,102.5,101.7,11,3.0,0.0,1.0,0.0,205.0,4,48,334,0,0,0,0.0,356.0,20.00000000045236,20.00000000045236,0.0,1.0,1.0,rate_shock,1.0,Supramax / Ultramax Bulk,14.6,9727.9,27.76,52537.5,195.68,32.12,12.3,8.4,1.027,Kamarajar (Ennore),Muara Pantai (ID),Iron Ore Fines,130.6,129.5,76.1,-2.1,11.7,10.6,4.56,3.49,12.82,4.87,3.42,6.8,48334.5,19.25496171502136
2023-12-01,3192.0,real,6237.0,real,2341.0,real,1489.0,real,773.0,real,0.0633049025526721,0.8212882948793625,0.5601173020527859,51.82381947545015,130.46,real,1875.0,real,100.8,real,83.265,real,660.0,522.0,real,54.52249031188057,79.0284769826862,51.09429168527009,2937.0,1755.0,2046.0,2490.285714285714,1848.9333333333327,5629.0,2415.0,3556.0,4424.0,2946.766666666667,2219.0,2008.0,1638.0,2141.428571428572,1749.3333333333333,1425.0,1247.0,1287.0,1347.2857142857142,1209.2,751.0,623.0,686.0,705.7142857142857,647.5333333333333,130.46,129.84,118.65,130.30285714285716,126.15433333333334,1808.0,1893.5,1772.5,1917.357142857143,1901.7,83.383,83.315,83.16,83.33771428571428,83.24773333333333,660.5,673.5,688.0,659.7857142857143,668.8666666666667,528.0,526.5,560.5,522.7857142857143,528.5,102.5,102.5,99.5,102.25714285714288,101.74333333333334,12,4.0,0.0,1.0,0.0,206.0,4,48,335,0,1,0,0.0,357.0,20.00000000042117,20.00000000042117,0.0,0.0,1.0,rate_shock,0.0,Supramax / Ultramax Bulk,14.4,4473.3,12.94,58909.2,189.87,32.08,11.88,8.0,1.024,Visakhapatnam,Newcastle (AU),Lump Iron Ore,146.0,135.8,67.4,-13.5,12.1,11.1,4.77,3.82,12.57,5.25,3.4,6.5,54196.464,8.70033733876188
2023-12-02,3192.0,real,6237.0,real,2341.0,real,1489.0,real,773.0,real,0.0633049025526721,0.8212882948793625,0.5601173020527859,51.82381947545015,130.46,real,1875.0,real,100.8,real,83.265,real,660.0,522.0,real,54.52249031188057,79.0284769826862,51.09429168527009,2937.0,1755.0,2046.0,2490.285714285714,1848.9333333333327,5629.0,2415.0,3556.0,4424.0,2946.766666666667,2219.0,2008.0,1638.0,2141.428571428572,1749.3333333333333,1425.0,1247.0,1287.0,1347.2857142857142,1209.2,751.0,623.0,686.0,705.7142857142857,647.5333333333333,130.46,129.84,118.65,130.30285714285716,126.15433333333334,1808.0,1893.5,1772.5,1917.357142857143,1901.7,83.383,83.315,83.16,83.33771428571428,83.24773333333333,660.5,673.5,688.0,659.7857142857143,668.8666666666667,528.0,526.5,560.5,522.7857142857143,528.5,102.5,102.5,99.5,102.25714285714288,101.74333333333334,12,0.0,0.0,0.0,0.0,206.0,4,48,336,0,1,0,0.0,357.0,0.0,0.0,0.0,0.0,0.0,none,0.0,Feeder Container,18.0,7517.9,17.4,42994.8,164.74,28.92,10.72,10.6,1.045,Chennai,Richards Bay (ZA),Coking Coal,146.0,135.8,67.4,-13.5,12.1,11.1,4.77,3.82,12.57,5.25,3.4,6.5,39555.21600000001,22.085934941899943
2023-12-03,3192.0,real,6237.0,real,2341.0,real,1489.0,real,773.0,real,0.0633049025526721,0.8212882948793625,0.5601173020527859,51.82381947545015,130.46,real,1875.0,real,100.8,real,83.265,real,660.0,522.0,real,54.52249031188057,79.0284769826862,51.09429168527009,2937.0,1755.0,2046.0,2490.285714285714,1848.9333333333327,5629.0,2415.0,3556.0,4424.0,2946.766666666667,2219.0,2008.0,1638.0,2141.428571428572,1749.3333333333333,1425.0,1247.0,1287.0,1347.2857142857142,1209.2,751.0,623.0,686.0,705.7142857142857,647.5333333333333,130.46,129.84,118.65,130.30285714285716,126.15433333333334,1808.0,1893.5,1772.5,1917.357142857143,1901.7,83.383,83.315,83.16,83.33771428571428,83.24773333333333,660.5,673.5,688.0,659.7857142857143,668.8666666666667,528.0,526.5,560.5,522.7857142857143,528.5,102.5,102.5,99.5,102.25714285714288,101.74333333333334,12,0.0,0.0,0.0,0.0,206.0,4,48,337,0,1,0,0.0,357.0,0.0,0.0,0.0,0.0,0.0,none,0.0,Feeder Container,15.8,6697.4,17.66,30473.3,198.79,27.44,10.19,8.9,1.031,Kamarajar (Ennore),Port Hedland (AU),Thermal Coal,146.0,135.8,67.4,-13.5,12.1,11.1,4.77,3.82,12.57,5.25,3.4,6.5,28035.436,30.39724859595463
2023-12-04,3346.0,real,6582.0,real,2441.0,real,1526.0,real,800.0,real,0.0713814687611531,0.7984878977468274,0.6588993554784333,56.201659550189895,130.46,real,1875.0,real,100.8,forward_filled_monthly,83.431,real,648.5,517.0,real,57.7491059586357,82.2831441190018,53.720995730113934,3192.0,1855.0,2017.0,2703.285714285714,1893.233333333333,6237.0,2679.0,3473.0,4981.571428571428,3050.4,2341.0,2034.0,1638.0,2199.5714285714284,1776.1,1489.0,1265.0,1279.0,1384.571428571429,1217.4333333333334,773.0,648.0,684.0,727.4285714285714,651.4,130.46,129.84,118.45,130.39142857142858,126.55466666666666,1875.0,1930.0,1683.5,1909.5,1908.0833333333333,83.265,83.334,83.099,83.35157142857143,83.25880000000001,660.0,670.0,686.0,656.7142857142857,667.6166666666667,522.0,524.0,556.0,521.7857142857143,527.2,100.8,102.5,99.5,102.0142857142857,101.78666666666666,12,0.0,0.0,1.0,1.0,0.0,4,49,338,0,1,0,0.0,360.0,20.00000000033993,20.00000000033993,0.0,0.0,0.0,none,0.0,Aframax / Suezmax Tanker,14.3,6651.3,19.38,127949.1,254.66,44.59,14.16,12.4,1.059,Kamarajar (Ennore),Hay Point (AU),Coking Coal,146.0,135.8,67.4,-13.5,12.1,11.1,4.77,3.82,12.57,5.25,3.4,6.5,117713.172,10.395459290184476
2023-12-05,3143.0,real,5946.0,real,2425.0,real,1565.0,real,831.0,real,0.093072018620352,0.7372548021407428,0.6126218573627502,54.15072540999182,130.77,real,2004.0,real,100.8,forward_filled_monthly,83.325,real,644.0,516.0,real,62.01467747846085,77.99290107567668,52.49043524599509,3346.0,2102.0,1949.0,2852.0,1933.0333333333333,6582.0,3385.0,3276.0,5347.428571428572,3139.4,2441.0,2064.0,1648.0,2251.1428571428573,1802.0,1526.0,1279.0,1266.0,1425.428571428571,1227.4,800.0,670.0,681.0,750.4285714285714,656.4,130.46,130.16,118.19,130.47857142857143,126.974,1875.0,1942.0,1692.5,1918.357142857143,1918.4666666666667,83.431,83.345,83.015,83.3487142857143,83.26913333333331,648.5,665.0,675.0,653.7142857142857,666.5833333333334,517.0,522.5,551.5,520.8571428571429,526.0166666666667,100.8,102.5,99.5,101.77142857142856,101.83,12,1.0,0.0,1.0,0.0,1.0,4,49,339,0,1,0,0.0,361.0,20.0000000003165,20.0000000003165,0.0,0.0,0.0,none,0.0,Panamax / Kamsarmax Bulk,13.1,2902.6,9.23,72642.5,221.32,32.22,12.97,5.5,1.004,V.O. Chidambaranar (Tuticorin),Newcastle (AU),Iron Ore Fines,146.0,135.8,67.4,-13.5,12.1,11.1,4.77,3.82,12.57,5.25,3.4,6.5,66831.1,6.174786606979086
2023-12-06,2848.0,real,5161.0,real,2311.0,real,1552.0,real,851.0,real,0.1216554646236176,0.656562846739389,0.554585152838428,51.57864473276994,132.92,real,2004.0,real,100.8,forward_filled_monthly,83.337,real,639.5,512.0,real,61.00933471472777,71.75831143143576,50.94718683966196,3143.0,2259.0,1832.0,2936.1428571428573,1966.9,5946.0,3819.0,2940.0,5539.142857142857,3213.4333333333334,2425.0,2095.0,1649.0,2282.0,1824.0666666666664,1565.0,1292.0,1247.0,1462.571428571429,1237.5666666666666,831.0,680.0,678.0,774.8571428571429,662.1666666666666,130.77,130.42,118.48,130.8357142857143,127.45533333333331,2004.0,1986.5,1751.5,1920.857142857143,1926.8833333333328,83.325,83.335,83.145,83.349,83.27553333333331,644.0,655.5,669.5,651.4285714285714,665.5833333333334,516.0,518.5,545.0,519.9285714285714,524.9166666666666,100.8,102.5,99.5,101.52857142857144,101.87333333333332,12,2.0,0.0,1.0,0.0,2.0,4,49,340,0,1,0,0.0,362.0,20.000000000294683,20.000000000294683,0.0,1.0,1.0,rate_shock,1.0,Capesize Bulk,13.7,2940.1,8.94,191845.9,289.28,48.48,18.34,2.8,1.0,V.O. Chidambaranar (Tuticorin),Hay Point (AU),Pellets,146.0,135.8,67.4,-13.5,12.1,11.1,4.77,3.82,12.57,5.25,3.4,6.5,176498.228,5.194728017628596
2023-12-07,2495.0,real,4203.0,real,2197.0,real,1538.0,real,862.0,real,0.1479386389238639,0.5823646297644595,0.5012033694344165,49.21286165231331,134.4,real,2060.0,real,100.8,forward_filled_monthly,83.348,real,624.0,501.0,real,63.37355550741368,64.29793806053051,49.52771699138798,2848.0,2391.0,1662.0,2951.0,1994.6666666666667,5161.0,4179.0,2465.0,5542.571428571428,3271.366666666667,2311.0,2106.0,1628.0,2295.0,1843.0333333333333,1552.0,1321.0,1227.0,1493.571428571429,1247.9333333333334,851.0,695.0,671.0,798.7142857142857,668.5333333333333,132.92,130.4,118.45,131.40714285714287,127.987,2004.0,1954.5,1762.0,1935.928571428572,1936.8166666666664,83.337,83.345,83.249,83.34942857142858,83.27883333333332,639.5,653.5,671.0,647.2142857142857,664.0166666666667,512.0,521.0,543.0,517.0714285714286,523.5166666666667,100.8,102.5,99.5,101.28571428571428,101.91666666666669,12,3.0,0.0,1.0,0.0,3.0,4,49,341,0,1,0,0.0,363.0,20.00000000027437,20.00000000027437,0.0,1.0,1.0,rate_shock,1.0,Supramax / Ultramax Bulk,14.6,10629.2,30.33,55532.2,195.93,32.1,12.84,7.5,1.02,Syama Prasad Mookerjee (Kolkata & Haldia),Port Hedland (AU),Pellets,146.0,135.8,67.4,-13.5,12.1,11.1,4.77,3.82,12.57,5.25,3.4,6.5,51089.624,20.13656105246137
2023-12-08,2483.0,real,4259.0,real,2104.0,real,1521.0,real,872.0,real,0.1208998027815914,0.6586961035779213,0.5886116442738323,53.08663664671436,135.45,real,2310.5,real,100.8,forward_filled_monthly,83.43,real,621.5,499.5,real,71.86317865202194,64.0443276343241,51.85198198802862,2495.0,2696.0,1563.0,2920.5714285714284,2025.3333333333333,4203.0,5040.0,2226.0,5431.0,3339.133333333333,2197.0,2131.0,1605.0,2291.1428571428573,1859.6666666666667,1538.0,1360.0,1184.0,1516.571428571429,1259.1666666666667,862.0,723.0,671.0,820.0,675.2333333333333,134.4,130.38,118.55,132.1314285714286,128.55033333333333,2060.0,1925.5,1761.0,1990.928571428572,1955.1333333333328,83.348,83.357,83.272,83.35985714285714,83.28410000000001,624.0,654.0,671.0,642.5714285714286,662.3666666666667,501.0,523.5,542.0,513.6428571428571,522.1,100.8,102.5,99.5,101.04285714285716,101.96,12,4.0,0.0,1.0,0.0,4.0,4,49,342,0,1,0,0.0,364.0,20.00000000025545,20.00000000025545,0.0,1.0,0.0,none,1.0,Panamax / Kamsarmax Bulk,12.9,7583.0,24.49,81776.8,228.77,32.22,13.6,5.4,1.003,Syama Prasad Mookerjee (Kolkata & Haldia),Hay Point (AU),Thermal Coal,146.0,135.8,67.4,-13.5,12.1,11.1,4.77,3.82,12.57,5.25,3.4,6.5,75234.656,12.991615597744644
2023-12-10,2483.0,real,4259.0,real,2104.0,real,1521.0,real,872.0,real,0.1208998027815914,0.6586961035779213,0.5886116442738323,53.08663664671436,135.45,real,2310.5,real,100.8,forward_filled_monthly,83.43,real,621.5,499.5,real,71.86317865202194,64.0443276343241,51.85198198802862,2495.0,2696.0,1563.0,2920.5714285714284,2025.3333333333333,4203.0,5040.0,2226.0,5431.0,3339.133333333333,2197.0,2131.0,1605.0,2291.1428571428573,1859.6666666666667,1538.0,1360.0,1184.0,1516.571428571429,1259.1666666666667,862.0,723.0,671.0,820.0,675.2333333333333,134.4,130.38,118.55,132.1314285714286,128.55033333333333,2060.0,1925.5,1761.0,1990.928571428572,1955.1333333333328,83.348,83.357,83.272,83.35985714285714,83.28410000000001,624.0,654.0,671.0,642.5714285714286,662.3666666666667,501.0,523.5,542.0,513.6428571428571,522.1,100.8,102.5,99.5,101.04285714285716,101.96,12,0.0,0.0,0.0,0.0,4.0,4,49,344,0,1,0,0.0,364.0,0.0,0.0,0.0,0.0,0.0,none,0.0,Capesize Bulk,12.9,8292.0,26.78,152328.0,275.6,48.82,17.92,2.0,1.0,Chennai,Muara Pantai (ID),Thermal Coal,146.0,135.8,67.4,-13.5,12.1,11.1,4.77,3.82,12.57,5.25,3.4,6.5,140141.76,15.822687251194786
2023-12-11,2509.0,real,4398.0,real,2049.0,real,1506.0,real,884.0,real,0.1089256530833568,0.6924994998971996,0.670439414114514,56.71309385844617,135.16,real,2174.0,real,100.8,forward_filled_monthly,83.355,real,620.5,502.0,real,65.81469991117555,64.59381689110467,54.0278563150677,2483.0,2937.0,1502.0,2859.428571428572,2058.9,4259.0,5629.0,2091.0,5255.142857142857,3416.0333333333333,2104.0,2219.0,1575.0,2266.8571428571427,1875.4666666666667,1521.0,1425.0,1159.0,1528.142857142857,1270.7333333333331,872.0,751.0,669.0,839.0,682.4,135.45,130.46,118.7,132.80285714285714,129.099,2310.5,1808.0,1800.0,2043.2142857142856,1967.6,83.43,83.383,83.255,83.35585714285715,83.28743333333334,621.5,660.5,673.0,636.8571428571429,660.6166666666667,499.5,528.0,535.5,509.9285714285714,520.9833333333333,100.8,102.5,99.5,100.8,102.00333333333332,12,0.0,0.0,1.0,0.0,7.0,4,50,345,0,1,0,0.0,367.0,20.00000000020618,20.00000000020618,0.0,1.0,0.0,none,1.0,Supramax / Ultramax Bulk,14.6,9740.5,27.8,56432.3,196.78,32.27,13.41,7.2,1.018,Syama Prasad Mookerjee (Kolkata & Haldia),Hay Point (AU),Thermal Coal,146.0,135.8,67.4,-13.5,12.1,11.1,4.77,3.82,12.57,5.25,3.4,6.5,51917.71600000001,18.03242085742701
2023-12-13,2438.0,real,4306.0,real,1953.0,real,1463.0,real,903.0,real,0.0884604768226271,0.750273327794752,0.7401855817273377,59.80411653965376,135.03,real,2050.0,real,100.8,forward_filled_monthly,83.355,real,609.0,495.5,real,60.11719509470128,63.09328853605008,55.88246992379226,2551.0,3346.0,1401.0,2638.1428571428573,2129.866666666667,4592.0,6582.0,1899.0,4695.0,3582.0,1996.0,2441.0,1489.0,2147.8571428571427,1906.3333333333333,1480.0,1526.0,1119.0,1517.857142857143,1293.7,895.0,800.0,652.0,871.1428571428571,698.6,135.66,130.46,122.33,134.19857142857143,130.08066666666667,2250.0,1875.0,1777.5,2121.785714285714,1992.4333333333327,83.401,83.431,83.265,83.36442857142858,83.29433333333333,617.0,648.5,680.5,625.0714285714286,656.3166666666667,501.0,517.0,538.0,503.8571428571428,518.4666666666667,100.8,100.8,102.5,100.8,101.99,12,2.0,0.0,1.0,0.0,9.0,4,50,347,0,1,0,0.0,369.0,20.000000000178733,20.000000000178733,0.0,0.0,0.0,none,0.0,Aframax / Suezmax Tanker,13.4,4596.7,14.29,115368.6,251.7,44.37,15.59,15.0,1.08,Syama Prasad Mookerjee (Kolkata & Haldia),Port Hedland (AU),Thermal Coal,146.0,135.8,67.4,-13.5,12.1,11.1,4.77,3.82,12.57,5.25,3.4,6.5,106139.112,6.983647981923345
2023-12-15,2348.0,real,4113.0,real,1900.0,real,1426.0,real,908.0,real,0.0786793942961359,0.7778856274074164,0.6060191518467852,53.85810556856229,135.08,real,1980.5,real,100.8,forward_filled_monthly,83.025,real,618.5,502.5,real,48.03383174784759,61.19121033950199,52.314863341137375,2411.0,2848.0,1462.0,2462.1428571428573,2193.6,4276.0,5161.0,2133.0,4306.714285714285,3727.766666666667,1915.0,2311.0,1448.0,2016.2857142857144,1936.5333333333333,1442.0,1552.0,1101.0,1482.2857142857142,1315.6666666666667,906.0,851.0,634.0,890.0,716.4333333333333,135.22,132.92,126.15,135.14285714285714,130.7,1993.0,2004.0,2020.0,2116.8571428571427,1998.3,83.312,83.337,83.15,83.318,83.29183333333334,611.0,639.5,678.5,617.3571428571429,652.0833333333334,498.5,512.0,541.5,500.0,515.8333333333334,100.8,100.8,102.5,100.8,101.87666666666668,12,4.0,0.0,1.0,0.0,11.0,4,50,349,0,1,0,0.0,371.0,20.00000000015494,20.00000000015494,0.0,0.0,0.0,none,0.0,Feeder Container,17.1,7649.8,18.64,23196.7,198.28,25.0,9.75,10.9,1.047,Visakhapatnam,Tubarao (BR),Coking Coal,146.0,135.8,67.4,-13.5,12.1,11.1,4.77,3.82,12.57,5.25,3.4,6.5,21340.964,33.25659012255412
2023-12-17,2348.0,real,4113.0,real,1900.0,real,1426.0,real,908.0,real,0.0786793942961359,0.7778856274074164,0.6060191518467852,53.85810556856229,135.08,real,1980.5,real,100.8,forward_filled_monthly,83.025,real,618.5,502.5,real,48.03383174784759,61.19121033950199,52.314863341137375,2411.0,2848.0,1462.0,2462.1428571428573,2193.6,4276.0,5161.0,2133.0,4306.714285714285,3727.766666666667,1915.0,2311.0,1448.0,2016.2857142857144,1936.5333333333333,1442.0,1552.0,1101.0,1482.2857142857142,1315.6666666666667,906.0,851.0,634.0,890.0,716.4333333333333,135.22,132.92,126.15,135.14285714285714,130.7,1993.0,2004.0,2020.0,2116.8571428571427,1998.3,83.312,83.337,83.15,83.318,83.29183333333334,611.0,639.5,678.5,617.3571428571429,652.0833333333334,498.5,512.0,541.5,500.0,515.8333333333334,100.8,100.8,102.5,100.8,101.87666666666668,12,0.0,0.0,0.0,0.0,11.0,4,50,351,0,1,0,0.0,371.0,0.0,0.0,0.0,0.0,0.0,none,0.0,Panamax / Kamsarmax Bulk,12.9,6939.7,22.42,78847.1,222.33,32.26,13.99,5.2,1.002,Kamarajar (Ennore),Hay Point (AU),Thermal Coal,146.0,135.8,67.4,-13.5,12.1,11.1,4.77,3.82,12.57,5.25,3.4,6.5,72539.33200000001,11.661367589017043
2023-12-20,2150.0,real,3530.0,real,1917.0,real,1397.0,real,896.0,real,0.0373207396166319,0.8946423934907378,0.4052287581699345,44.959442283303424,134.85,real,1976.0,real,100.8,forward_filled_monthly,83.167,real,634.0,512.0,real,47.049225330723374,57.0066383070962,46.97566536998205,2219.0,2509.0,1530.0,2343.5714285714284,2261.766666666667,3730.0,4398.0,2318.0,4069.0,3865.5,1915.0,2049.0,1470.0,1928.857142857143,1982.1,1408.0,1506.0,1104.0,1433.571428571429,1346.5,903.0,884.0,607.0,902.5714285714286,745.0,134.65,135.16,127.26,135.0142857142857,131.509,1964.0,2174.0,2020.0,2023.5,1992.6666666666667,83.111,83.355,83.218,83.21714285714286,83.28353333333332,629.0,620.5,664.5,620.2142857142857,647.7833333333333,507.0,502.0,517.0,502.6428571428572,513.8166666666667,100.8,100.8,102.5,100.8,101.70666666666666,12,2.0,0.0,1.0,0.0,16.0,4,51,354,0,1,0,0.0,376.0,20.000000000108408,20.000000000108408,0.0,0.0,0.0,none,0.0,Panamax / Kamsarmax Bulk,13.2,5278.3,16.66,84130.0,227.38,32.24,13.09,5.4,1.003,V.O. Chidambaranar (Tuticorin),Hay Point (AU),Lump Iron Ore,146.0,135.8,67.4,-13.5,12.1,11.1,4.77,3.82,12.57,5.25,3.4,6.5,77399.6,8.522055360574472
2023-12-22,2094.0,real,3398.0,real,1909.0,real,1369.0,real,879.0,real,0.0250391032509948,0.929313834217598,0.2744978697504565,39.16568823100584,135.52,real,2018.5,real,100.8,forward_filled_monthly,83.191,real,639.0,510.5,real,48.09547807345504,55.82312298479963,43.49941293860351,2087.0,2438.0,1643.0,2228.1428571428573,2293.1,3361.0,4306.0,2589.0,3763.428571428572,3921.633333333333,1915.0,1953.0,1530.0,1911.0,2008.5666666666664,1378.0,1463.0,1125.0,1405.571428571429,1363.3666666666666,888.0,903.0,594.0,898.1428571428571,764.0666666666667,135.31,135.03,128.07,135.03428571428572,132.02166666666668,1980.5,2050.0,2020.0,1980.5,1991.3,83.219,83.355,83.314,83.16771428571428,83.27606666666667,637.5,609.0,661.0,627.4285714285714,646.2833333333333,509.0,495.5,515.5,505.9285714285714,513.55,100.8,100.8,102.5,100.8,101.59333333333332,12,4.0,0.0,1.0,0.0,18.0,4,51,356,0,1,0,0.0,378.0,20.000000000093976,20.000000000093976,0.0,0.0,0.0,none,0.0,Aframax / Suezmax Tanker,15.0,3307.3,9.19,134292.8,254.73,47.77,15.8,13.6,1.069,V.O. Chidambaranar (Tuticorin),Richards Bay (ZA),Iron Ore Fines,146.0,135.8,67.4,-13.5,12.1,11.1,4.77,3.82,12.57,5.25,3.4,6.5,123549.376,3.967726713134856
2023-12-23,2094.0,real,3398.0,real,1909.0,real,1369.0,real,879.0,real,0.0250391032509948,0.929313834217598,0.2744978697504565,39.16568823100584,135.52,real,2018.5,real,100.8,forward_filled_monthly,83.191,real,639.0,510.5,real,48.09547807345504,55.82312298479963,43.49941293860351,2087.0,2438.0,1643.0,2228.1428571428573,2293.1,3361.0,4306.0,2589.0,3763.428571428572,3921.633333333333,1915.0,1953.0,1530.0,1911.0,2008.5666666666664,1378.0,1463.0,1125.0,1405.571428571429,1363.3666666666666,888.0,903.0,594.0,898.1428571428571,764.0666666666667,135.31,135.03,128.07,135.03428571428572,132.02166666666668,1980.5,2050.0,2020.0,1980.5,1991.3,83.219,83.355,83.314,83.16771428571428,83.27606666666667,637.5,609.0,661.0,627.4285714285714,646.2833333333333,509.0,495.5,515.5,505.9285714285714,513.55,100.8,100.8,102.5,100.8,101.59333333333332,12,0.0,0.0,0.0,0.0,18.0,4,51,357,0,1,0,0.0,378.0,0.0,0.0,0.0,0.0,0.0,none,0.0,Aframax / Suezmax Tanker,13.3,3119.7,9.77,115878.8,274.32,44.1,15.36,13.6,1.069,Syama Prasad Mookerjee (Kolkata & Haldia),Richards Bay (ZA),Coking Coal,146.0,135.8,67.4,-13.5,12.1,11.1,4.77,3.82,12.57,5.25,3.4,6.5,106608.496,4.637164673859981
2023-12-24,2094.0,real,3398.0,real,1909.0,real,1369.0,real,879.0,real,0.0250391032509948,0.929313834217598,0.2744978697504565,39.16568823100584,135.52,real,2018.5,real,100.8,forward_filled_monthly,83.191,real,639.0,510.5,real,48.09547807345504,55.82312298479963,43.49941293860351,2087.0,2438.0,1643.0,2228.1428571428573,2293.1,3361.0,4306.0,2589.0,3763.428571428572,3921.633333333333,1915.0,1953.0,1530.0,1911.0,2008.5666666666664,1378.0,1463.0,1125.0,1405.571428571429,1363.3666666666666,888.0,903.0,594.0,898.1428571428571,764.0666666666667,135.31,135.03,128.07,135.03428571428572,132.02166666666668,1980.5,2050.0,2020.0,1980.5,1991.3,83.219,83.355,83.314,83.16771428571428,83.27606666666667,637.5,609.0,661.0,627.4285714285714,646.2833333333333,509.0,495.5,515.5,505.9285714285714,513.55,100.8,100.8,102.5,100.8,101.59333333333332,12,0.0,0.0,0.0,0.0,18.0,4,51,358,0,1,0,0.0,378.0,0.0,0.0,0.0,0.0,0.0,none,0.0,Supramax / Ultramax Bulk,13.7,3212.4,9.77,57054.4,195.63,32.07,12.15,8.0,1.024,V.O. Chidambaranar (Tuticorin),Tubarao (BR),Thermal Coal,146.0,135.8,67.4,-13.5,12.1,11.1,4.77,3.82,12.57,5.25,3.4,6.5,52490.048,6.558957521898124
2023-12-26,2094.0,forward_filled,3398.0,forward_filled,1909.0,forward_filled,1369.0,forward_filled,879.0,forward_filled,0.0287074174520307,0.9189580693502576,0.2599277978339349,38.51996927178214,135.75,real,2009.5,real,100.8,forward_filled_monthly,83.163,real,637.5,509.5,real,47.53689127651416,55.82312298479963,43.111981563069286,2094.0,2348.0,1662.0,2146.5714285714284,2322.133333333333,3398.0,4113.0,2574.0,3535.8571428571427,3975.466666666666,1909.0,1900.0,1607.0,1911.428571428572,2030.6666666666667,1369.0,1426.0,1133.0,1387.0,1379.3,879.0,908.0,587.0,890.1428571428571,783.5,135.52,135.08,128.78,135.17285714285714,132.49333333333334,2004.5,1980.5,2020.0,1986.2857142857144,1990.4333333333327,83.169,83.025,82.978,83.167,83.28089999999999,639.0,618.5,674.5,634.1428571428571,644.1333333333333,510.5,502.5,519.5,508.6428571428572,513.1166666666667,100.8,100.8,102.5,100.8,101.48,12,1.0,0.0,1.0,0.0,22.0,4,52,360,0,1,0,0.0,382.0,20.00000000007062,20.00000000007062,0.0,0.0,0.0,none,0.0,Aframax / Suezmax Tanker,13.4,6795.7,21.13,116001.9,251.64,44.63,14.79,14.7,1.078,Syama Prasad Mookerjee (Kolkata & Haldia),Richards Bay (ZA),Lump Iron Ore,146.0,135.8,67.4,-13.5,12.1,11.1,4.77,3.82,12.57,5.25,3.4,6.5,106721.748,9.671621686279115
2023-12-27,2094.0,forward_filled,3398.0,forward_filled,1909.0,forward_filled,1369.0,forward_filled,879.0,forward_filled,0.0291930255519109,0.917587182609254,0.2405213270142179,37.6599099521227,136.07,real,1987.0,real,100.8,forward_filled_monthly,83.268,real,643.5,513.5,real,47.84366247908698,55.82312298479963,42.59594597127362,2094.0,2288.0,1688.0,2118.8571428571427,2335.6666666666665,3398.0,3936.0,2574.0,3459.0,4002.933333333333,1909.0,1906.0,1693.0,1911.857142857143,2037.8666666666663,1369.0,1419.0,1141.0,1379.857142857143,1386.9,879.0,907.0,588.0,886.1428571428571,793.2,135.75,134.61,129.25,135.38142857142856,132.72066666666666,2009.5,1951.0,1982.5,1991.428571428572,1990.5833333333333,83.163,83.149,83.193,83.184,83.2834,637.5,623.0,672.5,637.0714285714286,643.1666666666666,509.5,502.0,522.0,510.2857142857143,512.8333333333334,100.8,100.8,102.5,100.8,101.42333333333332,12,2.0,0.0,1.0,0.0,23.0,4,52,361,0,1,0,0.0,383.0,20.00000000006576,20.00000000006576,0.0,0.0,0.0,none,0.0,Panamax / Kamsarmax Bulk,12.6,8321.9,27.52,70745.2,227.37,32.25,14.48,5.0,1.0,Paradip,Hay Point (AU),Lump Iron Ore,146.0,135.8,67.4,-13.5,12.1,11.1,4.77,3.82,12.57,5.25,3.4,6.5,65085.584,15.733514310093613
2023-12-28,2094.0,forward_filled,3398.0,forward_filled,1909.0,forward_filled,1369.0,forward_filled,879.0,forward_filled,0.02619985558175,0.9260369943539016,0.1911262798634811,35.470811736292234,136.16,real,1968.0,real,100.8,forward_filled_monthly,83.174,real,642.0,510.5,real,47.51173050568093,55.82312298479963,41.28248704177534,2094.0,2219.0,1758.0,2101.0,2346.866666666667,3398.0,3730.0,2664.0,3411.5714285714284,4027.4,1909.0,1915.0,1800.0,1911.0,2041.5,1369.0,1408.0,1178.0,1374.2857142857142,1393.2666666666669,879.0,903.0,593.0,882.7142857142857,802.7333333333333,136.07,134.65,129.42,135.59714285714287,132.94533333333334,1987.0,1964.0,1973.5,1992.0,1990.4,83.268,83.111,83.16,83.193,83.28386666666665,643.5,629.0,666.0,638.9285714285714,642.3666666666667,513.5,507.0,520.5,510.7857142857143,512.5,100.8,100.8,102.5,100.8,101.36666666666666,12,3.0,0.0,1.0,0.0,24.0,4,52,362,0,1,0,0.0,384.0,20.00000000006122,20.00000000006122,0.0,0.0,0.0,none,0.0,Panamax / Kamsarmax Bulk,13.1,3054.4,9.72,70043.6,222.04,32.23,13.45,5.3,1.002,Visakhapatnam,Muara Pantai (ID),Coking Coal,146.0,135.8,67.4,-13.5,12.1,11.1,4.77,3.82,12.57,5.25,3.4,6.5,64440.11200000001,5.949442447315821
2023-12-30,2094.0,forward_filled,3398.0,forward_filled,1909.0,forward_filled,1369.0,forward_filled,879.0,forward_filled,0.0192313735136603,0.9457092355591497,0.1505494505494504,33.67252081889856,136.37,real,1957.5,real,100.8,forward_filled_monthly,83.218,real,637.0,508.0,real,47.40625494694135,55.82312298479963,40.20351249133914,2094.0,2150.0,1820.0,2093.0,2356.0,3398.0,3530.0,2763.0,3392.714285714286,4048.5666666666666,1909.0,1917.0,1874.0,1909.857142857143,2042.6666666666667,1369.0,1397.0,1205.0,1370.2857142857142,1398.7333333333331,879.0,896.0,599.0,880.2857142857143,812.0666666666667,136.16,134.85,128.95,135.81428571428572,133.19266666666667,1968.0,1976.0,1982.0,1989.357142857143,1989.5833333333333,83.174,83.167,83.249,83.20028571428573,83.28283333333334,642.0,634.0,658.5,639.3571428571429,641.65,510.5,512.0,517.0,510.2142857142857,512.2,100.8,100.8,102.5,100.8,101.31,12,0.0,0.0,0.0,0.0,25.0,4,52,364,0,1,0,0.0,385.0,0.0,0.0,0.0,0.0,0.0,none,0.0,Panamax / Kamsarmax Bulk,14.3,7609.1,22.17,80444.8,224.73,32.26,13.41,6.7,1.014,Visakhapatnam,Richards Bay (ZA),Pellets,146.0,135.8,67.4,-13.5,12.1,11.1,4.77,3.82,12.57,5.25,3.4,6.5,74009.216,11.634993420863392
2023-12-31,2094.0,forward_filled,3398.0,forward_filled,1909.0,forward_filled,1369.0,forward_filled,879.0,forward_filled,0.0192313735136603,0.9457092355591497,0.1505494505494504,33.67252081889856,136.37,real,1957.5,real,100.8,forward_filled_monthly,83.218,real,637.0,508.0,real,47.40625494694135,55.82312298479963,40.20351249133914,2094.0,2150.0,1820.0,2093.0,2356.0,3398.0,3530.0,2763.0,3392.714285714286,4048.5666666666666,1909.0,1917.0,1874.0,1909.857142857143,2042.6666666666667,1369.0,1397.0,1205.0,1370.2857142857142,1398.7333333333331,879.0,896.0,599.0,880.2857142857143,812.0666666666667,136.16,134.85,128.95,135.81428571428572,133.19266666666667,1968.0,1976.0,1982.0,1989.357142857143,1989.5833333333333,83.174,83.167,83.249,83.20028571428573,83.28283333333334,642.0,634.0,658.5,639.3571428571429,641.65,510.5,512.0,517.0,510.2142857142857,512.2,100.8,100.8,102.5,100.8,101.31,12,0.0,0.0,0.0,0.0,25.0,4,52,365,0,1,0,0.0,385.0,0.0,0.0,0.0,0.0,0.0,none,0.0,Capesize Bulk,14.4,6686.4,19.35,173587.3,274.18,43.08,17.36,4.1,1.0,Kamarajar (Ennore),Newcastle (AU),Pellets,146.0,135.8,67.4,-13.5,12.1,11.1,4.77,3.82,12.57,5.25,3.4,6.5,159700.316,9.20290086393442
2024-01-01,2094.0,forward_filled,3398.0,forward_filled,1909.0,forward_filled,1369.0,forward_filled,879.0,forward_filled,0.0041608704258722,0.9882537336192097,0.1524490919097414,33.75670945222126,136.37,forward_filled,1957.5,forward_filled,111.8,real,83.243,real,637.0,508.0,real,48.631178933843046,72.74619990787656,40.25402567133276,2094.0,2087.0,1817.0,2094.0,2365.233333333333,3398.0,3361.0,2707.0,3398.0,4071.6,1909.0,1915.0,1915.0,1909.0,2042.4666666666667,1369.0,1378.0,1217.0,1369.0,1403.8,879.0,888.0,605.0,879.0,821.2,136.37,135.31,129.31,135.96571428571428,133.428,1957.5,1980.5,1930.5,1986.071428571429,1990.483333333333,83.218,83.219,83.322,83.20371428571427,83.2802,637.0,637.5,668.0,639.2857142857143,640.6166666666667,508.0,509.0,519.5,510.07142857142856,511.81666666666666,100.8,100.8,102.5,102.37142857142858,101.62,1,0.0,0.0,0.0,0.0,28.0,1,1,1,0,1,0,0.0,388.0,4.6005382801682894e-11,4.6005382801682894e-11,0.0,0.0,0.0,none,0.0,Capesize Bulk,13.3,8275.0,25.92,153169.6,288.78,43.38,18.09,3.4,1.0,Visakhapatnam,Newcastle (AU),Thermal Coal,134.7,138.1,81.4,2.0,12.5,11.4,4.51,3.55,12.04,5.08,3.26,6.53,140916.032,13.408094534458648
2024-01-02,2093.0,real,3484.0,real,1872.0,real,1308.0,real,808.0,real,0.0095659048495586,0.972995153649214,0.1653674832962137,34.32922894894786,136.37,real,1969.0,real,111.8,forward_filled_monthly,83.275,real,636.0,505.5,real,48.98385789730519,72.72506570569269,40.59753736936872,2094.0,2094.0,1796.0,2093.8571428571427,2375.133333333333,3398.0,3398.0,2586.0,3410.285714285714,4101.533333333334,1909.0,1909.0,1969.0,1903.7142857142856,2039.233333333333,1369.0,1369.0,1232.0,1360.2857142857142,1406.3333333333333,879.0,879.0,614.0,868.8571428571429,827.6666666666666,136.37,135.52,129.55,136.08714285714288,133.65533333333332,1957.5,2018.5,1924.5,1979.0,1991.9666666666667,83.243,83.191,83.336,83.21571428571428,83.27816666666668,637.0,639.0,674.5,638.8571428571429,639.3333333333334,508.0,510.5,523.0,509.3571428571428,511.23333333333335,111.8,100.8,102.5,103.94285714285714,101.93,1,1.0,0.0,0.0,0.0,29.0,1,1,2,0,1,0,0.0,389.0,4.283389959268261e-11,4.283389959268261e-11,0.0,0.0,0.0,none,0.0,Supramax / Ultramax Bulk,14.0,9697.8,28.86,58086.8,190.39,32.25,13.14,7.0,1.016,Visakhapatnam,Tubarao (BR),Iron Ore Fines,134.7,138.1,81.4,2.0,12.5,11.4,4.51,3.55,12.04,5.08,3.26,6.53,53439.85600000001,17.360465704759562
2024-01-03,2091.0,real,3569.0,real,1808.0,real,1271.0,real,745.0,real,0.0121299391124893,0.9657568053280104,0.1914529914529914,35.48529099684452,144.16,real,1976.5,real,111.8,forward_filled_monthly,83.291,real,633.5,504.0,real,54.58234004367405,72.68279730132495,41.29117459810672,2093.0,2094.0,1755.0,2093.428571428572,2386.333333333333,3484.0,3398.0,2415.0,3434.714285714286,4140.0,1872.0,1909.0,2008.0,1889.2857142857144,2032.5666666666664,1308.0,1369.0,1247.0,1346.2857142857142,1407.1333333333334,808.0,879.0,623.0,849.7142857142857,831.7333333333333,136.37,135.52,129.84,137.32142857142858,134.1326666666667,1969.0,2004.5,1893.5,1975.0,1994.733333333333,83.275,83.169,83.315,83.23314285714287,83.27736666666667,636.0,639.0,673.5,638.0714285714286,638.0,505.5,510.5,526.5,508.4285714285714,510.48333333333335,111.8,100.8,102.5,105.5142857142857,102.24,1,2.0,0.0,0.0,0.0,30.0,1,1,3,0,1,0,0.0,390.0,3.988104962032602e-11,3.988104962032602e-11,0.0,0.0,0.0,none,0.0,Supramax / Ultramax Bulk,13.8,2799.2,8.45,56732.5,194.94,32.04,12.08,8.2,1.026,Syama Prasad Mookerjee (Kolkata & Haldia),Port Hedland (AU),Iron Ore Fines,134.7,138.1,81.4,2.0,12.5,11.4,4.51,3.55,12.04,5.08,3.26,6.53,52193.9,5.603550798851494
2024-01-05,2110.0,real,3798.0,real,1666.0,real,1212.0,real,695.0,real,0.0161368802783292,0.9544450860268155,0.0038058991436726,27.1691148076296,141.45,real,2000.0,real,111.8,forward_filled_monthly,83.132,real,635.0,505.0,real,51.99158334507481,73.08434714281844,36.30146888457776,2086.0,2094.0,2102.0,2094.5714285714284,2394.3,3651.0,3398.0,3385.0,3528.0,4186.166666666667,1727.0,1909.0,2064.0,1828.571428571429,2009.0666666666664,1236.0,1369.0,1279.0,1304.857142857143,1403.9333333333334,716.0,879.0,670.0,800.1428571428571,834.8333333333334,142.95,136.07,130.16,139.11857142857144,134.946,1999.5,1987.0,1942.0,1975.428571428572,1998.983333333333,83.248,83.268,83.345,83.22585714285715,83.2674,633.5,643.5,665.0,636.2857142857143,635.7833333333333,506.0,513.5,522.5,506.7142857142857,509.3,111.8,100.8,102.5,108.65714285714284,102.86,1,4.0,0.0,0.0,0.0,32.0,1,1,5,0,1,0,0.0,392.0,3.4572000534701007e-11,3.4572000534701007e-11,0.0,0.0,0.0,none,0.0,Capesize Bulk,13.9,8295.3,24.87,201720.9,297.68,46.41,17.52,2.5,1.0,Visakhapatnam,Tubarao (BR),Thermal Coal,134.7,138.1,81.4,2.0,12.5,11.4,4.51,3.55,12.04,5.08,3.26,6.53,185583.228,11.260303358022204
2024-01-07,2110.0,real,3798.0,real,1666.0,real,1212.0,real,695.0,real,0.0161368802783292,0.9544450860268155,0.0038058991436726,27.1691148076296,141.45,real,2000.0,real,111.8,forward_filled_monthly,83.132,real,635.0,505.0,real,51.99158334507481,73.08434714281844,36.30146888457776,2086.0,2094.0,2102.0,2094.5714285714284,2394.3,3651.0,3398.0,3385.0,3528.0,4186.166666666667,1727.0,1909.0,2064.0,1828.571428571429,2009.0666666666664,1236.0,1369.0,1279.0,1304.857142857143,1403.9333333333334,716.0,879.0,670.0,800.1428571428571,834.8333333333334,142.95,136.07,130.16,139.11857142857144,134.946,1999.5,1987.0,1942.0,1975.428571428572,1998.983333333333,83.248,83.268,83.345,83.22585714285715,83.2674,633.5,643.5,665.0,636.2857142857143,635.7833333333333,506.0,513.5,522.5,506.7142857142857,509.3,111.8,100.8,102.5,108.65714285714284,102.86,1,0.0,0.0,0.0,0.0,32.0,1,1,7,0,1,0,0.0,392.0,0.0,0.0,0.0,0.0,0.0,none,0.0,Capesize Bulk,13.7,7643.0,23.25,202902.5,298.26,48.18,16.22,3.5,1.0,Paradip,Muara Pantai (ID),Lump Iron Ore,134.7,138.1,81.4,2.0,12.5,11.4,4.51,3.55,12.04,5.08,3.26,6.53,186670.3,10.496422606461769
2024-01-09,1875.0,real,3249.0,real,1534.0,real,1162.0,real,661.0,real,0.0506542072328516,0.8570016004908149,-0.2158092848180677,17.436171220941368,140.52,real,2079.5,real,111.8,forward_filled_monthly,83.114,real,625.5,496.5,real,53.16491948004664,68.11780962960955,30.46170273256482,2022.0,2094.0,2391.0,2053.0,2369.2,3599.0,3398.0,4179.0,3535.428571428572,4147.833333333333,1605.0,1909.0,2106.0,1731.571428571429,1973.6666666666667,1194.0,1369.0,1321.0,1250.2857142857142,1395.3666666666666,680.0,879.0,695.0,740.5714285714286,833.7,140.87,136.37,130.4,140.3842857142857,135.6316666666667,2014.5,1957.5,1954.5,1999.5,2004.0833333333333,83.05,83.218,83.345,83.19328571428572,83.2502,631.5,637.0,653.5,633.1428571428571,634.05,504.0,508.0,521.0,504.1428571428572,508.0,111.8,100.8,102.5,111.8,103.48,1,1.0,0.0,0.0,0.0,36.0,1,2,9,0,1,0,0.0,396.0,2.5980073378014484e-11,2.5980073378014484e-11,0.0,0.0,0.0,none,0.0,Supramax / Ultramax Bulk,13.4,9656.4,30.03,61381.8,195.77,32.29,11.54,8.6,1.029,Chennai,Hay Point (AU),Coking Coal,134.7,138.1,81.4,2.0,12.5,11.4,4.51,3.55,12.04,5.08,3.26,6.53,56471.25600000001,16.443887765626577
2024-01-12,1460.0,real,2172.0,real,1410.0,real,1088.0,real,616.0,real,0.0751523683551791,0.787842531130452,-0.5426065162907268,2.953115173398663,137.22,real,1999.5,real,111.8,forward_filled_monthly,82.862,real,627.0,501.5,real,51.305810156972896,59.34711572330452,21.7718691040392,1554.0,2091.0,3192.0,1824.428571428572,2230.9666666666667,2424.0,3569.0,6237.0,3084.1428571428573,3827.366666666667,1421.0,1808.0,2341.0,1546.7142857142858,1893.8,1108.0,1271.0,1489.0,1162.142857142857,1363.9333333333334,625.0,745.0,773.0,662.4285714285714,821.6333333333333,138.85,144.16,130.46,140.00285714285715,136.39600000000002,2073.5,1976.5,1875.0,2035.071428571429,2022.2,83.068,83.291,83.265,83.07171428571428,83.2153,622.5,633.5,660.0,628.8571428571429,630.7833333333333,497.5,504.0,522.0,501.9285714285714,505.6166666666667,111.8,111.8,100.8,111.8,104.46666666666668,1,4.0,0.0,0.0,0.0,39.0,1,2,12,0,1,0,0.0,399.0,2.096897829189772e-11,2.096897829189772e-11,0.0,0.0,0.0,none,0.0,Capesize Bulk,13.1,6689.5,21.28,186346.8,280.94,44.53,18.47,2.7,1.0,Visakhapatnam,Richards Bay (ZA),Thermal Coal,134.7,138.1,81.4,2.0,12.5,11.4,4.51,3.55,12.04,5.08,3.26,6.53,171439.05599999998,7.6421271939434865
2024-01-13,1460.0,real,2172.0,real,1410.0,real,1088.0,real,616.0,real,0.0751523683551791,0.787842531130452,-0.5426065162907268,2.953115173398663,137.22,real,1999.5,real,111.8,forward_filled_monthly,82.862,real,627.0,501.5,real,51.305810156972896,59.34711572330452,21.7718691040392,1554.0,2091.0,3192.0,1824.428571428572,2230.9666666666667,2424.0,3569.0,6237.0,3084.1428571428573,3827.366666666667,1421.0,1808.0,2341.0,1546.7142857142858,1893.8,1108.0,1271.0,1489.0,1162.142857142857,1363.9333333333334,625.0,745.0,773.0,662.4285714285714,821.6333333333333,138.85,144.16,130.46,140.00285714285715,136.39600000000002,2073.5,1976.5,1875.0,2035.071428571429,2022.2,83.068,83.291,83.265,83.07171428571428,83.2153,622.5,633.5,660.0,628.8571428571429,630.7833333333333,497.5,504.0,522.0,501.9285714285714,505.6166666666667,111.8,111.8,100.8,111.8,104.46666666666668,1,0.0,0.0,0.0,0.0,39.0,1,2,13,0,1,0,0.0,399.0,0.0,0.0,0.0,0.0,0.0,none,0.0,Supramax / Ultramax Bulk,14.6,6754.6,19.28,60421.2,194.29,32.24,12.36,8.4,1.027,Syama Prasad Mookerjee (Kolkata & Haldia),Muara Pantai (ID),Coking Coal,134.7,138.1,81.4,2.0,12.5,11.4,4.51,3.55,12.04,5.08,3.26,6.53,55587.504,10.640956926620571
2024-01-15,1360.0,real,1880.0,real,1412.0,real,1078.0,real,605.0,real,0.0672540740262476,0.8101396612128113,-0.5935445307830245,0.6956354649017682,137.22,forward_filled,1990.5,real,111.8,forward_filled_monthly,82.832,real,626.0,497.0,real,51.04118278051541,57.23369550491777,20.417381278941065,1460.0,2086.0,3346.0,1720.7142857142858,2164.766666666667,2172.0,3651.0,6582.0,2831.1428571428573,3670.633333333333,1410.0,1727.0,2441.0,1501.7142857142858,1859.5,1088.0,1236.0,1526.0,1139.571428571429,1349.0,616.0,716.0,800.0,646.5714285714286,815.1333333333333,137.22,142.95,130.46,139.18428571428572,136.62133333333335,1999.5,1999.5,1875.0,2033.7857142857144,2026.05,82.862,83.248,83.431,83.01228571428571,83.19533333333334,627.0,633.5,648.5,627.7857142857143,630.0333333333333,501.5,506.0,517.0,500.6428571428572,504.95,111.8,111.8,100.8,111.8,104.83333333333331,1,0.0,0.0,0.0,0.0,42.0,1,3,15,0,1,0,0.0,402.0,1.692443451596139e-11,1.692443451596139e-11,0.0,0.0,0.0,none,0.0,Capesize Bulk,13.8,11686.4,35.29,187943.8,273.85,47.05,17.73,4.1,1.0,Syama Prasad Mookerjee (Kolkata & Haldia),Port Hedland (AU),Lump Iron Ore,134.7,138.1,81.4,2.0,12.5,11.4,4.51,3.55,12.04,5.08,3.26,6.53,172908.296,11.717666196250065
2024-01-17,1308.0,real,1733.0,real,1446.0,real,1039.0,real,596.0,real,0.0478729452133301,0.8648531895124137,-0.5407303370786517,3.0362640071916167,135.79,real,1734.5,real,111.8,forward_filled_monthly,83.187,real,623.5,494.0,real,37.89439507962359,56.13471699135666,21.821758404314973,1324.0,2022.0,2848.0,1506.428571428571,2052.8,1779.0,3599.0,5161.0,2276.1428571428573,3417.4666666666667,1421.0,1605.0,2311.0,1444.0,1797.2,1060.0,1194.0,1552.0,1095.7142857142858,1315.0666666666666,600.0,680.0,851.0,621.0,798.9333333333333,136.75,140.87,132.92,137.78714285714287,136.9163333333333,1704.5,2014.5,2004.0,1951.571428571429,2007.0833333333333,83.089,83.05,83.337,83.0257142857143,83.18246666666667,624.5,631.5,639.5,625.1428571428571,628.85,495.0,504.0,512.0,497.7857142857143,503.65,111.8,111.8,100.8,111.8,105.56666666666663,1,2.0,0.0,0.0,0.0,44.0,1,3,17,0,1,0,0.0,404.0,1.46714182476561e-11,1.46714182476561e-11,0.0,0.0,0.0,none,0.0,Panamax / Kamsarmax Bulk,14.2,6785.4,19.91,82950.6,229.08,32.21,14.37,5.4,1.003,Paradip,Hay Point (AU),Iron Ore Fines,134.7,138.1,81.4,2.0,12.5,11.4,4.51,3.55,12.04,5.08,3.26,6.53,76314.55200000001,9.007997913250522
2024-01-19,1503.0,real,2244.0,real,1550.0,real,1030.0,real,594.0,real,0.1219219330466169,0.655810598109113,-0.3946838501812324,9.508777393398194,135.88,real,1729.5,real,111.8,forward_filled_monthly,83.099,real,630.0,492.0,real,30.02136084981386,60.25588641721082,25.705266436038915,1357.0,1664.0,2483.0,1409.428571428571,1982.2,1853.0,2696.0,4259.0,2012.142857142857,3271.9666666666667,1492.0,1464.0,2104.0,1450.2857142857142,1755.2333333333331,1029.0,1135.0,1521.0,1061.7142857142858,1281.7333333333331,593.0,644.0,872.0,604.1428571428571,780.7,136.08,138.16,135.45,136.82714285714286,136.98666666666668,1730.5,2079.0,2310.5,1851.7857142857144,1976.733333333333,83.17,83.028,83.43,83.04385714285715,83.16550000000001,623.0,627.0,621.5,625.2142857142857,629.1,490.5,503.0,499.5,495.3571428571428,503.05,111.8,111.8,100.8,111.8,106.3,1,4.0,0.0,0.0,0.0,46.0,1,3,19,0,1,0,0.0,406.0,1.2718328236884614e-11,1.2718328236884614e-11,0.0,1.0,1.0,rate_shock,1.0,Capesize Bulk,12.4,2912.0,9.78,157233.5,297.07,43.47,17.33,1.1,1.0,Chennai,Hay Point (AU),Pellets,134.7,138.1,81.4,2.0,12.5,11.4,4.51,3.55,12.04,5.08,3.26,6.53,144654.82,4.116735946856109
2024-01-20,1503.0,real,2244.0,real,1550.0,real,1030.0,real,594.0,real,0.1219219330466169,0.655810598109113,-0.3946838501812324,9.508777393398194,135.88,real,1729.5,real,111.8,forward_filled_monthly,83.099,real,630.0,492.0,real,30.02136084981386,60.25588641721082,25.705266436038915,1357.0,1664.0,2483.0,1409.428571428571,1982.2,1853.0,2696.0,4259.0,2012.142857142857,3271.9666666666667,1492.0,1464.0,2104.0,1450.2857142857142,1755.2333333333331,1029.0,1135.0,1521.0,1061.7142857142858,1281.7333333333331,593.0,644.0,872.0,604.1428571428571,780.7,136.08,138.16,135.45,136.82714285714286,136.98666666666668,1730.5,2079.0,2310.5,1851.7857142857144,1976.733333333333,83.17,83.028,83.43,83.04385714285715,83.16550000000001,623.0,627.0,621.5,625.2142857142857,629.1,490.5,503.0,499.5,495.3571428571428,503.05,111.8,111.8,100.8,111.8,106.3,1,0.0,0.0,0.0,0.0,46.0,1,3,20,0,1,0,0.0,406.0,0.0,0.0,0.0,0.0,0.0,none,0.0,Panamax / Kamsarmax Bulk,13.9,10386.9,31.14,65060.4,222.48,32.29,14.36,5.7,1.006,Syama Prasad Mookerjee (Kolkata & Haldia),Newcastle (AU),Iron Ore Fines,134.7,138.1,81.4,2.0,12.5,11.4,4.51,3.55,12.04,5.08,3.26,6.53,59855.56800000001,17.07855929766026
2024-01-21,1503.0,real,2244.0,real,1550.0,real,1030.0,real,594.0,real,0.1219219330466169,0.655810598109113,-0.3946838501812324,9.508777393398194,135.88,real,1729.5,real,111.8,forward_filled_monthly,83.099,real,630.0,492.0,real,30.02136084981386,60.25588641721082,25.705266436038915,1357.0,1664.0,2483.0,1409.428571428571,1982.2,1853.0,2696.0,4259.0,2012.142857142857,3271.9666666666667,1492.0,1464.0,2104.0,1450.2857142857142,1755.2333333333331,1029.0,1135.0,1521.0,1061.7142857142858,1281.7333333333331,593.0,644.0,872.0,604.1428571428571,780.7,136.08,138.16,135.45,136.82714285714286,136.98666666666668,1730.5,2079.0,2310.5,1851.7857142857144,1976.733333333333,83.17,83.028,83.43,83.04385714285715,83.16550000000001,623.0,627.0,621.5,625.2142857142857,629.1,490.5,503.0,499.5,495.3571428571428,503.05,111.8,111.8,100.8,111.8,106.3,1,0.0,0.0,0.0,0.0,46.0,1,3,21,0,1,0,0.0,406.0,0.0,0.0,0.0,0.0,0.0,none,0.0,Feeder Container,16.7,10516.5,26.24,24938.9,200.26,26.34,8.75,8.9,1.031,Kamarajar (Ennore),Hay Point (AU),Pellets,134.7,138.1,81.4,2.0,12.5,11.4,4.51,3.55,12.04,5.08,3.26,6.53,22943.788000000004,33.562560392678655
2024-01-24,1507.0,real,2145.0,real,1663.0,real,1050.0,real,597.0,real,0.0963503652268911,0.7279999278986795,-0.381870385561936,10.076646727566656,135.49,real,1746.5,real,111.8,forward_filled_monthly,83.135,real,641.0,492.5,real,35.7404737673934,60.340423225946296,26.045988036539992,1473.0,1360.0,2438.0,1427.142857142857,1882.2,2099.0,1880.0,4306.0,2017.857142857143,3045.9666666666667,1613.0,1412.0,1953.0,1537.2857142857142,1717.0333333333333,1033.0,1078.0,1463.0,1038.2857142857142,1237.1,596.0,605.0,903.0,595.7142857142857,750.8666666666667,135.48,137.22,135.03,135.84142857142857,137.00466666666668,1733.0,1990.5,2050.0,1730.857142857143,1934.8333333333333,83.155,82.832,83.355,83.13428571428572,83.14163333333335,635.5,626.0,609.0,630.2857142857143,631.25,492.0,497.0,495.5,492.5,502.3,111.8,111.8,100.8,111.8,107.4,1,2.0,0.0,0.0,0.0,51.0,1,4,24,0,1,0,0.0,411.0,8.898664988670821e-12,8.898664988670821e-12,0.0,0.0,0.0,none,0.0,Supramax / Ultramax Bulk,13.6,2868.9,8.79,50481.3,194.58,32.02,12.37,8.6,1.029,Paradip,Hay Point (AU),Coking Coal,134.7,138.1,81.4,2.0,12.5,11.4,4.51,3.55,12.04,5.08,3.26,6.53,46442.796,5.973209015160513
2024-01-25,1499.0,real,2086.0,real,1690.0,real,1062.0,real,597.0,real,0.0933471054075592,0.7364782236007624,-0.378266279552053,10.236374119096858,135.54,real,1753.5,real,111.8,forward_filled_monthly,83.172,real,647.0,497.0,real,37.1970036559886,60.17134960847535,26.141824471458115,1507.0,1324.0,2411.0,1452.142857142857,1851.8,2145.0,1779.0,4276.0,2061.714285714286,2972.9666666666667,1663.0,1421.0,1915.0,1575.7142857142858,1709.5333333333333,1050.0,1060.0,1442.0,1038.571428571429,1224.4333333333334,597.0,600.0,906.0,595.2857142857143,740.5666666666667,135.49,136.75,135.22,135.66857142857145,137.01533333333333,1746.5,1704.5,1993.0,1737.857142857143,1926.85,83.135,83.089,83.312,83.14614285714286,83.13696666666668,641.0,624.5,611.0,633.5,632.45,492.5,495.0,498.5,492.7857142857143,502.25,111.8,111.8,100.8,111.8,107.76666666666668,1,3.0,0.0,0.0,0.0,52.0,1,4,25,0,1,0,0.0,412.0,8.285215760006737e-12,8.285215760006737e-12,0.0,0.0,0.0,none,0.0,Capesize Bulk,13.2,5153.0,16.27,161774.1,290.7,45.73,17.04,2.6,1.0,Chennai,Newcastle (AU),Thermal Coal,134.7,138.1,81.4,2.0,12.5,11.4,4.51,3.55,12.04,5.08,3.26,6.53,148832.17200000002,6.434964613335078
2024-01-26,1518.0,real,2135.0,real,1696.0,real,1065.0,real,596.0,real,0.0905603758266384,0.7443452477179247,-0.3534923339011925,11.334310113729693,135.55,real,1729.5,real,111.8,forward_filled_monthly,83.12,real,654.0,504.0,real,36.92110624613012,60.57289944996885,26.800586068237816,1499.0,1308.0,2348.0,1482.142857142857,1824.1333333333328,2086.0,1733.0,4113.0,2119.1428571428573,2907.0333333333333,1690.0,1446.0,1900.0,1611.428571428571,1702.7333333333331,1062.0,1039.0,1426.0,1042.2857142857142,1212.4,597.0,596.0,908.0,595.2857142857143,730.1666666666666,135.54,135.79,135.08,135.6342857142857,137.031,1753.5,1734.5,1980.5,1737.142857142857,1918.483333333333,83.172,83.187,83.025,83.13657142857143,83.14013333333334,647.0,623.5,618.5,637.8571428571429,633.6333333333333,497.0,494.0,502.5,494.2142857142857,502.3,111.8,111.8,100.8,111.8,108.13333333333333,1,4.0,0.0,0.0,0.0,53.0,1,4,26,0,1,0,0.0,413.0,7.714056015959439e-12,7.714056015959439e-12,0.0,0.0,0.0,none,0.0,Capesize Bulk,12.5,5118.4,17.06,162894.8,282.75,49.35,17.27,2.6,1.0,V.O. Chidambaranar (Tuticorin),Port Hedland (AU),Lump Iron Ore,134.7,138.1,81.4,2.0,12.5,11.4,4.51,3.55,12.04,5.08,3.26,6.53,149863.216,6.813804300518947
2024-01-27,1518.0,real,2135.0,real,1696.0,real,1065.0,real,596.0,real,0.0905603758266384,0.7443452477179247,-0.3534923339011925,11.334310113729693,135.55,real,1729.5,real,111.8,forward_filled_monthly,83.12,real,654.0,504.0,real,36.92110624613012,60.57289944996885,26.800586068237816,1499.0,1308.0,2348.0,1482.142857142857,1824.1333333333328,2086.0,1733.0,4113.0,2119.1428571428573,2907.0333333333333,1690.0,1446.0,1900.0,1611.428571428571,1702.7333333333331,1062.0,1039.0,1426.0,1042.2857142857142,1212.4,597.0,596.0,908.0,595.2857142857143,730.1666666666666,135.54,135.79,135.08,135.6342857142857,137.031,1753.5,1734.5,1980.5,1737.142857142857,1918.483333333333,83.172,83.187,83.025,83.13657142857143,83.14013333333334,647.0,623.5,618.5,637.8571428571429,633.6333333333333,497.0,494.0,502.5,494.2142857142857,502.3,111.8,111.8,100.8,111.8,108.13333333333333,1,0.0,0.0,0.0,0.0,53.0,1,4,27,0,1,0,0.0,413.0,0.0,0.0,0.0,0.0,0.0,none,0.0,Feeder Container,16.3,4381.4,11.2,39657.0,170.07,26.86,8.99,9.5,1.036,Syama Prasad Mookerjee (Kolkata & Haldia),Tubarao (BR),Thermal Coal,134.7,138.1,81.4,2.0,12.5,11.4,4.51,3.55,12.04,5.08,3.26,6.53,36484.44,10.38883326135525
2024-01-29,1460.0,real,1970.0,real,1686.0,real,1065.0,real,597.0,real,0.0975829827850511,0.7245202102670609,-0.3618881118881119,10.96222457738863,135.55,real,1708.5,real,111.8,forward_filled_monthly,83.139,real,663.5,509.0,real,37.326525171602206,59.34711572330452,26.57733474643318,1518.0,1357.0,2288.0,1496.857142857143,1796.5333333333333,2135.0,1853.0,3936.0,2135.8571428571427,2841.5,1696.0,1492.0,1906.0,1639.142857142857,1695.4,1065.0,1029.0,1419.0,1047.428571428571,1200.6,596.0,593.0,907.0,595.8571428571429,719.8333333333334,135.55,136.08,134.61,135.5585714285714,137.06233333333333,1729.5,1730.5,1951.0,1734.0,1910.4,83.12,83.17,83.149,83.13214285714285,83.13980000000001,654.0,623.0,623.0,643.6428571428571,634.9833333333333,504.0,490.5,502.0,496.8571428571428,502.53333333333336,111.8,111.8,100.8,111.8,108.5,1,0.0,0.0,0.0,0.0,56.0,1,5,29,0,1,0,0.0,416.0,6.226151511874546e-12,6.226151511874546e-12,0.0,0.0,0.0,none,0.0,Capesize Bulk,12.2,11723.0,40.04,189310.4,277.81,44.12,16.4,1.8,1.0,V.O. Chidambaranar (Tuticorin),Newcastle (AU),Thermal Coal,134.7,138.1,81.4,2.0,12.5,11.4,4.51,3.55,12.04,5.08,3.26,6.53,174165.568,13.92552839607884
2024-01-31,1398.0,real,1891.0,real,1566.0,real,1055.0,real,591.0,real,0.051849321946765,0.8536277545527294,-0.3497674418604651,11.499390521399588,135.13,real,1591.0,real,111.8,forward_filled_monthly,83.1,real,666.0,507.5,real,33.05810364575691,58.03679518790473,26.899634312839755,1397.0,1518.0,2150.0,1464.571428571429,1744.0666666666666,1824.0,2272.0,3530.0,2021.428571428572,2723.333333333333,1636.0,1576.0,1917.0,1650.0,1674.4,1061.0,1027.0,1397.0,1055.857142857143,1177.6333333333334,595.0,594.0,896.0,595.5714285714286,699.4,135.61,135.42,134.85,135.47857142857143,137.10366666666667,1662.0,1737.5,1976.0,1703.428571428571,1887.5,83.125,83.105,83.167,83.13514285714287,83.13803333333334,665.0,634.5,634.0,653.1428571428571,637.25,510.0,491.5,512.0,501.7142857142857,502.48333333333335,111.8,111.8,100.8,111.8,109.23333333333332,1,2.0,0.0,0.0,0.0,58.0,1,5,31,0,1,0,0.0,418.0,5.397313146140227e-12,5.397313146140227e-12,0.0,0.0,0.0,none,0.0,Panamax / Kamsarmax Bulk,13.0,9640.4,30.9,80879.1,224.86,32.23,12.71,5.5,1.004,Kamarajar (Ennore),Muara Pantai (ID),Coking Coal,134.7,138.1,81.4,2.0,12.5,11.4,4.51,3.55,12.04,5.08,3.26,6.53,74408.77200000001,14.980096550826453
2024-02-01,1388.0,real,1924.0,real,1497.0,real,1048.0,real,588.0,real,0.0483202249602948,0.8635905049015421,-0.3349305222807858,12.156935681366337,132.67,real,1631.0,real,97.5,real,82.952,real,660.5,499.5,real,32.40179266254243,35.825453166066055,27.2941614088198,1398.0,1473.0,2087.0,1452.428571428571,1720.7666666666669,1891.0,2099.0,3361.0,1996.428571428572,2675.4333333333334,1566.0,1613.0,1915.0,1633.428571428571,1660.4666666666667,1055.0,1033.0,1378.0,1058.0,1166.6333333333334,591.0,596.0,888.0,594.4285714285714,689.4,135.13,135.48,135.31,135.07714285714286,137.01566666666668,1591.0,1733.0,1980.5,1688.857142857143,1875.85,83.1,83.155,83.219,83.10614285714287,83.12913333333333,666.0,635.5,637.5,656.7142857142857,638.0166666666667,507.5,492.0,509.0,502.7857142857143,502.1666666666667,111.8,111.8,100.8,109.75714285714284,109.12333333333332,2,3.0,0.0,0.0,0.0,59.0,1,5,32,0,1,0,0.0,419.0,5.0252373807783936e-12,5.0252373807783936e-12,0.0,0.0,0.0,none,0.0,Feeder Container,18.5,8545.1,19.25,24422.4,209.37,28.2,10.1,9.0,1.032,V.O. Chidambaranar (Tuticorin),Newcastle (AU),Iron Ore Fines,125.8,124.0,81.4,2.0,11.8,10.7,4.95,3.7,12.29,5.06,3.54,6.95,22468.608000000004,25.061813581359377
2024-02-02,1407.0,real,2030.0,real,1444.0,real,1041.0,real,585.0,real,0.0534769009444918,0.8490330485161743,-0.328080229226361,12.460528150011918,128.63,real,1796.0,real,97.5,forward_filled_monthly,83.004,real,655.0,497.0,real,33.63147475112259,36.227003007559546,27.47631689000715,1388.0,1507.0,2094.0,1438.142857142857,1697.8666666666666,1924.0,2145.0,3398.0,1980.0,2629.833333333333,1497.0,1663.0,1909.0,1602.142857142857,1644.9666666666667,1048.0,1050.0,1369.0,1056.7142857142858,1155.7,588.0,597.0,879.0,592.7142857142857,679.6,132.67,135.49,135.52,134.09714285714284,136.786,1631.0,1746.5,2018.5,1695.928571428571,1868.4333333333327,82.952,83.135,83.191,83.08742857142856,83.1229,660.5,641.0,639.0,658.7142857142857,638.55,499.5,492.5,510.5,503.4285714285714,501.7166666666666,97.5,111.8,100.8,107.71428571428572,109.01333333333332,2,4.0,0.0,0.0,0.0,60.0,1,5,33,0,1,0,0.0,420.0,4.678811484420087e-12,4.678811484420087e-12,0.0,0.0,0.0,none,0.0,Feeder Container,16.1,9451.0,24.46,43533.4,193.83,27.62,11.31,9.6,1.037,Kamarajar (Ennore),Hay Point (AU),Pellets,125.8,124.0,81.4,2.0,11.8,10.7,4.95,3.7,12.29,5.06,3.54,6.95,40050.728,19.30094928807556
2024-02-03,1407.0,real,2030.0,real,1444.0,real,1041.0,real,585.0,real,0.0534769009444918,0.8490330485161743,-0.328080229226361,12.460528150011918,128.63,real,1796.0,real,97.5,forward_filled_monthly,83.004,real,655.0,497.0,real,33.63147475112259,36.227003007559546,27.47631689000715,1388.0,1507.0,2094.0,1438.142857142857,1697.8666666666666,1924.0,2145.0,3398.0,1980.0,2629.833333333333,1497.0,1663.0,1909.0,1602.142857142857,1644.9666666666667,1048.0,1050.0,1369.0,1056.7142857142858,1155.7,588.0,597.0,879.0,592.7142857142857,679.6,132.67,135.49,135.52,134.09714285714284,136.786,1631.0,1746.5,2018.5,1695.928571428571,1868.4333333333327,82.952,83.135,83.191,83.08742857142856,83.1229,660.5,641.0,639.0,658.7142857142857,638.55,499.5,492.5,510.5,503.4285714285714,501.7166666666666,97.5,111.8,100.8,107.71428571428572,109.01333333333332,2,0.0,0.0,0.0,0.0,60.0,1,5,34,0,1,0,0.0,420.0,0.0,0.0,0.0,0.0,0.0,none,0.0,Panamax / Kamsarmax Bulk,12.8,9589.2,31.21,82819.5,225.69,32.28,14.48,6.3,1.01,Visakhapatnam,Port Hedland (AU),Coking Coal,125.8,124.0,81.4,2.0,11.8,10.7,4.95,3.7,12.29,5.06,3.54,6.95,76193.94,14.335841275361927
2024-02-05,1436.0,real,2142.0,real,1419.0,real,1037.0,real,582.0,real,0.0570954770921031,0.8388176957177015,-0.3142311365807068,13.074294625605216,128.94,real,1796.0,real,97.5,forward_filled_monthly,83.041,real,647.5,493.0,real,34.150926989307,36.8398948708917,27.844576775363134,1407.0,1499.0,2094.0,1429.142857142857,1675.9333333333334,2030.0,2086.0,3398.0,1988.0,2587.9666666666667,1444.0,1690.0,1909.0,1563.428571428571,1628.6333333333334,1041.0,1062.0,1369.0,1053.142857142857,1144.6333333333334,585.0,597.0,879.0,590.5714285714286,669.7,128.63,135.54,135.52,133.1542857142857,136.56666666666666,1796.0,1753.5,2004.5,1702.0,1861.483333333333,83.004,83.172,83.169,83.06871428571428,83.11863333333334,655.0,647.0,639.0,658.7857142857143,638.8333333333334,497.0,497.0,510.5,502.8571428571428,501.1333333333333,97.5,111.8,100.8,105.67142857142858,108.90333333333334,2,0.0,0.0,0.0,0.0,63.0,1,6,36,0,1,0,0.0,423.0,3.776351783968079e-12,3.776351783968079e-12,0.0,0.0,0.0,none,0.0,Capesize Bulk,12.4,10432.9,35.06,207022.8,298.75,43.68,16.04,3.1,1.0,Chennai,Hay Point (AU),Lump Iron Ore,125.8,124.0,81.4,2.0,11.8,10.7,4.95,3.7,12.29,5.06,3.54,6.95,190460.976,11.835448948639222
2024-02-08,1473.0,real,2196.0,real,1474.0,real,1050.0,real,570.0,real,0.052622593157002,0.8514447859210792,-0.2965616045845272,13.857375991017362,129.07,real,1796.0,real,97.5,forward_filled_monthly,82.983,real,650.5,499.0,real,34.795134813976894,37.6218603516948,28.31442559461042,1487.0,1397.0,2094.0,1443.571428571429,1615.7333333333331,2263.0,1824.0,3398.0,2116.714285714286,2475.833333333333,1445.0,1636.0,1909.0,1467.571428571429,1582.6333333333334,1047.0,1061.0,1369.0,1045.571428571429,1112.3333333333333,574.0,595.0,879.0,581.0,639.1666666666666,127.03,135.61,136.16,129.83714285714285,135.75033333333332,1796.0,1662.0,1968.0,1743.142857142857,1842.2666666666669,82.982,83.125,83.174,83.01842857142857,83.09953333333334,648.0,665.0,642.0,653.2142857142857,639.5166666666667,496.5,510.0,510.5,498.1428571428572,499.6833333333333,97.5,111.8,100.8,99.54285714285712,108.57333333333332,2,3.0,0.0,0.0,0.0,66.0,1,6,39,0,1,0,0.0,426.0,3.0479605437761054e-12,3.0479605437761054e-12,0.0,0.0,0.0,none,0.0,Panamax / Kamsarmax Bulk,12.6,4494.3,14.86,77164.2,224.45,32.27,12.96,6.3,1.01,Kamarajar (Ennore),Muara Pantai (ID),Lump Iron Ore,125.8,124.0,81.4,2.0,11.8,10.7,4.95,3.7,12.29,5.06,3.54,6.95,70991.064,7.455184031849584
2024-02-09,1545.0,real,2381.0,real,1509.0,real,1053.0,real,568.0,real,0.0568283170868202,0.8395718967062336,-0.2621776504297994,15.381209999386932,128.75,real,1796.0,forward_filled,97.5,forward_filled_monthly,83.005,real,657.0,503.0,real,34.77074085606305,39.143522908933264,29.22872599963216,1473.0,1398.0,2094.0,1464.571428571429,1597.4333333333334,2196.0,1891.0,3398.0,2186.714285714286,2441.9333333333334,1474.0,1566.0,1909.0,1459.428571428571,1569.3,1050.0,1055.0,1369.0,1045.2857142857142,1101.8,570.0,591.0,879.0,577.7142857142857,628.8,129.07,135.13,136.37,128.9257142857143,135.49633333333333,1796.0,1591.0,1957.5,1772.428571428571,1836.8833333333328,82.983,83.1,83.218,83.00485714285715,83.09243333333332,650.5,666.0,637.0,651.9285714285714,640.1833333333333,499.0,507.5,508.0,497.5,499.51666666666665,97.5,111.8,100.8,97.5,108.46333333333332,2,4.0,0.0,0.0,0.0,67.0,1,6,40,0,1,0,0.0,427.0,2.8378426163163608e-12,2.8378426163163608e-12,0.0,0.0,0.0,none,0.0,Panamax / Kamsarmax Bulk,13.9,3113.2,9.33,76644.0,223.71,32.26,13.91,5.3,1.002,V.O. Chidambaranar (Tuticorin),Port Hedland (AU),Coking Coal,125.8,124.0,81.4,2.0,11.8,10.7,4.95,3.7,12.29,5.06,3.54,6.95,70512.48,4.935187800670974
2024-02-12,1572.0,real,2453.0,real,1526.0,real,1048.0,real,569.0,real,0.0563808219082068,0.8408351894873373,-0.2492836676217764,15.952647752525529,128.87,real,1796.0,forward_filled,97.5,forward_filled_monthly,82.975,real,658.0,505.0,real,34.838771341038715,39.71414636789768,29.57158865151532,1545.0,1388.0,2094.0,1490.857142857143,1580.0333333333333,2381.0,1924.0,3398.0,2262.285714285714,2410.4333333333334,1509.0,1497.0,1909.0,1463.571428571429,1556.5333333333333,1053.0,1048.0,1369.0,1045.2857142857142,1091.1,568.0,588.0,879.0,575.0,618.4666666666667,128.75,132.67,136.37,128.38285714285715,135.24633333333335,1796.0,1631.0,1957.5,1796.0,1831.5,83.005,82.952,83.243,83.00814285714286,83.0835,657.0,660.5,637.0,651.5714285714286,640.8833333333333,503.0,499.5,508.0,498.2857142857143,499.4166666666667,97.5,97.5,111.8,97.5,107.98666666666666,2,0.0,0.0,0.0,0.0,70.0,1,7,43,0,1,0,0.0,430.0,2.2904731388371385e-12,2.2904731388371385e-12,0.0,0.0,0.0,none,0.0,Panamax / Kamsarmax Bulk,12.6,5069.6,16.76,67037.6,229.11,32.28,14.02,6.6,1.013,V.O. Chidambaranar (Tuticorin),Richards Bay (ZA),Lump Iron Ore,125.8,124.0,81.4,2.0,11.8,10.7,4.95,3.7,12.29,5.06,3.54,6.95,61674.59200000001,9.445297804364897
2024-02-13,1585.0,real,2476.0,real,1550.0,real,1047.0,real,567.0,real,0.0565350368246353,0.8403998359908675,-0.2427138079311992,16.243811927002575,129.02,real,1796.0,forward_filled,97.5,forward_filled_monthly,83.103,real,660.0,506.0,real,34.628382423248155,39.98889099628797,29.746287156201547,1572.0,1407.0,2093.0,1516.2857142857142,1563.1,2453.0,2030.0,3484.0,2326.0,2376.833333333333,1526.0,1444.0,1872.0,1478.7142857142858,1545.8,1048.0,1041.0,1308.0,1046.142857142857,1082.4,569.0,585.0,808.0,572.4285714285714,610.4333333333333,128.87,128.63,136.37,128.43857142857144,135.00133333333335,1796.0,1796.0,1969.0,1796.0,1825.733333333333,82.975,83.004,83.275,83.0222857142857,83.07776666666665,658.0,655.0,636.0,652.2857142857143,641.6833333333333,505.0,497.0,505.5,499.57142857142856,499.4333333333333,97.5,97.5,111.8,97.5,107.51,2,1.0,0.0,0.0,0.0,71.0,1,7,44,0,1,0,0.0,431.0,2.1325742874831084e-12,2.1325742874831084e-12,0.0,0.0,0.0,none,0.0,Capesize Bulk,13.0,11837.4,37.94,171779.0,296.38,48.08,16.28,2.7,1.0,V.O. Chidambaranar (Tuticorin),Newcastle (AU),Coking Coal,125.8,124.0,81.4,2.0,11.8,10.7,4.95,3.7,12.29,5.06,3.54,6.95,158036.68,15.471926987582885
2024-02-14,1582.0,real,2436.0,real,1582.0,real,1052.0,real,566.0,real,0.0576817264566852,0.8371626955621736,-0.2434241989478718,16.212328695447106,129.1,real,1796.0,forward_filled,97.5,forward_filled_monthly,83.039,real,660.5,507.5,real,30.52796613166907,39.925488389736365,29.727397217268265,1585.0,1436.0,2091.0,1537.142857142857,1546.1333333333334,2476.0,2142.0,3569.0,2368.0,2339.0666666666666,1550.0,1419.0,1808.0,1502.0,1538.2666666666669,1047.0,1037.0,1271.0,1048.2857142857142,1075.1,567.0,582.0,745.0,570.1428571428571,604.4666666666667,129.02,128.94,144.16,128.46142857142857,134.49933333333334,1796.0,1796.0,1976.5,1796.0,1819.7166666666667,83.103,83.041,83.291,83.022,83.06936666666667,660.0,647.5,633.5,654.1428571428571,642.5833333333334,506.0,493.0,504.0,501.6428571428572,499.55,97.5,97.5,111.8,97.5,107.03333333333332,2,2.0,0.0,0.0,0.0,72.0,1,7,45,0,1,0,0.0,432.0,1.985560544029346e-12,1.985560544029346e-12,0.0,0.0,0.0,none,0.0,Feeder Container,17.0,10382.9,25.45,25057.3,179.34,25.37,9.69,10.4,1.043,Visakhapatnam,Tubarao (BR),Iron Ore Fines,125.8,124.0,81.4,2.0,11.8,10.7,4.95,3.7,12.29,5.06,3.54,6.95,23052.716,34.202945390243194
2024-02-15,1581.0,real,2394.0,real,1623.0,real,1058.0,real,567.0,real,0.0439233820265418,0.8760029289975249,-0.2420901246404602,16.271452430610832,129.17,real,1796.0,forward_filled,97.5,forward_filled_monthly,82.993,real,661.0,507.0,real,30.575611230943373,39.9043541875525,29.7628714583665,1582.0,1516.0,2086.0,1546.428571428571,1529.3,2436.0,2371.0,3651.0,2371.285714285714,2297.1666666666665,1582.0,1428.0,1727.0,1529.857142857143,1534.8,1052.0,1041.0,1236.0,1050.7142857142858,1069.1666666666667,566.0,577.0,716.0,568.7142857142857,599.5,129.1,127.39,142.95,128.71571428571428,134.04000000000002,1796.0,1796.0,1999.5,1796.0,1812.9333333333327,83.039,83.067,83.248,83.01142857142857,83.06086666666667,660.5,645.0,633.5,656.4285714285714,643.5,507.5,494.5,506.0,503.4285714285714,499.5833333333333,97.5,97.5,111.8,97.5,106.55666666666666,2,3.0,0.0,0.0,0.0,73.0,1,7,46,0,1,0,0.0,433.0,1.8486815193945983e-12,1.8486815193945983e-12,0.0,0.0,0.0,none,0.0,Capesize Bulk,13.8,6779.1,20.47,165134.5,292.65,46.22,18.1,3.7,1.0,Paradip,Richards Bay (ZA),Coking Coal,125.8,124.0,81.4,2.0,11.8,10.7,4.95,3.7,12.29,5.06,3.54,6.95,151923.74000000002,8.539816654217438
2024-02-16,1610.0,real,2448.0,real,1646.0,real,1071.0,real,572.0,real,0.0388352093720857,0.8903669983564417,-0.2369668246445497,16.498507723138164,129.29,real,1796.0,forward_filled,97.5,forward_filled_monthly,83.018,real,665.0,508.0,real,31.369628774047708,40.51724605088466,29.899104633882896,1581.0,1487.0,2110.0,1564.0,1512.6333333333334,2394.0,2263.0,3798.0,2397.714285714286,2252.1666666666665,1623.0,1445.0,1666.0,1558.571428571429,1534.1333333333334,1058.0,1047.0,1212.0,1054.142857142857,1064.4666666666667,567.0,574.0,695.0,568.4285714285714,595.4,129.17,127.03,141.45,129.03857142857143,133.63466666666667,1796.0,1796.0,2000.0,1796.0,1806.1333333333328,82.993,82.982,83.132,83.01657142857142,83.05706666666667,661.0,648.0,635.0,658.8571428571429,644.5,507.0,496.5,505.0,505.07142857142856,499.6833333333333,97.5,97.5,111.8,97.5,106.07999999999998,2,4.0,0.0,0.0,0.0,74.0,1,7,47,0,1,0,0.0,434.0,1.7212385542349885e-12,1.7212385542349885e-12,0.0,0.0,0.0,none,0.0,Feeder Container,16.0,11856.5,30.88,35317.1,189.27,28.94,10.42,9.0,1.032,Chennai,Hay Point (AU),Pellets,125.8,124.0,81.4,2.0,11.8,10.7,4.95,3.7,12.29,5.06,3.54,6.95,32491.732,30.769156847049214
2024-02-17,1610.0,real,2448.0,real,1646.0,real,1071.0,real,572.0,real,0.0388352093720857,0.8903669983564417,-0.2369668246445497,16.498507723138164,129.29,real,1796.0,forward_filled,97.5,forward_filled_monthly,83.018,real,665.0,508.0,real,31.369628774047708,40.51724605088466,29.899104633882896,1581.0,1487.0,2110.0,1564.0,1512.6333333333334,2394.0,2263.0,3798.0,2397.714285714286,2252.1666666666665,1623.0,1445.0,1666.0,1558.571428571429,1534.1333333333334,1058.0,1047.0,1212.0,1054.142857142857,1064.4666666666667,567.0,574.0,695.0,568.4285714285714,595.4,129.17,127.03,141.45,129.03857142857143,133.63466666666667,1796.0,1796.0,2000.0,1796.0,1806.1333333333328,82.993,82.982,83.132,83.01657142857142,83.05706666666667,661.0,648.0,635.0,658.8571428571429,644.5,507.0,496.5,505.0,505.07142857142856,499.6833333333333,97.5,97.5,111.8,97.5,106.07999999999998,2,0.0,0.0,0.0,0.0,74.0,1,7,48,0,1,0,0.0,434.0,0.0,0.0,0.0,0.0,0.0,none,0.0,Aframax / Suezmax Tanker,13.8,2806.4,8.47,143975.3,265.88,44.56,15.0,14.8,1.078,V.O. Chidambaranar (Tuticorin),Port Hedland (AU),Coking Coal,125.8,124.0,81.4,2.0,11.8,10.7,4.95,3.7,12.29,5.06,3.54,6.95,132457.27599999998,3.301334225602179
2024-02-19,1629.0,real,2457.0,real,1681.0,real,1090.0,real,577.0,real,0.0347239896385551,0.9019730992914132,-0.1943620178041543,18.38667489818904,129.29,forward_filled,1796.0,real,97.5,forward_filled_monthly,83.031,real,666.0,509.0,real,31.304229986489744,40.918795892378135,31.032004938913428,1610.0,1473.0,2022.0,1586.2857142857142,1499.5333333333333,2448.0,2196.0,3599.0,2435.0,2214.1,1646.0,1474.0,1605.0,1588.142857142857,1536.6666666666667,1071.0,1050.0,1194.0,1059.857142857143,1061.0,572.0,570.0,680.0,569.4285714285714,591.9666666666667,129.29,129.07,140.87,129.07,133.24866666666668,1796.0,1796.0,2014.5,1796.0,1798.85,83.018,82.983,83.05,83.02342857142857,83.05643333333333,665.0,650.5,631.5,661.0714285714286,645.65,508.0,499.0,504.0,506.5,499.85,97.5,97.5,111.8,97.5,105.60333333333332,2,0.0,0.0,0.0,0.0,77.0,1,8,50,0,1,0,0.0,437.0,1.389242183952956e-12,1.389242183952956e-12,0.0,0.0,0.0,none,0.0,Panamax / Kamsarmax Bulk,13.7,10512.5,31.97,74784.3,223.42,32.29,12.55,6.2,1.01,Visakhapatnam,Port Hedland (AU),Iron Ore Fines,125.8,124.0,81.4,2.0,11.8,10.7,4.95,3.7,12.29,5.06,3.54,6.95,68801.55600000001,16.90215571403315
2024-02-20,1632.0,real,2409.0,real,1706.0,real,1129.0,real,596.0,real,0.0201689482358773,0.9430624330126012,-0.1296,21.256809168858336,127.92,real,1850.0,real,97.5,forward_filled_monthly,82.895,real,665.5,508.5,real,30.622502526410333,40.98219849892975,32.754085501315004,1629.0,1545.0,1875.0,1598.7142857142858,1491.4333333333334,2457.0,2381.0,3249.0,2439.0,2186.1,1681.0,1509.0,1534.0,1616.2857142857142,1542.4,1090.0,1053.0,1162.0,1070.7142857142858,1059.9,577.0,568.0,661.0,573.4285714285714,589.8,129.29,128.75,140.52,128.95142857142858,132.82866666666666,1796.0,1796.0,2079.5,1803.7142857142856,1791.2,83.031,83.005,83.114,83.00771428571429,83.04913333333333,666.0,657.0,625.5,662.2857142857143,646.9833333333333,509.0,503.0,496.5,507.2857142857143,500.25,97.5,97.5,111.8,97.5,105.12666666666664,2,1.0,0.0,0.0,0.0,78.0,1,8,51,0,1,0,0.0,438.0,1.293471689473329e-12,1.293471689473329e-12,0.0,0.0,0.0,none,0.0,Aframax / Suezmax Tanker,13.3,4595.2,14.4,82061.6,261.12,45.96,16.06,11.2,1.05,Kamarajar (Ennore),Richards Bay (ZA),Thermal Coal,125.8,124.0,81.4,2.0,11.8,10.7,4.95,3.7,12.29,5.06,3.54,6.95,75496.672,7.7631246086608945
2024-02-26,1871.0,real,3163.0,real,1578.0,real,1198.0,real,639.0,real,0.053913243302763,0.8478012404931207,0.375735294117647,43.6523458584636,126.11,real,1647.5,real,97.5,forward_filled_monthly,82.874,real,656.5,504.5,real,27.879621373654,46.03327282087408,46.19140751507816,1866.0,1581.0,1360.0,1719.428571428571,1529.0,3145.0,2394.0,1880.0,2707.8571428571427,2268.4,1595.0,1623.0,1412.0,1643.2857142857142,1567.8333333333333,1189.0,1058.0,1078.0,1143.571428571429,1070.1,628.0,567.0,605.0,606.1428571428571,590.0666666666667,126.85,129.17,137.22,127.79714285714284,131.383,1690.0,1796.0,1990.5,1774.2857142857142,1752.3833333333334,82.887,82.993,82.832,82.926,83.04073333333332,663.0,661.0,626.0,662.5714285714286,651.6166666666667,510.5,507.0,497.0,508.7142857142857,501.4666666666666,97.5,97.5,111.8,97.5,103.22,2,0.0,0.0,0.0,0.0,84.0,1,9,57,0,1,0,0.0,444.0,8.42617978333606e-13,8.42617978333606e-13,0.0,0.0,0.0,none,0.0,Panamax / Kamsarmax Bulk,14.2,3339.3,9.8,69713.7,227.14,32.29,12.75,5.0,1.0,Visakhapatnam,Hay Point (AU),Lump Iron Ore,125.8,124.0,81.4,2.0,11.8,10.7,4.95,3.7,12.29,5.06,3.54,6.95,64136.604,5.619076843201739
2024-02-28,2041.0,real,3596.0,real,1627.0,real,1239.0,real,686.0,real,0.0575378841625387,0.8375687668239371,0.5603975535168195,51.83623970815137,125.36,real,1679.5,real,97.5,forward_filled_monthly,82.925,real,662.0,506.0,real,35.952733611411404,49.62608719213157,51.10174382489082,1899.0,1629.0,1308.0,1819.571428571429,1572.6,3224.0,2457.0,1733.0,2981.428571428572,2378.6666666666665,1581.0,1681.0,1446.0,1626.2857142857142,1579.2,1220.0,1090.0,1039.0,1186.142857142857,1082.1,667.0,577.0,596.0,635.2857142857143,595.3,125.84,129.29,135.79,126.74285714285716,130.67166666666668,1635.5,1796.0,1734.5,1734.7142857142858,1748.25,82.905,83.031,83.187,82.89471428571429,83.02586666666666,657.5,666.0,623.5,660.9285714285714,654.0,503.5,509.0,494.0,507.6428571428572,502.15,97.5,97.5,111.8,97.5,102.26666666666668,2,2.0,0.0,0.0,0.0,86.0,1,9,59,0,1,0,0.0,446.0,7.30446903349581e-13,7.30446903349581e-13,0.0,0.0,1.0,rate_shock,0.0,Panamax / Kamsarmax Bulk,13.6,6796.7,20.82,81784.2,220.32,32.29,14.28,6.1,1.009,Chennai,Tubarao (BR),Iron Ore Fines,125.8,124.0,81.4,2.0,11.8,10.7,4.95,3.7,12.29,5.06,3.54,6.95,75241.464,10.312707969148905
2024-02-29,2111.0,real,3743.0,real,1681.0,real,1257.0,real,708.0,real,0.0478058524441029,0.8650425944827459,0.5556374355195284,51.62527997805508,124.86,real,1697.5,real,97.5,forward_filled_monthly,82.91,real,662.0,506.0,real,36.21340747516147,51.1054813450023,50.97516798683305,2041.0,1632.0,1357.0,1888.0,1597.7333333333331,3596.0,2409.0,1853.0,3172.0,2441.6666666666665,1627.0,1706.0,1492.0,1622.7142857142858,1585.5,1239.0,1129.0,1029.0,1204.428571428571,1089.7,686.0,596.0,593.0,651.2857142857143,599.1333333333333,125.36,127.92,136.08,126.30571428571427,130.29766666666666,1679.5,1850.0,1730.5,1712.928571428571,1747.15,82.925,82.895,83.17,82.89685714285714,83.0172,662.0,665.5,623.0,660.4285714285714,655.3,506.0,508.5,490.5,507.2857142857143,502.6666666666667,97.5,97.5,111.8,97.5,101.79,2,3.0,0.0,0.0,0.0,87.0,1,9,60,0,1,0,0.0,447.0,6.80091924258858e-13,6.80091924258858e-13,0.0,0.0,0.0,none,0.0,Panamax / Kamsarmax Bulk,14.4,7618.5,22.04,70712.5,227.35,32.2,13.67,4.4,1.0,Chennai,Hay Point (AU),Iron Ore Fines,125.8,124.0,81.4,2.0,11.8,10.7,4.95,3.7,12.29,5.06,3.54,6.95,65055.5,12.199525380636532
2024-03-01,2203.0,real,3977.0,real,1723.0,real,1267.0,real,722.0,real,0.0476297234812574,0.8655398120125423,0.4657351962741185,47.64097703912459,113.89,real,1650.0,real,100.0,real,82.846,real,662.0,508.5,real,28.59339790514084,56.89598179207196,48.58458622347476,2111.0,1676.0,1503.0,1963.2857142857144,1621.0666666666666,3743.0,2543.0,2244.0,3376.8571428571427,2499.4333333333334,1681.0,1673.0,1550.0,1629.857142857143,1591.2666666666669,1257.0,1154.0,1030.0,1220.571428571429,1097.6,708.0,613.0,594.0,666.8571428571429,603.4,124.86,127.3,135.88,124.39,129.56466666666668,1697.5,1875.0,1729.5,1680.7857142857142,1744.5,82.91,82.935,83.099,82.88414285714285,83.00876666666666,662.0,660.5,630.0,660.6428571428571,656.3666666666667,506.0,509.0,492.0,507.2142857142857,503.2166666666666,97.5,97.5,111.8,97.85714285714286,101.39666666666666,3,4.0,0.0,0.0,0.0,88.0,1,9,61,0,0,1,0.0,448.0,6.33208277454709e-13,6.33208277454709e-13,0.0,0.0,0.0,none,0.0,Feeder Container,17.0,5329.9,13.06,30141.1,168.46,32.04,11.06,10.1,1.041,Syama Prasad Mookerjee (Kolkata & Haldia),Newcastle (AU),Pellets,129.8,109.7,88.3,-7.7,12.7,11.7,4.6,3.55,12.46,5.08,3.44,6.54,27729.812,18.46279630057912
2024-03-02,2203.0,real,3977.0,real,1723.0,real,1267.0,real,722.0,real,0.0476297234812574,0.8655398120125423,0.4657351962741185,47.64097703912459,113.89,real,1650.0,real,100.0,real,82.846,real,662.0,508.5,real,28.59339790514084,56.89598179207196,48.58458622347476,2111.0,1676.0,1503.0,1963.2857142857144,1621.0666666666666,3743.0,2543.0,2244.0,3376.8571428571427,2499.4333333333334,1681.0,1673.0,1550.0,1629.857142857143,1591.2666666666669,1257.0,1154.0,1030.0,1220.571428571429,1097.6,708.0,613.0,594.0,666.8571428571429,603.4,124.86,127.3,135.88,124.39,129.56466666666668,1697.5,1875.0,1729.5,1680.7857142857142,1744.5,82.91,82.935,83.099,82.88414285714285,83.00876666666666,662.0,660.5,630.0,660.6428571428571,656.3666666666667,506.0,509.0,492.0,507.2142857142857,503.2166666666666,97.5,97.5,111.8,97.85714285714286,101.39666666666666,3,0.0,0.0,0.0,0.0,88.0,1,9,62,0,0,1,0.0,448.0,0.0,0.0,0.0,0.0,0.0,none,0.0,Capesize Bulk,12.6,8515.3,28.16,192983.8,278.13,44.42,16.78,2.1,1.0,Chennai,Muara Pantai (ID),Lump Iron Ore,129.8,109.7,88.3,-7.7,12.7,11.7,4.6,3.55,12.46,5.08,3.44,6.54,177545.096,13.709477575089997
2024-03-06,2176.0,real,3769.0,real,1823.0,real,1312.0,real,758.0,real,0.0657026369991036,0.8145194161026874,0.4439283344392832,46.67453677660553,116.96,real,1780.0,real,100.0,forward_filled_monthly,82.805,real,663.5,511.0,real,34.123339461247724,56.325358333107545,48.004722065963314,2291.0,1871.0,1507.0,2145.428571428572,1696.6,4148.0,3163.0,2145.0,3808.857142857143,2686.3,1805.0,1578.0,1663.0,1716.142857142857,1609.5666666666666,1297.0,1198.0,1050.0,1267.7142857142858,1123.6333333333334,753.0,639.0,597.0,719.2857142857143,618.9,116.21,126.11,135.49,120.0085714285714,127.68866666666666,1780.0,1647.5,1746.5,1714.642857142857,1748.6,82.896,82.874,83.135,82.88614285714286,82.98283333333332,666.0,656.5,641.0,662.7857142857143,659.2,510.5,504.5,492.5,508.4285714285714,505.1833333333333,100.0,97.5,111.8,98.92857142857144,100.21666666666668,3,2.0,0.0,0.0,0.0,93.0,1,10,66,0,0,1,0.0,453.0,4.43038442173673e-13,4.43038442173673e-13,0.0,0.0,0.0,none,0.0,Capesize Bulk,12.1,10611.0,36.54,181788.5,290.08,48.82,16.38,3.0,1.0,Visakhapatnam,Port Hedland (AU),Iron Ore Fines,129.8,109.7,88.3,-7.7,12.7,11.7,4.6,3.55,12.46,5.08,3.44,6.54,167245.42,17.947407603347223
2024-03-07,2251.0,real,3979.0,real,1840.0,real,1317.0,real,759.0,real,0.0664094481867369,0.8125240661780085,0.5016677785190127,49.23344341419325,117.96,real,1780.0,real,100.0,forward_filled_monthly,82.713,real,663.5,512.5,real,34.44480850101409,57.910423496897614,49.54006604851595,2176.0,1899.0,1499.0,2195.714285714286,1721.6666666666667,3769.0,3224.0,2086.0,3916.714285714286,2749.4,1823.0,1581.0,1690.0,1753.142857142857,1614.5666666666666,1312.0,1220.0,1062.0,1281.571428571429,1132.1333333333334,758.0,667.0,597.0,732.4285714285714,624.3,116.96,125.84,135.54,118.88285714285712,127.10266666666666,1780.0,1635.5,1753.5,1735.2857142857142,1749.4833333333331,82.805,82.905,83.172,82.85871428571429,82.96753333333332,663.5,657.5,647.0,663.6428571428571,659.75,511.0,503.5,497.0,509.7142857142857,505.7,100.0,97.5,111.8,99.28571428571428,99.82333333333332,3,3.0,0.0,0.0,0.0,94.0,1,10,67,0,0,1,0.0,454.0,4.124966034859578e-13,4.124966034859578e-13,0.0,0.0,0.0,none,0.0,Panamax / Kamsarmax Bulk,13.7,5089.4,15.48,81455.2,225.18,32.25,13.13,6.3,1.01,Chennai,Muara Pantai (ID),Lump Iron Ore,129.8,109.7,88.3,-7.7,12.7,11.7,4.6,3.55,12.46,5.08,3.44,6.54,74938.784,8.219406689056925
2024-03-08,2345.0,real,4245.0,real,1861.0,real,1318.0,real,762.0,real,0.058347571741146,0.8352829936538811,0.5447957839262187,51.144797793532746,117.05,real,1780.0,real,100.0,forward_filled_monthly,82.744,real,661.0,513.5,real,34.69742791741984,59.897038502181154,50.68687867611965,2251.0,2041.0,1518.0,2239.1428571428573,1749.2333333333331,3979.0,3596.0,2135.0,4009.428571428572,2819.733333333333,1840.0,1627.0,1696.0,1786.571428571429,1620.0666666666666,1317.0,1239.0,1065.0,1292.857142857143,1140.5666666666666,759.0,686.0,596.0,743.2857142857143,629.8333333333334,117.96,125.36,135.55,117.69571428571427,126.486,1780.0,1679.5,1729.5,1749.642857142857,1751.1666666666667,82.713,82.925,83.12,82.83285714285714,82.95499999999998,663.5,662.0,654.0,663.5,659.9833333333333,512.5,506.0,504.0,510.7857142857143,506.01666666666665,100.0,97.5,111.8,99.64285714285714,99.43,3,4.0,0.0,0.0,0.0,95.0,1,10,68,0,0,1,0.0,455.0,3.840602342601048e-13,3.840602342601048e-13,0.0,0.0,0.0,none,0.0,Panamax / Kamsarmax Bulk,14.1,3153.8,9.32,73992.0,221.89,32.25,13.56,5.9,1.007,Syama Prasad Mookerjee (Kolkata & Haldia),Hay Point (AU),Coking Coal,129.8,109.7,88.3,-7.7,12.7,11.7,4.6,3.55,12.46,5.08,3.44,6.54,68072.64,5.522913973105435
2024-03-09,2345.0,real,4245.0,real,1861.0,real,1318.0,real,762.0,real,0.058347571741146,0.8352829936538811,0.5447957839262187,51.144797793532746,117.05,real,1780.0,real,100.0,forward_filled_monthly,82.744,real,661.0,513.5,real,34.69742791741984,59.897038502181154,50.68687867611965,2251.0,2041.0,1518.0,2239.1428571428573,1749.2333333333331,3979.0,3596.0,2135.0,4009.428571428572,2819.733333333333,1840.0,1627.0,1696.0,1786.571428571429,1620.0666666666666,1317.0,1239.0,1065.0,1292.857142857143,1140.5666666666666,759.0,686.0,596.0,743.2857142857143,629.8333333333334,117.96,125.36,135.55,117.69571428571427,126.486,1780.0,1679.5,1729.5,1749.642857142857,1751.1666666666667,82.713,82.925,83.12,82.83285714285714,82.95499999999998,663.5,662.0,654.0,663.5,659.9833333333333,512.5,506.0,504.0,510.7857142857143,506.01666666666665,100.0,97.5,111.8,99.64285714285714,99.43,3,0.0,0.0,0.0,0.0,95.0,1,10,69,0,0,1,0.0,455.0,0.0,0.0,0.0,0.0,0.0,none,0.0,Supramax / Ultramax Bulk,14.7,5347.6,15.16,56038.2,190.69,32.27,12.0,7.5,1.02,Kamarajar (Ennore),Muara Pantai (ID),Coking Coal,129.8,109.7,88.3,-7.7,12.7,11.7,4.6,3.55,12.46,5.08,3.44,6.54,51555.144,9.944150675217356
2024-03-11,2377.0,real,4314.0,real,1893.0,real,1316.0,real,764.0,real,0.0580058419891787,0.8362477073522194,0.6280821917808219,54.83589917624945,113.0,real,1640.5,real,100.0,forward_filled_monthly,82.731,real,658.0,511.0,real,28.583480621924988,60.57333297206492,52.90153950574967,2345.0,2111.0,1460.0,2277.1428571428573,1779.8,4245.0,3743.0,1970.0,4091.0,2897.866666666667,1861.0,1681.0,1686.0,1816.857142857143,1626.9666666666667,1318.0,1257.0,1065.0,1301.2857142857142,1148.9333333333334,762.0,708.0,597.0,751.2857142857143,635.4,117.05,124.86,135.55,116.00142857142858,125.73433333333332,1780.0,1697.5,1708.5,1741.5,1748.9,82.744,82.91,83.139,82.80728571428573,82.94139999999999,661.0,662.0,663.5,662.9285714285714,659.8,513.5,506.0,509.0,511.5,506.0833333333333,100.0,97.5,111.8,100.0,99.03666666666666,3,0.0,0.0,0.0,0.0,98.0,1,11,71,0,0,1,0.0,458.0,3.0998183099037773e-13,3.0998183099037773e-13,0.0,0.0,0.0,none,0.0,Capesize Bulk,14.0,2654.3,7.9,190164.7,276.48,47.14,18.28,1.6,1.0,Visakhapatnam,Newcastle (AU),Coking Coal,129.8,109.7,88.3,-7.7,12.7,11.7,4.6,3.55,12.46,5.08,3.44,6.54,174951.524,4.210785432815093
2024-03-13,2370.0,real,4189.0,real,2043.0,real,1301.0,real,769.0,real,0.0571175922824336,0.8387552638488627,0.6952789699570816,57.81393757686693,111.77,real,1780.0,real,100.0,forward_filled_monthly,82.835,real,657.5,512.0,real,36.823496454154736,60.42539355677785,54.68836254612016,2315.0,2297.0,1398.0,2303.5714285714284,1842.8,4092.0,4205.0,1891.0,4105.142857142857,3050.0666666666666,1949.0,1773.0,1566.0,1887.7142857142856,1653.3,1306.0,1282.0,1055.0,1309.571428571429,1165.3,766.0,741.0,591.0,761.5714285714286,647.0333333333333,113.15,116.94,135.13,115.15714285714286,124.207,1748.0,1780.0,1591.0,1755.5,1758.0666666666666,82.786,82.916,83.1,82.78714285714285,82.92126666666667,656.5,666.5,666.0,660.8571428571429,659.2333333333333,511.5,513.5,507.5,511.7142857142857,506.28333333333336,100.0,100.0,111.8,100.0,98.25,3,2.0,0.0,0.0,0.0,100.0,1,11,73,0,0,1,0.0,460.0,2.6871639860965533e-13,2.6871639860965533e-13,0.0,0.0,0.0,none,0.0,Feeder Container,17.6,10582.7,25.05,35578.4,177.8,30.68,9.2,9.7,1.038,Chennai,Hay Point (AU),Coking Coal,129.8,109.7,88.3,-7.7,12.7,11.7,4.6,3.55,12.46,5.08,3.44,6.54,32732.128000000004,30.758164504710475
2024-03-16,2374.0,real,4019.0,real,2234.0,real,1326.0,real,781.0,real,0.0439808819773656,0.8758406048513416,0.6872778962331201,57.45934461210263,109.61,real,1497.0,real,100.0,forward_filled_monthly,82.888,real,666.0,519.0,real,23.029254496368573,60.50993036551331,54.47560676726158,2350.0,2176.0,1407.0,2340.285714285714,1907.1,4042.0,3769.0,2030.0,4125.714285714285,3186.9666666666667,2133.0,1823.0,1444.0,1993.2857142857144,1700.8333333333333,1314.0,1312.0,1041.0,1314.0,1183.6666666666667,777.0,758.0,585.0,768.2857142857143,659.8666666666667,110.94,116.96,128.63,113.3542857142857,122.84866666666667,1772.0,1780.0,1796.0,1713.928571428571,1752.8,82.943,82.805,83.004,82.80571428571429,82.91709999999999,664.5,663.5,655.0,661.0,659.7333333333333,518.5,511.0,497.0,514.0,507.65,100.0,100.0,97.5,100.0,98.41666666666669,3,0.0,0.0,0.0,0.0,102.0,1,11,76,0,0,1,0.0,462.0,0.0,0.0,0.0,0.0,0.0,none,0.0,Panamax / Kamsarmax Bulk,12.5,2849.5,9.5,83087.2,228.17,32.28,12.61,5.2,1.002,Paradip,Port Hedland (AU),Coking Coal,129.8,109.7,88.3,-7.7,12.7,11.7,4.6,3.55,12.46,5.08,3.44,6.54,76440.224,5.578877293265911
2024-03-17,2374.0,real,4019.0,real,2234.0,real,1326.0,real,781.0,real,0.0439808819773656,0.8758406048513416,0.6872778962331201,57.45934461210263,109.61,real,1497.0,real,100.0,forward_filled_monthly,82.888,real,666.0,519.0,real,23.029254496368573,60.50993036551331,54.47560676726158,2350.0,2176.0,1407.0,2340.285714285714,1907.1,4042.0,3769.0,2030.0,4125.714285714285,3186.9666666666667,2133.0,1823.0,1444.0,1993.2857142857144,1700.8333333333333,1314.0,1312.0,1041.0,1314.0,1183.6666666666667,777.0,758.0,585.0,768.2857142857143,659.8666666666667,110.94,116.96,128.63,113.3542857142857,122.84866666666667,1772.0,1780.0,1796.0,1713.928571428571,1752.8,82.943,82.805,83.004,82.80571428571429,82.91709999999999,664.5,663.5,655.0,661.0,659.7333333333333,518.5,511.0,497.0,514.0,507.65,100.0,100.0,97.5,100.0,98.41666666666669,3,0.0,0.0,0.0,0.0,102.0,1,11,77,0,0,1,0.0,462.0,0.0,0.0,0.0,0.0,0.0,none,0.0,Capesize Bulk,12.6,2799.3,9.26,207740.3,285.55,43.51,17.57,1.3,1.0,Kamarajar (Ennore),Muara Pantai (ID),Iron Ore Fines,129.8,109.7,88.3,-7.7,12.7,11.7,4.6,3.55,12.46,5.08,3.44,6.54,191121.076,4.441897259460804
2024-03-18,2419.0,real,4089.0,real,2298.0,real,1338.0,real,783.0,real,0.0395060714589678,0.8884731338591741,0.684540389972145,57.338023337655066,110.47,real,1506.5,real,100.0,forward_filled_monthly,82.925,real,669.5,528.5,real,23.67812818117604,61.46096946378736,54.40281400259304,2374.0,2251.0,1436.0,2364.285714285714,1939.8666666666663,4019.0,3979.0,2142.0,4141.428571428572,3251.866666666667,2234.0,1840.0,1419.0,2058.714285714286,1730.1333333333334,1326.0,1317.0,1037.0,1317.0,1193.7,781.0,759.0,582.0,771.7142857142857,666.5666666666667,109.61,117.96,128.94,112.28428571428572,122.233,1497.0,1780.0,1796.0,1674.857142857143,1743.15,82.888,82.713,83.041,82.836,82.91323333333334,666.0,663.5,647.5,661.8571428571429,660.4666666666667,519.0,512.5,493.0,516.2857142857143,508.8333333333333,100.0,100.0,97.5,100.0,98.5,3,0.0,0.0,0.0,0.0,105.0,1,12,78,0,0,1,0.0,465.0,1.880134844495237e-13,1.880134844495237e-13,0.0,0.0,0.0,none,0.0,Capesize Bulk,14.1,5118.5,15.13,197674.7,271.04,47.08,18.49,1.8,1.0,Visakhapatnam,Hay Point (AU),Lump Iron Ore,129.8,109.7,88.3,-7.7,12.7,11.7,4.6,3.55,12.46,5.08,3.44,6.54,181860.724,7.482350661118559
2024-03-22,2196.0,real,3482.0,real,2165.0,real,1383.0,real,795.0,real,0.0283358202411077,0.920007099812422,0.4213592233009708,45.67431501803551,110.64,real,1581.5,real,100.0,forward_filled_monthly,83.587,real,665.0,526.0,real,26.18018457568586,56.74804237678489,47.4045890108213,2240.0,2370.0,1545.0,2322.1428571428573,2042.9,3588.0,4189.0,2381.0,3842.857142857143,3436.5,2204.0,2043.0,1509.0,2227.285714285714,1832.4666666666667,1379.0,1301.0,1053.0,1351.571428571429,1236.7666666666669,795.0,769.0,568.0,787.0,695.8666666666667,110.94,111.77,128.75,110.51428571428572,119.911,1581.5,1780.0,1796.0,1578.071428571429,1712.7166666666667,83.202,82.835,83.005,83.11157142857142,82.94616666666667,668.0,657.5,657.0,668.0,662.9833333333333,527.5,512.0,503.0,525.3571428571429,512.7833333333333,100.0,100.0,97.5,100.0,98.83333333333331,3,4.0,0.0,0.0,0.0,109.0,1,12,82,0,0,1,0.0,469.0,1.4128786435578056e-13,1.4128786435578056e-13,0.0,0.0,0.0,none,0.0,Panamax / Kamsarmax Bulk,13.8,8418.1,25.42,80179.5,225.01,32.29,12.79,5.1,1.001,Syama Prasad Mookerjee (Kolkata & Haldia),Muara Pantai (ID),Coking Coal,129.8,109.7,88.3,-7.7,12.7,11.7,4.6,3.55,12.46,5.08,3.44,6.54,73765.14,14.308567767028844
2024-03-23,2196.0,real,3482.0,real,2165.0,real,1383.0,real,795.0,real,0.0283358202411077,0.920007099812422,0.4213592233009708,45.67431501803551,110.64,real,1581.5,real,100.0,forward_filled_monthly,83.587,real,665.0,526.0,real,26.18018457568586,56.74804237678489,47.4045890108213,2240.0,2370.0,1545.0,2322.1428571428573,2042.9,3588.0,4189.0,2381.0,3842.857142857143,3436.5,2204.0,2043.0,1509.0,2227.285714285714,1832.4666666666667,1379.0,1301.0,1053.0,1351.571428571429,1236.7666666666669,795.0,769.0,568.0,787.0,695.8666666666667,110.94,111.77,128.75,110.51428571428572,119.911,1581.5,1780.0,1796.0,1578.071428571429,1712.7166666666667,83.202,82.835,83.005,83.11157142857142,82.94616666666667,668.0,657.5,657.0,668.0,662.9833333333333,527.5,512.0,503.0,525.3571428571429,512.7833333333333,100.0,100.0,97.5,100.0,98.83333333333331,3,0.0,0.0,0.0,0.0,109.0,1,12,83,0,0,1,0.0,469.0,0.0,0.0,0.0,0.0,0.0,none,0.0,Feeder Container,16.4,7373.1,18.73,25687.0,168.31,27.4,11.32,9.3,1.034,Kamarajar (Ennore),Richards Bay (ZA),Iron Ore Fines,129.8,109.7,88.3,-7.7,12.7,11.7,4.6,3.55,12.46,5.08,3.44,6.54,23632.04,29.86026901233326
2024-03-24,2196.0,real,3482.0,real,2165.0,real,1383.0,real,795.0,real,0.0283358202411077,0.920007099812422,0.4213592233009708,45.67431501803551,110.64,real,1581.5,real,100.0,forward_filled_monthly,83.587,real,665.0,526.0,real,26.18018457568586,56.74804237678489,47.4045890108213,2240.0,2370.0,1545.0,2322.1428571428573,2042.9,3588.0,4189.0,2381.0,3842.857142857143,3436.5,2204.0,2043.0,1509.0,2227.285714285714,1832.4666666666667,1379.0,1301.0,1053.0,1351.571428571429,1236.7666666666669,795.0,769.0,568.0,787.0,695.8666666666667,110.94,111.77,128.75,110.51428571428572,119.911,1581.5,1780.0,1796.0,1578.071428571429,1712.7166666666667,83.202,82.835,83.005,83.11157142857142,82.94616666666667,668.0,657.5,657.0,668.0,662.9833333333333,527.5,512.0,503.0,525.3571428571429,512.7833333333333,100.0,100.0,97.5,100.0,98.83333333333331,3,0.0,0.0,0.0,0.0,109.0,1,12,84,0,0,1,0.0,469.0,0.0,0.0,0.0,0.0,0.0,none,0.0,Feeder Container,15.7,4639.8,12.31,20490.3,193.57,28.77,11.2,10.5,1.044,Chennai,Richards Bay (ZA),Pellets,129.8,109.7,88.3,-7.7,12.7,11.7,4.6,3.55,12.46,5.08,3.44,6.54,18851.076,24.85513959835693
2024-03-25,2123.0,real,3295.0,real,2120.0,real,1386.0,real,792.0,real,0.0301767504878265,0.9148100965767638,0.3505089058524173,42.534358434041486,110.67,real,1592.0,real,100.0,forward_filled_monthly,83.415,real,665.0,527.5,real,26.45863038306108,55.20524561736255,45.520615060424895,2196.0,2350.0,1572.0,2289.714285714286,2061.266666666667,3482.0,4042.0,2453.0,3736.142857142857,3464.5666666666666,2165.0,2133.0,1526.0,2225.428571428572,1852.2666666666669,1383.0,1314.0,1048.0,1361.857142857143,1248.0333333333333,795.0,777.0,569.0,789.1428571428571,703.3,110.64,110.94,128.87,110.47571428571428,119.30433333333332,1581.5,1772.0,1796.0,1552.357142857143,1705.9166666666667,83.587,82.943,82.975,83.179,82.96083333333333,665.0,664.5,658.0,668.0714285714286,663.2166666666667,526.0,518.5,505.0,526.6428571428571,513.5333333333333,100.0,100.0,97.5,100.0,98.91666666666669,3,0.0,0.0,0.0,0.0,112.0,1,13,85,0,0,1,0.0,472.0,1.1403594275804057e-13,1.1403594275804057e-13,0.0,0.0,0.0,none,0.0,Supramax / Ultramax Bulk,13.7,9600.1,29.2,59930.4,193.79,32.11,12.65,7.8,1.022,Chennai,Port Hedland (AU),Iron Ore Fines,129.8,109.7,88.3,-7.7,12.7,11.7,4.6,3.55,12.46,5.08,3.44,6.54,55135.968,18.05521301216077
2024-03-27,1845.0,real,2638.0,real,1941.0,real,1353.0,real,779.0,real,0.0357327857286843,0.8991252366122786,0.1662452591656131,34.3681303712653,109.84,real,1545.5,real,100.0,forward_filled_monthly,83.322,real,664.5,527.5,real,24.41592407959339,49.329937410247375,40.62087822275918,1989.0,2419.0,1582.0,2152.714285714286,2083.5,2964.0,4089.0,2436.0,3378.1428571428573,3487.5666666666666,2044.0,2298.0,1582.0,2147.285714285714,1880.7,1375.0,1338.0,1052.0,1371.0,1269.0,784.0,783.0,566.0,789.0,717.6333333333333,110.28,110.47,129.1,110.48142857142857,118.03766666666664,1566.0,1506.5,1796.0,1567.7857142857142,1689.9,83.33,82.925,83.039,83.29885714285714,82.97783333333334,666.0,669.5,660.5,667.3571428571429,663.55,529.5,528.5,507.5,528.0,514.9833333333333,100.0,100.0,97.5,100.0,99.08333333333331,3,2.0,0.0,0.0,0.0,114.0,1,13,87,0,0,1,0.0,474.0,9.885523855412253e-14,9.885523855412253e-14,0.0,0.0,0.0,none,0.0,Feeder Container,18.2,8391.7,19.21,34628.0,182.15,25.25,9.46,9.5,1.036,Visakhapatnam,Port Hedland (AU),Pellets,129.8,109.7,88.3,-7.7,12.7,11.7,4.6,3.55,12.46,5.08,3.44,6.54,31857.76,21.32546344738212
2024-04-03,1711.0,real,2437.0,real,1772.0,real,1284.0,real,752.0,real,0.0568600080217659,0.8394824322130799,0.0208830548926013,27.92594314038444,100.41,real,1388.5,real,101.0,forward_filled_monthly,83.511,real,673.5,539.5,real,13.003902515439968,48.03641585607066,36.75556588423066,1714.0,2123.0,1676.0,1817.428571428572,2108.833333333333,2394.0,3295.0,2543.0,2620.5714285714284,3503.9333333333334,1816.0,2120.0,1673.0,1887.142857142857,1910.5666666666664,1303.0,1386.0,1154.0,1329.7142857142858,1304.9333333333334,763.0,792.0,613.0,770.5714285714286,747.8333333333334,102.91,110.67,127.3,106.40428571428572,114.09566666666666,1388.5,1592.0,1875.0,1460.2857142857142,1623.15,83.35,83.415,82.935,83.378,83.04856666666667,669.5,665.0,660.5,667.3571428571429,664.3166666666667,534.5,527.5,509.0,531.5714285714286,519.0666666666667,101.0,100.0,97.5,100.42857142857144,99.6,4,2.0,0.0,1.0,0.0,121.0,2,14,94,0,0,1,0.0,481.0,20.00000000000006,20.00000000000006,0.0,0.0,0.0,none,0.0,Supramax / Ultramax Bulk,13.7,8421.6,25.61,53415.9,199.5,32.29,12.0,8.1,1.025,Kamarajar (Ennore),Muara Pantai (ID),Iron Ore Fines,129.4,111.8,85.9,-7.2,12.1,10.9,4.64,3.59,12.43,5.05,3.21,6.76,49142.628,16.977946617302038
2024-04-04,1669.0,real,2354.0,real,1733.0,real,1273.0,real,745.0,real,0.0504051408033284,0.8577047227532868,-0.0473744292237442,24.900896191037823,99.89,real,1388.5,forward_filled,101.0,forward_filled_monthly,83.365,real,674.0,541.5,real,14.973424464546245,47.14877936434823,34.94053771462269,1711.0,1989.0,1752.0,1771.7142857142858,2106.0666666666666,2437.0,2964.0,2790.0,2533.428571428572,3489.4,1772.0,2044.0,1624.0,1842.7142857142856,1914.2,1284.0,1375.0,1174.0,1315.142857142857,1308.2333333333331,752.0,784.0,618.0,765.0,752.0666666666667,100.41,110.28,127.82,104.92,113.16466666666666,1388.5,1566.0,1765.5,1434.928571428571,1610.5833333333333,83.511,83.33,82.842,83.38300000000001,83.066,673.5,666.0,661.5,668.5,664.7333333333333,539.5,529.5,511.5,533.2857142857143,520.0666666666667,101.0,100.0,97.5,100.57142857142856,99.71666666666668,4,3.0,0.0,1.0,0.0,122.0,2,14,95,0,0,1,0.0,482.0,20.000000000000057,20.000000000000057,0.0,0.0,0.0,none,0.0,Panamax / Kamsarmax Bulk,13.5,6946.4,21.44,82220.7,225.66,32.22,13.88,5.6,1.005,V.O. Chidambaranar (Tuticorin),Tubarao (BR),Thermal Coal,129.4,111.8,85.9,-7.2,12.1,10.9,4.64,3.59,12.43,5.05,3.21,6.76,75643.044,10.920462678326272
2024-04-05,1628.0,real,2274.0,real,1695.0,real,1261.0,real,735.0,real,0.0370223850210328,0.8954846577761258,-0.127545551982851,21.347858550289896,99.97,real,1388.5,forward_filled,101.0,forward_filled_monthly,83.321,real,674.5,543.0,real,17.421196118995862,46.282277074809656,32.80871513017394,1669.0,1845.0,1866.0,1740.7142857142858,2098.133333333333,2354.0,2638.0,3145.0,2481.428571428572,3460.366666666667,1733.0,1941.0,1595.0,1807.571428571429,1917.5333333333333,1273.0,1353.0,1189.0,1302.0,1310.6333333333334,745.0,779.0,628.0,758.7142857142857,755.6333333333333,99.89,109.84,126.85,103.51,112.26866666666666,1388.5,1545.5,1690.0,1412.5,1600.5333333333333,83.365,83.322,82.887,83.38285714285713,83.08046666666665,674.0,664.5,663.0,669.9285714285714,665.1166666666667,541.5,527.5,510.5,535.5,521.15,101.0,100.0,97.5,100.71428571428572,99.83333333333331,4,4.0,0.0,1.0,0.0,123.0,2,14,96,0,0,1,0.0,483.0,20.000000000000053,20.000000000000053,0.0,0.0,0.0,none,0.0,Supramax / Ultramax Bulk,13.8,10526.5,31.78,63267.6,188.28,32.1,13.01,8.7,1.03,Paradip,Hay Point (AU),Pellets,129.4,111.8,85.9,-7.2,12.1,10.9,4.64,3.59,12.43,5.05,3.21,6.76,58206.192,18.319979804599072
2024-04-08,1594.0,real,2198.0,real,1667.0,real,1258.0,real,733.0,real,0.0361443317032931,0.8979634295500739,-0.1480491715660075,20.43917560257284,102.68,real,1388.5,real,101.0,forward_filled_monthly,83.285,real,677.0,546.0,real,20.60853353545634,45.56371420055816,32.26350536154371,1628.0,1821.0,1871.0,1708.2857142857142,2088.9,2274.0,2637.0,3163.0,2418.714285714286,3428.2,1695.0,1879.0,1578.0,1777.2857142857142,1920.5,1261.0,1331.0,1198.0,1291.571428571429,1312.6333333333334,735.0,772.0,639.0,753.1428571428571,758.7666666666667,99.97,109.53,126.11,102.53142857142858,111.48766666666666,1388.5,1491.0,1647.5,1397.857142857143,1591.9,83.321,83.38,82.874,83.36928571428572,83.09416666666667,674.5,663.5,656.5,671.8571428571429,665.8,543.0,526.5,504.5,538.2857142857143,522.5333333333333,101.0,100.0,97.5,100.85714285714286,99.95,4,0.0,0.0,1.0,0.0,126.0,2,15,99,0,0,1,0.0,486.0,20.000000000000043,20.000000000000043,0.0,0.0,0.0,none,0.0,Panamax / Kamsarmax Bulk,14.0,6903.8,20.55,84388.8,226.93,32.21,12.88,4.4,1.0,Syama Prasad Mookerjee (Kolkata & Haldia),Newcastle (AU),Coking Coal,129.4,111.8,85.9,-7.2,12.1,10.9,4.64,3.59,12.43,5.05,3.21,6.76,77637.69600000001,10.134332223563153
2024-04-09,1570.0,real,2153.0,real,1633.0,real,1259.0,real,727.0,real,0.0345694255795534,0.9024094384282058,-0.1732490784623486,19.322361784022785,104.33,real,1388.5,real,101.0,forward_filled_monthly,83.193,real,673.0,544.0,real,22.09819899750127,45.05649334814534,31.593417070413672,1594.0,1821.0,1899.0,1672.428571428571,2077.9333333333334,2198.0,2637.0,3224.0,2349.5714285714284,3392.5,1667.0,1879.0,1581.0,1742.142857142857,1922.233333333333,1258.0,1331.0,1220.0,1281.2857142857142,1313.9333333333334,733.0,772.0,667.0,746.7142857142857,760.7666666666667,102.68,109.53,125.84,101.78857142857144,110.77066666666668,1388.5,1454.0,1635.5,1388.5,1583.6666666666667,83.285,83.365,82.905,83.34471428571429,83.10376666666666,677.0,668.5,657.5,672.5,666.3166666666667,546.0,533.5,503.5,539.7857142857143,523.8833333333333,101.0,100.0,97.5,101.0,100.06666666666666,4,1.0,0.0,1.0,0.0,127.0,2,15,100,0,0,1,0.0,487.0,20.00000000000004,20.00000000000004,0.0,0.0,0.0,none,0.0,Supramax / Ultramax Bulk,13.9,10551.8,31.63,59964.1,199.72,32.17,12.02,6.9,1.015,Kamarajar (Ennore),Muara Pantai (ID),Thermal Coal,129.4,111.8,85.9,-7.2,12.1,10.9,4.64,3.59,12.43,5.05,3.21,6.76,55166.972,18.78565335710245
2024-04-11,1690.0,real,2475.0,real,1677.0,real,1261.0,real,724.0,real,0.0574471088490245,0.8378250283519838,-0.1994315490288962,18.16200253933264,104.71,real,1575.0,real,101.0,forward_filled_monthly,83.334,real,671.5,543.0,real,27.18412816694455,47.59259761020944,30.89720152359958,1587.0,1714.0,2111.0,1635.571428571429,2048.766666666667,2202.0,2394.0,3743.0,2299.0,3303.766666666667,1631.0,1816.0,1681.0,1686.857142857143,1922.233333333333,1260.0,1303.0,1257.0,1265.142857142857,1314.7666666666669,724.0,763.0,708.0,734.2857142857143,762.5666666666667,104.02,102.91,124.86,102.28714285714284,109.38766666666666,1490.0,1388.5,1697.5,1429.642857142857,1573.2666666666669,83.396,83.35,82.91,83.34357142857142,83.13359999999999,672.0,669.5,662.0,673.6428571428571,666.9666666666667,544.5,534.5,506.0,543.0714285714286,526.4,101.0,101.0,97.5,101.0,100.3,4,3.0,0.0,1.0,0.0,129.0,2,15,102,0,0,1,0.0,489.0,20.00000000000004,20.00000000000004,0.0,0.0,0.0,none,0.0,Feeder Container,17.8,2870.7,6.72,33438.5,160.71,26.85,9.85,9.7,1.038,Paradip,Richards Bay (ZA),Iron Ore Fines,129.4,111.8,85.9,-7.2,12.1,10.9,4.64,3.59,12.43,5.05,3.21,6.76,30763.42,8.13148194741833
2024-04-12,1729.0,real,2552.0,real,1713.0,real,1272.0,real,722.0,real,0.0581104536394741,0.8359523854159091,-0.2151611438946891,17.46489564212969,106.05,real,1630.0,real,101.0,forward_filled_monthly,83.565,real,672.0,543.5,real,37.64892445063465,48.41683149538027,30.478937385277813,1690.0,1711.0,2203.0,1638.142857142857,2032.9666666666667,2475.0,2437.0,3977.0,2315.428571428572,3256.266666666667,1677.0,1772.0,1723.0,1678.428571428571,1921.9,1261.0,1284.0,1267.0,1263.428571428571,1314.9333333333334,724.0,752.0,722.0,730.0,762.5666666666667,104.71,100.41,113.89,103.09285714285714,109.12633333333332,1575.0,1388.5,1650.0,1464.142857142857,1572.6,83.334,83.511,82.846,83.35128571428572,83.15756666666667,671.5,673.5,662.0,673.4285714285714,667.3,543.0,539.5,508.5,543.6428571428571,527.5666666666667,101.0,101.0,100.0,101.0,100.33333333333331,4,4.0,0.0,1.0,0.0,130.0,2,15,103,0,0,1,0.0,490.0,20.000000000000032,20.000000000000032,0.0,0.0,0.0,none,0.0,Panamax / Kamsarmax Bulk,13.1,5121.3,16.29,68979.8,224.18,32.28,12.7,6.4,1.011,V.O. Chidambaranar (Tuticorin),Newcastle (AU),Pellets,129.4,111.8,85.9,-7.2,12.1,10.9,4.64,3.59,12.43,5.05,3.21,6.76,63461.416000000005,9.53077274086435
2024-04-13,1729.0,real,2552.0,real,1713.0,real,1272.0,real,722.0,real,0.0581104536394741,0.8359523854159091,-0.2151611438946891,17.46489564212969,106.05,real,1630.0,real,101.0,forward_filled_monthly,83.565,real,672.0,543.5,real,37.64892445063465,48.41683149538027,30.478937385277813,1690.0,1711.0,2203.0,1638.142857142857,2032.9666666666667,2475.0,2437.0,3977.0,2315.428571428572,3256.266666666667,1677.0,1772.0,1723.0,1678.428571428571,1921.9,1261.0,1284.0,1267.0,1263.428571428571,1314.9333333333334,724.0,752.0,722.0,730.0,762.5666666666667,104.71,100.41,113.89,103.09285714285714,109.12633333333332,1575.0,1388.5,1650.0,1464.142857142857,1572.6,83.334,83.511,82.846,83.35128571428572,83.15756666666667,671.5,673.5,662.0,673.4285714285714,667.3,543.0,539.5,508.5,543.6428571428571,527.5666666666667,101.0,101.0,100.0,101.0,100.33333333333331,4,0.0,0.0,0.0,0.0,130.0,2,15,104,0,0,1,0.0,490.0,0.0,0.0,0.0,0.0,0.0,none,0.0,Capesize Bulk,13.8,5288.4,15.97,195316.2,273.83,48.78,17.96,1.8,1.0,Chennai,Port Hedland (AU),Iron Ore Fines,129.4,111.8,85.9,-7.2,12.1,10.9,4.64,3.59,12.43,5.05,3.21,6.76,179690.904,6.258753317650402
2024-04-14,1729.0,real,2552.0,real,1713.0,real,1272.0,real,722.0,real,0.0581104536394741,0.8359523854159091,-0.2151611438946891,17.46489564212969,106.05,real,1630.0,real,101.0,forward_filled_monthly,83.565,real,672.0,543.5,real,37.64892445063465,48.41683149538027,30.478937385277813,1690.0,1711.0,2203.0,1638.142857142857,2032.9666666666667,2475.0,2437.0,3977.0,2315.428571428572,3256.266666666667,1677.0,1772.0,1723.0,1678.428571428571,1921.9,1261.0,1284.0,1267.0,1263.428571428571,1314.9333333333334,724.0,752.0,722.0,730.0,762.5666666666667,104.71,100.41,113.89,103.09285714285714,109.12633333333332,1575.0,1388.5,1650.0,1464.142857142857,1572.6,83.334,83.511,82.846,83.35128571428572,83.15756666666667,671.5,673.5,662.0,673.4285714285714,667.3,543.0,539.5,508.5,543.6428571428571,527.5666666666667,101.0,101.0,100.0,101.0,100.33333333333331,4,0.0,0.0,0.0,0.0,130.0,2,15,105,0,0,1,0.0,490.0,0.0,0.0,0.0,0.0,0.0,none,0.0,Panamax / Kamsarmax Bulk,14.3,3340.5,9.73,71417.1,225.96,32.3,13.37,4.8,1.0,Syama Prasad Mookerjee (Kolkata & Haldia),Tubarao (BR),Pellets,129.4,111.8,85.9,-7.2,12.1,10.9,4.64,3.59,12.43,5.05,3.21,6.76,65703.732,5.72994557866515
2024-04-15,1730.0,real,2529.0,real,1736.0,real,1280.0,real,721.0,real,0.0558159219792457,0.8424299195233431,-0.2468437091858946,16.060782251160372,106.05,real,1734.0,real,101.0,forward_filled_monthly,83.512,real,672.5,544.5,real,35.01484972692691,48.43796569756415,29.636469350696228,1729.0,1669.0,2297.0,1646.857142857143,2014.0666666666664,2552.0,2354.0,4205.0,2340.428571428572,3200.4,1713.0,1733.0,1773.0,1678.857142857143,1920.6666666666667,1272.0,1273.0,1282.0,1264.428571428571,1314.8666666666666,722.0,745.0,741.0,726.5714285714286,761.9,106.05,99.89,116.94,103.97285714285714,108.76333333333334,1630.0,1388.5,1780.0,1513.5,1571.0666666666666,83.565,83.365,82.916,83.37228571428571,83.17743333333334,672.0,674.0,666.5,673.2142857142857,667.5,543.5,541.5,513.5,544.0714285714286,528.6,101.0,101.0,100.0,101.0,100.36666666666666,4,0.0,0.0,1.0,0.0,133.0,2,16,106,0,0,1,0.0,493.0,20.000000000000025,20.000000000000025,0.0,0.0,0.0,none,0.0,Panamax / Kamsarmax Bulk,13.3,8313.9,26.05,81550.8,227.34,32.28,12.52,6.7,1.014,Visakhapatnam,Muara Pantai (ID),Iron Ore Fines,129.4,111.8,85.9,-7.2,12.1,10.9,4.64,3.59,12.43,5.05,3.21,6.76,75026.736,13.304527935937664
2024-04-16,1779.0,real,2631.0,real,1754.0,real,1311.0,real,724.0,real,0.0526881443379258,0.8512597329023843,-0.2234831951113051,17.096077541506173,106.07,real,1669.0,real,101.0,forward_filled_monthly,83.665,real,672.5,546.0,real,33.455376360299944,49.47354160457365,30.257646524903706,1730.0,1628.0,2291.0,1668.428571428571,1997.0,2529.0,2274.0,4148.0,2391.428571428572,3149.833333333333,1736.0,1695.0,1805.0,1687.2857142857142,1918.9666666666667,1280.0,1261.0,1297.0,1271.571428571429,1315.3333333333333,721.0,735.0,753.0,725.0,760.9333333333333,106.05,99.97,116.21,104.8442857142857,108.42533333333331,1734.0,1388.5,1780.0,1553.571428571429,1567.3666666666666,83.512,83.321,82.896,83.42142857142856,83.20306666666667,672.5,674.5,666.0,672.9285714285714,667.7166666666667,544.5,543.0,510.5,544.5,529.7833333333333,101.0,101.0,100.0,101.0,100.4,4,1.0,0.0,1.0,0.0,134.0,2,16,107,0,0,1,0.0,494.0,20.000000000000025,20.000000000000025,0.0,0.0,0.0,none,0.0,Capesize Bulk,12.2,7489.2,25.58,150796.9,286.26,46.22,17.25,1.0,1.0,Paradip,Port Hedland (AU),Thermal Coal,129.4,111.8,85.9,-7.2,12.1,10.9,4.64,3.59,12.43,5.05,3.21,6.76,138733.148,11.9158165604301
2024-04-17,1844.0,real,2760.0,real,1805.0,real,1337.0,real,729.0,real,0.0471066115925974,0.8670165731135252,-0.1525735294117647,20.23866433151966,107.3,real,1635.5,real,101.0,forward_filled_monthly,83.661,real,672.0,547.0,real,32.77834315508017,50.84726474652504,32.143198598911795,1779.0,1594.0,2176.0,1704.142857142857,1985.9333333333327,2631.0,2198.0,3769.0,2471.714285714286,3116.2,1754.0,1667.0,1823.0,1707.0,1918.3666666666663,1311.0,1258.0,1312.0,1282.857142857143,1316.1666666666667,724.0,733.0,758.0,724.4285714285714,759.9666666666667,106.07,102.68,116.96,105.50428571428571,108.10333333333332,1669.0,1388.5,1780.0,1588.857142857143,1562.55,83.665,83.285,82.805,83.47514285714286,83.2316,672.5,677.0,663.5,672.2142857142857,668.0,546.0,546.0,511.0,544.6428571428571,530.9833333333333,101.0,101.0,100.0,101.0,100.43333333333334,4,2.0,0.0,1.0,0.0,135.0,2,16,108,0,0,1,0.0,495.0,20.00000000000002,20.00000000000002,0.0,0.0,0.0,none,0.0,Supramax / Ultramax Bulk,14.7,2673.8,7.58,60150.1,193.61,32.2,13.05,6.9,1.015,Paradip,Newcastle (AU),Thermal Coal,129.4,111.8,85.9,-7.2,12.1,10.9,4.64,3.59,12.43,5.05,3.21,6.76,55338.092,5.080795543065127
2024-04-18,1901.0,real,2845.0,real,1876.0,real,1365.0,real,735.0,real,0.0407954901076576,0.8848330649856777,-0.1554864504664593,20.10956899400075,107.95,real,1695.5,real,101.0,forward_filled_monthly,83.54,real,665.5,543.5,real,34.461422507993134,52.05191427100549,32.065741396400455,1844.0,1570.0,2251.0,1751.428571428571,1974.2666666666669,2760.0,2153.0,3979.0,2570.5714285714284,3078.4,1805.0,1633.0,1840.0,1741.7142857142858,1919.5666666666664,1337.0,1259.0,1317.0,1298.0,1317.7666666666669,729.0,727.0,759.0,725.5714285714286,759.1666666666666,107.3,104.33,117.96,106.02142857142856,107.76966666666664,1635.5,1388.5,1780.0,1632.7142857142858,1559.7333333333331,83.661,83.193,82.713,83.52471428571428,83.25916666666667,672.0,673.0,663.5,671.1428571428571,668.0666666666667,547.0,544.0,512.5,544.5714285714286,532.0166666666667,101.0,101.0,100.0,101.0,100.46666666666668,4,3.0,0.0,1.0,0.0,136.0,2,16,109,0,0,1,0.0,496.0,20.00000000000002,20.00000000000002,0.0,0.0,0.0,none,0.0,Panamax / Kamsarmax Bulk,14.4,7572.8,21.91,81051.7,225.72,32.25,13.09,5.2,1.002,Visakhapatnam,Hay Point (AU),Thermal Coal,129.4,111.8,85.9,-7.2,12.1,10.9,4.64,3.59,12.43,5.05,3.21,6.76,74567.564,11.545500495563344
2024-04-19,1919.0,real,2839.0,real,1916.0,real,1394.0,real,741.0,real,0.0436598860763034,0.8767467862449205,-0.1816631130063966,18.94946715043528,108.25,real,1700.5,real,101.0,forward_filled_monthly,83.386,real,665.0,543.0,real,35.36447863963856,52.43232991031511,31.36968029026117,1901.0,1587.0,2345.0,1798.857142857143,1960.0666666666664,2845.0,2202.0,4245.0,2661.5714285714284,3031.5333333333333,1876.0,1631.0,1861.0,1782.428571428571,1921.4,1365.0,1260.0,1318.0,1317.142857142857,1320.3,735.0,724.0,762.0,728.0,758.4666666666667,107.95,104.02,117.05,106.62571428571428,107.47633333333332,1695.5,1490.0,1780.0,1662.7857142857142,1557.0833333333333,83.54,83.396,82.744,83.52328571428572,83.28056666666666,665.5,672.0,661.0,670.1428571428571,668.2,543.5,544.5,513.5,544.3571428571429,533.0,101.0,101.0,100.0,101.0,100.5,4,4.0,0.0,1.0,0.0,137.0,2,16,110,0,0,1,0.0,497.0,20.000000000000018,20.000000000000018,0.0,0.0,0.0,none,0.0,Panamax / Kamsarmax Bulk,12.9,11862.6,38.32,66693.8,224.67,32.25,14.18,5.2,1.002,Chennai,Hay Point (AU),Pellets,129.4,111.8,85.9,-7.2,12.1,10.9,4.64,3.59,12.43,5.05,3.21,6.76,61358.296,23.13273718088025
2024-04-24,1774.0,real,2345.0,real,1910.0,real,1456.0,real,751.0,real,0.0531492769185953,0.8499579413119215,-0.2514767932489451,15.855452432863698,109.23,real,1622.5,real,101.0,forward_filled_monthly,83.325,real,664.0,543.5,real,37.00408717007419,49.36787059365432,29.513271459718226,1804.0,1730.0,2370.0,1843.2857142857144,1906.6666666666667,2458.0,2529.0,4189.0,2654.285714285714,2861.866666666667,1914.0,1736.0,2043.0,1871.857142857143,1916.9666666666667,1430.0,1280.0,1301.0,1386.142857142857,1332.7333333333331,751.0,721.0,769.0,739.2857142857143,756.7,108.76,106.05,111.77,108.0257142857143,107.09933333333332,1628.0,1734.0,1780.0,1659.571428571429,1548.6833333333334,83.297,83.512,82.835,83.46342857142858,83.33523333333332,662.5,672.5,657.5,666.1428571428571,668.7333333333333,542.5,544.5,512.0,543.7142857142857,536.0666666666667,101.0,101.0,100.0,101.0,100.6,4,2.0,0.0,1.0,0.0,142.0,2,17,115,0,0,1,0.0,502.0,20.00000000000001,20.00000000000001,0.0,0.0,0.0,none,0.0,Panamax / Kamsarmax Bulk,13.7,10600.6,32.24,78930.1,223.76,32.29,14.14,6.0,1.008,Paradip,Newcastle (AU),Pellets,129.4,111.8,85.9,-7.2,12.1,10.9,4.64,3.59,12.43,5.05,3.21,6.76,72615.69200000001,17.26245881416454
2024-04-25,1743.0,real,2230.0,real,1896.0,real,1488.0,real,750.0,real,0.0498141485510415,0.8593731122280419,-0.2582978723404255,15.553154673664665,109.68,real,1646.5,real,101.0,forward_filled_monthly,83.315,real,662.0,549.0,real,38.856504062365424,48.712710325954426,29.3318928041988,1774.0,1779.0,2350.0,1838.142857142857,1886.4333333333327,2345.0,2631.0,4042.0,2597.0,2801.4666666666667,1910.0,1754.0,2133.0,1892.142857142857,1909.0666666666664,1456.0,1311.0,1314.0,1411.428571428571,1338.5333333333333,751.0,724.0,777.0,743.0,755.8,109.23,106.07,110.94,108.54142857142855,107.05733333333332,1622.5,1669.0,1772.0,1656.357142857143,1544.5,83.325,83.665,82.943,83.41342857142857,83.34763333333333,664.0,672.5,664.5,664.6428571428571,668.65,543.5,546.0,518.5,544.1428571428571,537.0833333333334,101.0,101.0,100.0,101.0,100.63333333333334,4,3.0,0.0,1.0,0.0,143.0,2,17,116,0,0,1,0.0,503.0,20.00000000000001,20.00000000000001,0.0,0.0,0.0,none,0.0,Supramax / Ultramax Bulk,14.0,7368.7,21.93,52859.6,194.4,32.11,13.49,8.4,1.027,V.O. Chidambaranar (Tuticorin),Newcastle (AU),Coking Coal,129.4,111.8,85.9,-7.2,12.1,10.9,4.64,3.59,12.43,5.05,3.21,6.76,48630.832,15.605374795769364
2024-04-26,1721.0,real,2172.0,real,1878.0,real,1495.0,real,751.0,real,0.0387625807838097,0.8905720311158005,-0.2750631844987363,14.810146678923806,110.16,real,1631.0,real,101.0,forward_filled_monthly,83.405,real,664.0,548.0,real,48.96194524765216,48.247757877909336,28.886088007354285,1743.0,1844.0,2374.0,1820.571428571429,1864.6666666666667,2230.0,2760.0,4019.0,2513.0,2739.9,1896.0,1805.0,2234.0,1902.571428571429,1897.2,1488.0,1337.0,1326.0,1434.0,1344.1666666666667,750.0,729.0,781.0,746.1428571428571,754.8,109.68,107.3,109.61,108.95,107.07566666666666,1646.5,1635.5,1497.0,1655.7142857142858,1548.9666666666667,83.315,83.661,82.888,83.37685714285715,83.36486666666669,662.0,672.0,666.0,663.5,668.5833333333334,549.0,547.0,519.0,544.2857142857143,538.05,101.0,101.0,100.0,101.0,100.66666666666669,4,4.0,0.0,1.0,0.0,144.0,2,17,117,0,0,1,0.0,504.0,20.00000000000001,20.00000000000001,0.0,0.0,0.0,none,0.0,Aframax / Suezmax Tanker,13.8,9660.8,29.17,90109.6,274.08,43.38,16.32,12.0,1.056,Kamarajar (Ennore),Hay Point (AU),Thermal Coal,129.4,111.8,85.9,-7.2,12.1,10.9,4.64,3.59,12.43,5.05,3.21,6.76,82900.83200000001,14.625073627453794
