Date,BDI,BDI_status,BCI,BCI_status,BPI,BPI_status,BSI,BSI_status,BHSI,BHSI_status,BCI_7d_vol,vessel_availability_index,BDI_30d_roc,shipping_demand_index,iron_ore_price,iron_ore_status,coking_coal_price,coking_coal_status,china_iron_ore_imports,china_iron_ore_imports_status,usd_inr_rate,usd_inr_status,bunker_vlsfo_price,bunker_ifo380_price,bunker_status,commodity_demand_index,global_trade_index,global_fleet_utilization_pct,BDI_lag_1,BDI_lag_7,BDI_lag_30,BDI_7d_avg,BDI_30d_avg,BCI_lag_1,BCI_lag_7,BCI_lag_30,BCI_7d_avg,BCI_30d_avg,BPI_lag_1,BPI_lag_7,BPI_lag_30,BPI_7d_avg,BPI_30d_avg,BSI_lag_1,BSI_lag_7,BSI_lag_30,BSI_7d_avg,BSI_30d_avg,BHSI_lag_1,BHSI_lag_7,BHSI_lag_30,BHSI_7d_avg,BHSI_30d_avg,iron_ore_price_lag_1,iron_ore_price_lag_7,iron_ore_price_lag_30,iron_ore_price_7d_avg,iron_ore_price_30d_avg,coking_coal_price_lag_1,coking_coal_price_lag_7,coking_coal_price_lag_30,coking_coal_price_7d_avg,coking_coal_price_30d_avg,usd_inr_rate_lag_1,usd_inr_rate_lag_7,usd_inr_rate_lag_30,usd_inr_rate_7d_avg,usd_inr_rate_30d_avg,bunker_vlsfo_price_lag_1,bunker_vlsfo_price_lag_7,bunker_vlsfo_price_lag_30,bunker_vlsfo_price_7d_avg,bunker_vlsfo_price_30d_avg,bunker_ifo380_price_lag_1,bunker_ifo380_price_lag_7,bunker_ifo380_price_lag_30,bunker_ifo380_price_7d_avg,bunker_ifo380_price_30d_avg,china_iron_ore_imports_lag_1,china_iron_ore_imports_lag_7,china_iron_ore_imports_lag_30,china_iron_ore_imports_7d_avg,china_iron_ore_imports_30d_avg,month,day_of_week,monsoon_flag,cyclone_season_flag,cyclone_active,days_since_last_cyclone
2022-03-01,2546.0,forward_filled,2175.0,forward_filled,3111.0,forward_filled,2983.0,forward_filled,1715.0,forward_filled,,,,,149.68,forward_filled,3156.0,forward_filled,87.0,real,76.159,forward_filled,938.0,706.0,forward_filled,,44.145013141138534,,,,,,,,,,,,,,,,,,,,,,,,,,,,,,,,,,,,,,,,,,,,,,,,,,,,,,,,,3,1,0,0,0,
2022-03-22,2546.0,real,2175.0,real,3111.0,real,2983.0,real,1715.0,real,,,,,149.68,real,3156.0,real,87.0,forward_filled_monthly,76.159,real,938.0,706.0,real,,44.145013141138534,,2546.0,,,,,2175.0,,,,,3111.0,,,,,2983.0,,,,,1715.0,,,,,149.68,,,,,3156.0,,,,,76.159,,,,,938.0,,,,,706.0,,,,,87.0,,,,,3,1,0,0,0,
2022-03-23,2575.0,real,2100.0,real,3272.0,real,3016.0,real,1745.0,real,,,,,149.57,real,3110.0,real,87.0,forward_filled_monthly,76.53,real,943.0,719.0,real,,44.75790500447069,,2546.0,,,,,2175.0,,,,,3111.0,,,,,2983.0,,,,,1715.0,,,,,149.68,,,,,3156.0,,,,,76.159,,,,,938.0,,,,,706.0,,,,,87.0,,,,,3,2,0,0,0,
2022-03-24,2567.0,real,1969.0,real,3379.0,real,3033.0,real,1769.0,real,,,,,149.63,real,3113.5,real,87.0,forward_filled_monthly,76.305,real,966.0,741.0,real,,44.58883138699976,,2575.0,,,,,2100.0,,,,,3272.0,,,,,3016.0,,,,,1745.0,,,,,149.57,,,,,3110.0,,,,,76.53,,,,,943.0,,,,,719.0,,,,,87.0,,,,,3,3,0,0,0,
2022-03-25,2544.0,real,1887.0,real,3413.0,real,3020.0,real,1782.0,real,,,,,149.87,real,3245.0,real,87.0,forward_filled_monthly,76.285,real,953.5,726.5,real,,44.1027447367708,,2567.0,,,,,1969.0,,,,,3379.0,,,,,3033.0,,,,,1769.0,,,,,149.63,,,,,3113.5,,,,,76.305,,,,,966.0,,,,,741.0,,,,,87.0,,,,,3,4,0,0,0,
2022-03-28,2484.0,real,1734.0,real,3416.0,real,2991.0,real,1787.0,real,,,,,150.14,real,3331.5,real,87.0,forward_filled_monthly,76.09,real,953.5,729.5,real,,42.834692605738745,,2544.0,,,,,1887.0,,,,,3413.0,,,,,3020.0,,,,,1782.0,,,,,149.87,,,,,3245.0,,,,,76.285,,,,,953.5,,,,,726.5,,,,,87.0,,,,,3,0,0,0,0,
2022-03-29,2417.0,real,1639.0,real,3337.0,real,2946.0,real,1774.0,real,,,,,150.14,real,3531.5,real,87.0,forward_filled_monthly,75.666,real,938.5,717.5,real,,41.41870105941962,,2484.0,,,2525.5714285714284,,1734.0,,,1954.142857142857,,3416.0,,,3291.285714285714,,2991.0,,,2996.0,,1787.0,,,1755.2857142857142,,150.14,,,149.81571428571428,,3331.5,,,3234.785714285714,,76.09,,,76.17057142857142,,953.5,,,947.2142857142857,,729.5,,,720.7857142857143,,87.0,,,87.0,,3,1,0,0,0,
2022-03-30,2369.0,real,1646.0,real,3236.0,real,2875.0,real,1755.0,real,0.031586605673293355,0.9108300316211578,,,150.61,real,3531.5,real,87.0,forward_filled_monthly,75.823,real,929.5,715.5,real,,40.40425935459398,,2417.0,2546.0,,2500.285714285714,,1639.0,2175.0,,1878.5714285714287,,3337.0,3111.0,,3309.1428571428573,,2946.0,2983.0,,2980.5714285714284,,1774.0,1715.0,,1761.0,,150.14,149.68,,149.9485714285714,,3531.5,3156.0,,3288.4285714285716,,75.666,76.159,,76.12257142857143,,938.5,938.0,,946.0,,717.5,706.0,,722.1428571428571,,87.0,87.0,,87.0,,3,2,0,0,0,
2022-03-31,2358.0,real,1760.0,real,3141.0,real,2808.0,real,1735.0,real,0.05073251806448475,0.8567805265820615,,,150.84,real,3741.0,real,87.0,forward_filled_monthly,75.928,real,915.5,716.0,real,,40.171783130571434,,2369.0,2546.0,,2473.4285714285716,,1646.0,2175.0,,1819.2857142857142,,3236.0,3111.0,,3313.4285714285716,,2875.0,2983.0,,2955.5714285714284,,1755.0,1715.0,,1763.857142857143,,150.61,149.68,,150.1142857142857,,3531.5,3156.0,,3372.0,,75.823,76.159,,76.08957142857143,,929.5,938.0,,942.7857142857143,,715.5,706.0,,723.5714285714286,,87.0,87.0,,87.0,,3,3,0,0,0,
2022-04-01,2357.0,real,1864.0,real,3073.0,real,2755.0,real,1695.0,real,0.060365913166409345,0.8295851531537033,,,159.85,real,3741.0,real,86.0,real,75.995,real,904.5,706.0,real,,38.61218738992603,,2358.0,2575.0,,2442.285714285714,,1760.0,2100.0,,1785.5714285714287,,3141.0,3272.0,,3285.0,,2808.0,3016.0,,2918.285714285714,,1735.0,1745.0,,1756.7142857142858,,150.84,149.57,,151.58285714285714,,3741.0,3110.0,,3462.1428571428573,,75.928,76.53,,76.01314285714285,,915.5,943.0,,937.2857142857143,,716.0,719.0,,721.7142857142857,,87.0,87.0,,86.85714285714286,,4,4,0,1,0,
2022-04-04,2307.0,real,1796.0,real,3015.0,real,2717.0,real,1672.0,real,0.057737507335335655,0.8370052244101021,,,161.84,real,3741.0,forward_filled,86.0,forward_filled_monthly,75.451,real,909.5,711.0,real,,37.555477280732646,,2357.0,2567.0,,2405.1428571428573,,1864.0,1969.0,,1760.857142857143,,3073.0,3379.0,,3233.0,,2755.0,3033.0,,2873.1428571428573,,1695.0,1769.0,,1742.857142857143,,159.85,149.63,,153.32714285714286,,3741.0,3113.5,,3551.785714285714,,75.995,76.305,,75.89114285714285,,904.5,966.0,,929.2142857142857,,706.0,741.0,,717.4285714285714,,86.0,87.0,,86.71428571428571,,4,0,0,1,0,
2022-04-05,2213.0,real,1624.0,real,2951.0,real,2660.0,real,1639.0,real,0.06552627022965984,0.8150173049678934,,,161.25,real,3741.0,forward_filled,86.0,forward_filled_monthly,75.465,real,919.5,722.0,real,,35.568862275449106,,2307.0,2544.0,,2357.8571428571427,,1796.0,1887.0,,1723.2857142857142,,3015.0,3413.0,,3167.0,,2717.0,3020.0,,2821.714285714286,,1672.0,1782.0,,1722.4285714285713,,161.84,149.87,,154.95285714285714,,3741.0,3245.0,,3622.6428571428573,,75.451,76.285,,75.774,,909.5,953.5,,924.3571428571429,,711.0,726.5,,716.7857142857143,,86.0,87.0,,86.57142857142857,,4,1,0,1,0,
2022-04-06,2128.0,real,1490.0,real,2868.0,real,2605.0,real,1605.0,real,0.065752810759238,0.8143777740202522,,,160.08,real,3741.0,real,86.0,forward_filled_monthly,75.947,real,919.5,712.5,real,,33.772455089820355,,2213.0,2484.0,,2307.0,,1624.0,1734.0,,1688.4285714285713,,2951.0,3416.0,,3088.714285714286,,2660.0,2991.0,,2766.5714285714284,,1639.0,1787.0,,1696.4285714285713,,161.25,150.14,,156.37285714285713,,3741.0,3331.5,,3681.1428571428573,,75.465,76.09,,75.75357142857142,,919.5,953.5,,919.5,,722.0,729.5,,714.3571428571429,,86.0,87.0,,86.42857142857143,,4,2,0,1,0,
2022-04-07,2061.0,real,1417.0,real,2778.0,real,2547.0,real,1568.0,real,0.06527022543119684,0.8157401273825163,,,157.29,real,3741.0,real,86.0,forward_filled_monthly,75.913,real,891.5,696.5,real,,32.35646354350123,,2128.0,2417.0,,2256.1428571428573,,1490.0,1639.0,,1656.7142857142858,,2868.0,3337.0,,3008.8571428571427,,2605.0,2946.0,,2709.5714285714284,,1605.0,1774.0,,1667.0,,160.08,150.14,,157.3942857142857,,3741.0,3531.5,,3711.0714285714284,,75.947,75.666,,75.78885714285714,,919.5,938.5,,912.7857142857143,,712.5,717.5,,711.3571428571429,,86.0,87.0,,86.28571428571429,,4,3,0,1,0,
2022-04-08,2055.0,real,1444.0,real,2777.0,real,2502.0,real,1544.0,real,0.06636855329047966,0.812639513739669,,,154.21,real,3741.0,real,86.0,forward_filled_monthly,75.96,real,887.5,688.5,real,,32.22965833039803,,2061.0,2369.0,,2211.285714285714,,1417.0,1646.0,,1627.857142857143,,2778.0,3236.0,,2943.285714285714,,2547.0,2875.0,,2656.285714285714,,1568.0,1755.0,,1636.857142857143,,157.29,150.61,,157.9085714285714,,3741.0,3531.5,,3741.0,,75.913,75.823,,75.80842857142856,,891.5,929.5,,906.7857142857143,,696.5,715.5,,707.5,,86.0,87.0,,86.14285714285714,,4,4,0,1,0,
2022-04-11,2031.0,real,1395.0,real,2785.0,real,2473.0,real,1520.0,real,0.0545156673005324,0.8461005788459857,,,155.94,real,3741.0,real,86.0,forward_filled_monthly,75.836,real,884.0,693.0,real,,31.722437477985206,,2055.0,2358.0,,2164.5714285714284,,1444.0,1760.0,,1575.7142857142858,,2777.0,3141.0,,2892.4285714285716,,2502.0,2808.0,,2608.4285714285716,,1544.0,1735.0,,1606.142857142857,,154.21,150.84,,158.63714285714286,,3741.0,3741.0,,3741.0,,75.96,75.928,,75.79528571428571,,887.5,915.5,,902.2857142857143,,688.5,716.0,,704.2142857142857,,86.0,87.0,,86.0,,4,0,0,1,0,
2022-04-12,2035.0,real,1368.0,real,2862.0,real,2448.0,real,1505.0,real,0.038546261751567334,0.8911827064591503,,,155.56,real,3741.0,real,86.0,forward_filled_monthly,76.082,real,887.5,699.5,real,,31.806974286720674,,2031.0,2357.0,,2118.5714285714284,,1395.0,1864.0,,1504.857142857143,,2785.0,3073.0,,2862.285714285714,,2473.0,2755.0,,2564.5714285714284,,1520.0,1695.0,,1579.0,,155.94,159.85,,158.02428571428572,,3741.0,3741.0,,3741.0,,75.836,75.995,,75.80771428571428,,884.0,904.5,,899.8571428571429,,693.0,706.0,,703.2857142857143,,86.0,86.0,,86.0,,4,1,0,1,0,
2022-04-13,2068.0,real,1371.0,real,2968.0,real,2461.0,real,1472.0,real,0.04216604358812615,0.8809639499633497,,,154.67,real,3741.0,real,86.0,forward_filled_monthly,76.122,real,908.5,727.0,real,,32.50440295878831,,2035.0,2307.0,,2084.4285714285716,,1368.0,1796.0,,1444.142857142857,,2862.0,3015.0,,2855.5714285714284,,2448.0,2717.0,,2528.0,,1505.0,1672.0,,1550.4285714285713,,155.56,161.84,,157.0,,3741.0,3741.0,,3741.0,,76.082,75.451,,75.90357142857142,,887.5,909.5,,899.7142857142857,,699.5,711.0,,705.5714285714286,,86.0,86.0,,86.0,,4,2,0,1,0,
2022-04-14,2137.0,real,1481.0,real,3042.0,real,2497.0,real,1449.0,real,0.05251731383973714,0.851741992701971,,,155.69,real,3741.0,real,86.0,forward_filled_monthly,76.292,real,917.0,734.0,real,,33.96266290947516,,2068.0,2213.0,,2073.5714285714284,,1371.0,1624.0,,1423.7142857142858,,2968.0,2951.0,,2868.5714285714284,,2461.0,2660.0,,2504.714285714286,,1472.0,1639.0,,1523.2857142857142,,154.67,161.25,,156.2057142857143,,3741.0,3741.0,,3741.0,,76.122,75.465,,76.0217142857143,,908.5,919.5,,899.3571428571429,,727.0,722.0,,707.2857142857143,,86.0,86.0,,86.0,,4,3,0,1,0,
2022-04-15,2137.0,forward_filled,1481.0,forward_filled,3042.0,forward_filled,2497.0,forward_filled,1449.0,forward_filled,0.042291883869550566,0.8806086989423485,,,155.69,forward_filled,3741.0,real,86.0,forward_filled_monthly,76.332,real,927.0,736.5,real,,33.96266290947516,,2137.0,2128.0,,2074.8571428571427,,1481.0,1490.0,,1422.4285714285713,,3042.0,2868.0,,2893.4285714285716,,2497.0,2605.0,,2489.285714285714,,1449.0,1605.0,,1501.0,,155.69,160.08,,155.57857142857142,,3741.0,3741.0,,3741.0,,76.292,75.947,,76.07671428571429,,917.0,919.5,,900.4285714285714,,734.0,712.5,,710.7142857142857,,86.0,86.0,,86.0,,4,4,0,1,0,
2022-04-18,2137.0,forward_filled,1481.0,forward_filled,3042.0,forward_filled,2497.0,forward_filled,1449.0,forward_filled,0.03651388678274114,0.8969201640884583,,,155.62,real,3741.0,real,86.0,forward_filled_monthly,76.284,real,928.5,741.0,real,,33.96266290947516,,2137.0,2061.0,,2085.714285714286,,1481.0,1417.0,,1431.5714285714287,,3042.0,2778.0,,2931.1428571428573,,2497.0,2547.0,,2482.1428571428573,,1449.0,1568.0,,1484.0,,155.69,157.29,,155.33999999999997,,3741.0,3741.0,,3741.0,,76.332,75.913,,76.12971428571429,,927.0,891.5,,905.7142857142857,,736.5,696.5,,717.0714285714286,,86.0,86.0,,86.0,,4,0,0,1,0,
2022-04-19,2115.0,real,1342.0,real,3079.0,real,2541.0,real,1448.0,real,0.05192754834925499,0.8534069189900682,,,154.58,real,3138.5,real,86.0,forward_filled_monthly,76.445,real,931.5,746.0,real,,33.49771046143008,,2137.0,2055.0,,2094.285714285714,,1481.0,1444.0,,1417.0,,3042.0,2777.0,,2974.285714285714,,2497.0,2502.0,,2487.714285714286,,1449.0,1544.0,,1470.2857142857142,,155.62,154.21,,155.39285714285714,,3741.0,3741.0,,3654.9285714285716,,76.284,75.96,,76.199,,928.5,887.5,,912.0,,741.0,688.5,,725.2857142857143,,86.0,86.0,,86.0,,4,1,0,1,0,
2022-04-20,2142.0,real,1363.0,real,3087.0,real,2596.0,real,1459.0,real,0.051377387745669224,0.8549600394529772,,,154.41,real,3095.0,real,86.0,forward_filled_monthly,76.269,real,928.5,741.0,real,,34.06833392039451,,2115.0,2031.0,,2110.1428571428573,,1342.0,1395.0,,1412.4285714285713,,3079.0,2785.0,,3017.4285714285716,,2541.0,2473.0,,2505.285714285714,,1448.0,1520.0,,1461.5714285714287,,154.58,155.94,,155.17428571428573,,3138.5,3741.0,,3562.6428571428573,,76.445,75.836,,76.26085714285715,,931.5,884.0,,918.3571428571429,,746.0,693.0,,732.1428571428571,,86.0,86.0,,86.0,,4,2,0,1,0,
2022-04-21,2239.0,real,1636.0,real,3047.0,real,2646.0,real,1473.0,real,0.09095635133674453,0.743227396560375,,,154.27,real,3085.5,real,86.0,forward_filled_monthly,76.262,real,921.5,742.5,real,,36.11835153222966,,2142.0,2035.0,,2139.285714285714,,1363.0,1368.0,,1450.7142857142858,,3087.0,2862.0,,3043.8571428571427,,2596.0,2448.0,,2533.5714285714284,,1459.0,1505.0,,1457.0,,154.41,155.56,,154.99,,3095.0,3741.0,,3469.0,,76.269,76.082,,76.28657142857142,,928.5,887.5,,923.2142857142857,,741.0,699.5,,738.2857142857143,,86.0,86.0,,86.0,,4,3,0,1,0,
2022-04-22,2307.0,real,1845.0,real,3004.0,real,2678.0,real,1504.0,real,0.0969235502856235,0.7263818086841288,,,154.13,real,3079.0,real,86.0,forward_filled_monthly,76.475,real,919.0,742.5,real,,37.555477280732646,,2239.0,2068.0,,2173.4285714285716,,1636.0,1371.0,,1518.4285714285713,,3047.0,2968.0,,3049.0,,2646.0,2461.0,,2564.5714285714284,,1473.0,1472.0,,1461.5714285714287,,154.27,154.67,,154.91285714285712,,3085.5,3741.0,,3374.4285714285716,,76.262,76.122,,76.33699999999999,,921.5,908.5,,924.7142857142857,,742.5,727.0,,740.5,,86.0,86.0,,86.0,,4,4,0,1,0,
2022-04-25,2356.0,real,2003.0,real,2967.0,real,2699.0,real,1538.0,real,0.09725188225106932,0.7254549173530568,,,152.47,real,3064.5,real,86.0,forward_filled_monthly,76.748,real,890.0,726.5,real,,38.59105318774216,,2307.0,2137.0,,2204.714285714286,,1845.0,1481.0,,1593.0,,3004.0,3042.0,,3038.285714285714,,2678.0,2497.0,,2593.4285714285716,,1504.0,1449.0,,1474.2857142857142,,154.13,155.69,,154.45285714285714,,3079.0,3741.0,,3277.785714285714,,76.475,76.292,,76.40214285714286,,919.0,917.0,,920.8571428571429,,742.5,734.0,,739.4285714285714,,86.0,86.0,,86.0,,4,0,0,1,0,
2022-04-26,2404.0,real,2169.0,real,2919.0,real,2714.0,real,1564.0,real,0.09547351263988721,0.7304753099724853,,,152.08,real,3073.5,real,86.0,forward_filled_monthly,76.68,real,886.5,712.0,real,,39.605494892567805,,2356.0,2137.0,,2242.8571428571427,,2003.0,1481.0,,1691.2857142857142,,2967.0,3042.0,,3020.714285714286,,2699.0,2497.0,,2624.4285714285716,,1538.0,1449.0,,1490.7142857142858,,152.47,155.69,,153.93714285714285,,3064.5,3741.0,,3182.4285714285716,,76.748,76.332,,76.45185714285715,,890.0,927.0,,915.0714285714286,,726.5,736.5,,735.9285714285714,,86.0,86.0,,86.0,,4,1,0,1,0,
2022-04-27,2425.0,real,2226.0,real,2904.0,real,2736.0,real,1574.0,real,0.09322192551761914,0.7368316103161023,,,151.62,real,3087.5,real,86.0,forward_filled_monthly,76.633,real,901.0,738.0,real,,40.04931313842903,,2404.0,2137.0,,2284.0,,2169.0,1481.0,,1797.7142857142858,,2919.0,3042.0,,3001.0,,2714.0,2497.0,,2658.5714285714284,,1564.0,1449.0,,1508.5714285714287,,152.08,155.62,,153.3657142857143,,3073.5,3741.0,,3089.0714285714284,,76.68,76.284,,76.5017142857143,,886.5,928.5,,911.1428571428571,,712.0,741.0,,735.5,,86.0,86.0,,86.0,,4,2,0,1,0,
2022-04-28,2403.0,real,2149.0,real,2914.0,real,2736.0,real,1582.0,real,0.07799482941864104,0.7798181753079684,,,151.19,real,3012.5,real,86.0,forward_filled_monthly,76.67,real,903.5,743.0,real,,39.58436069038393,,2425.0,2115.0,,2325.1428571428573,,2226.0,1342.0,,1913.0,,2904.0,3079.0,,2977.4285714285716,,2736.0,2541.0,,2686.4285714285716,,1574.0,1448.0,,1527.7142857142858,,151.62,154.58,,152.8814285714286,,3087.5,3138.5,,3071.0714285714284,,76.633,76.445,,76.53385714285714,,901.0,931.5,,907.1428571428571,,738.0,746.0,,735.0714285714286,,86.0,86.0,,86.0,,4,3,0,1,0,
2022-04-29,2404.0,real,2136.0,real,2938.0,real,2734.0,real,1593.0,real,0.08098088679912886,0.7713884426247686,,,150.77,real,2990.0,real,86.0,forward_filled_monthly,76.535,real,924.5,747.5,real,,39.605494892567805,,2403.0,2142.0,,2362.5714285714284,2295.5666666666666,2149.0,1363.0,,2023.4285714285713,1738.8666666666666,2914.0,3087.0,,2956.1428571428573,3049.266666666667,2736.0,2596.0,,2706.1428571428573,2713.133333333333,1582.0,1459.0,,1546.857142857143,1602.6333333333334,151.19,154.41,,152.36142857142858,153.779,3012.5,3095.0,,3056.0714285714284,3414.4666666666667,76.67,76.269,,76.57185714285713,76.17803333333333,903.5,928.5,,906.5714285714286,918.8666666666667,743.0,741.0,,736.0,722.7833333333333,86.0,86.0,,86.0,86.3,4,4,0,1,0,
2022-05-01,2404.0,forward_filled,2136.0,forward_filled,2938.0,forward_filled,2734.0,forward_filled,1593.0,forward_filled,0.059292132605604515,0.8326164690109098,-0.055773762765121804,24.528653079021268,150.77,forward_filled,2990.0,forward_filled,92.5,real,76.535,forward_filled,924.5,747.5,forward_filled,41.302352685793075,49.605494892567805,34.717191847412764,2404.0,2239.0,2546.0,2386.1428571428573,2290.8333333333335,2136.0,1636.0,2175.0,2094.8571428571427,1737.5666666666666,2938.0,3047.0,3111.0,2940.5714285714284,3043.5,2734.0,2646.0,2983.0,2718.714285714286,2704.8333333333335,1593.0,1473.0,1715.0,1564.0,1598.5666666666666,150.77,154.27,149.68,151.86142857142858,153.81533333333334,2990.0,3085.5,3156.0,3042.4285714285716,3408.9333333333334,76.535,76.262,76.159,76.61085714285716,76.19056666666667,924.5,921.5,938.0,907.0,918.4166666666666,747.5,742.5,706.0,736.7142857142857,724.1666666666666,86.0,86.0,87.0,86.92857142857143,86.48333333333333,5,6,0,1,0,
2022-05-02,2404.0,forward_filled,2136.0,forward_filled,2938.0,forward_filled,2734.0,forward_filled,1593.0,forward_filled,0.046063609287285104,0.8699610010000075,-0.055773762765121804,24.528653079021268,144.08,real,2990.0,forward_filled,92.5,forward_filled_monthly,76.485,real,920.5,751.0,real,37.846911505178944,49.605494892567805,34.717191847412764,2404.0,2307.0,2546.0,2400.0,2286.1,2136.0,1845.0,2175.0,2136.4285714285716,1736.2666666666667,2938.0,3004.0,3111.0,2931.1428571428573,3037.733333333333,2734.0,2678.0,2983.0,2726.714285714286,2696.5333333333333,1593.0,1504.0,1715.0,1576.7142857142858,1594.5,150.77,154.13,149.68,150.4257142857143,153.62866666666667,2990.0,3079.0,3156.0,3029.714285714286,3403.4,76.535,76.475,76.159,76.61228571428572,76.20143333333333,924.5,919.0,938.0,907.2142857142857,917.8333333333334,747.5,742.5,706.0,737.9285714285714,725.6666666666666,92.5,86.0,87.0,87.85714285714286,86.66666666666667,5,0,0,1,0,
2022-05-03,2412.0,real,2147.0,real,2955.0,real,2733.0,real,1609.0,real,0.03661385407283485,0.8966379533251755,-0.06330097087378639,24.195060972294904,144.08,real,2990.0,forward_filled,92.5,forward_filled_monthly,76.47,real,928.5,757.5,real,38.674189450102226,49.774568510038755,34.51703658337694,2404.0,2356.0,2575.0,2408.0,2280.6666666666665,2136.0,2003.0,2100.0,2157.0,1737.8333333333333,2938.0,2967.0,3272.0,2929.4285714285716,3027.1666666666665,2734.0,2699.0,3016.0,2731.5714285714284,2687.1,1593.0,1538.0,1745.0,1586.857142857143,1589.9666666666667,144.08,152.47,149.57,149.22714285714287,153.44566666666665,2990.0,3064.5,3110.0,3019.0714285714284,3399.4,76.485,76.748,76.53,76.57257142857144,76.19943333333335,920.5,890.0,943.0,912.7142857142857,917.35,751.0,726.5,719.0,742.3571428571429,726.95,92.5,86.0,87.0,88.78571428571429,86.85,5,1,0,1,0,
2022-05-04,2485.0,real,2319.0,real,3013.0,real,2732.0,real,1620.0,real,0.03570724673599963,0.8991973339814509,-0.03194390338917019,25.584748895352693,142.9,real,2990.0,forward_filled,92.5,forward_filled_monthly,76.283,real,925.0,761.5,real,37.97505975575037,51.31736526946108,35.35084933721161,2412.0,2404.0,2567.0,2419.5714285714284,2277.9333333333334,2147.0,2169.0,1969.0,2178.4285714285716,1749.5,2955.0,2919.0,3379.0,2942.8571428571427,3014.9666666666667,2733.0,2714.0,3033.0,2734.1428571428573,2677.0666666666666,1609.0,1564.0,1769.0,1594.857142857143,1585.0,144.08,152.08,149.63,147.9157142857143,153.22133333333332,2990.0,3073.5,3113.5,3007.1428571428573,3395.2833333333333,76.47,76.68,76.305,76.51585714285714,76.19869999999999,928.5,886.5,966.0,918.2142857142857,915.9833333333333,757.5,712.0,741.0,749.4285714285714,727.6333333333333,92.5,86.0,87.0,89.71428571428571,87.03333333333333,5,2,0,1,0,
2022-05-05,2644.0,real,2721.0,real,3110.0,real,2732.0,real,1632.0,real,0.07181064245822935,0.7972763270768686,0.03930817610062887,28.742510838758463,144.9,real,3088.0,real,92.5,forward_filled_monthly,76.515,real,935.0,769.5,real,38.40800272634129,54.67770341669602,37.24550650325508,2485.0,2425.0,2544.0,2450.8571428571427,2281.266666666667,2319.0,2226.0,1887.0,2249.1428571428573,1777.3,3013.0,2904.0,3413.0,2972.285714285714,3004.866666666667,2732.0,2736.0,3020.0,2733.5714285714284,2667.4666666666667,1620.0,1574.0,1782.0,1603.142857142857,1580.0,142.9,151.62,149.87,146.9557142857143,153.05566666666667,2990.0,3087.5,3245.0,3007.214285714286,3390.05,76.283,76.633,76.285,76.499,76.20636666666665,925.0,901.0,953.5,923.0714285714286,915.3666666666667,761.5,738.0,726.5,753.9285714285714,729.0666666666667,92.5,86.0,87.0,90.64285714285714,87.21666666666667,5,3,0,1,0,
2022-05-06,2718.0,real,2894.0,real,3175.0,real,2729.0,real,1640.0,real,0.06620145287885343,0.8131112433890946,0.09420289855072461,31.17534461270539,136.91,real,3171.5,real,92.5,forward_filled_monthly,76.979,real,933.5,759.5,real,34.17893582940369,56.241634378302216,38.70520676762324,2644.0,2403.0,2484.0,2495.8571428571427,2289.0666666666666,2721.0,2149.0,1734.0,2355.5714285714284,1815.9666666666667,3110.0,2914.0,3416.0,3009.5714285714284,2996.8333333333335,2732.0,2736.0,2991.0,2732.5714285714284,2658.733333333333,1632.0,1582.0,1787.0,1611.4285714285713,1575.1,144.9,151.19,150.14,144.9157142857143,152.6146666666667,3088.0,3012.5,3331.5,3029.9285714285716,3384.7166666666667,76.515,76.67,76.09,76.54314285714285,76.236,935.0,903.5,953.5,927.3571428571429,914.7,769.5,743.0,729.5,756.2857142857143,730.0666666666667,92.5,86.0,87.0,91.57142857142857,87.4,5,4,0,1,0,
2022-05-09,2831.0,real,3185.0,real,3233.0,real,2732.0,real,1650.0,real,0.06470143434392789,0.8173458422792209,0.17128671907323123,34.59155866064963,133.31,real,3171.5,real,92.5,forward_filled_monthly,77.365,real,932.0,756.5,real,29.352925970175203,58.629799225079246,40.75493519638978,2718.0,2404.0,2417.0,2556.8571428571427,2302.866666666667,2894.0,2136.0,1639.0,2505.4285714285716,1867.5,3175.0,2938.0,3337.0,3051.714285714286,2993.366666666667,2729.0,2734.0,2946.0,2732.285714285714,2651.6,1640.0,1593.0,1774.0,1619.5714285714287,1570.9666666666667,136.91,150.77,150.14,142.42142857142858,152.05366666666666,3171.5,2990.0,3531.5,3055.8571428571427,3372.7166666666667,76.979,76.535,75.666,76.66171428571428,76.29263333333333,933.5,924.5,938.5,928.4285714285714,914.4833333333333,759.5,747.5,717.5,757.5714285714286,731.3666666666667,92.5,86.0,87.0,92.5,87.58333333333333,5,0,0,1,0,
2022-05-10,2939.0,real,3461.0,real,3277.0,real,2746.0,real,1661.0,real,0.05928391618150736,0.8326396642312038,0.2406078514140988,37.6637445553943,131.9,real,3117.0,real,92.5,forward_filled_monthly,77.225,real,907.5,737.0,real,27.564123792723304,60.91229306093695,42.59824673323658,2831.0,2404.0,2369.0,2633.285714285714,2321.866666666667,3185.0,2136.0,1646.0,2694.714285714286,1928.0,3233.0,2938.0,3236.0,3100.1428571428573,2994.733333333333,2732.0,2734.0,2875.0,2734.0,2647.3,1650.0,1593.0,1755.0,1629.2857142857142,1567.8333333333333,133.31,150.77,150.61,139.7257142857143,151.43,3171.5,2990.0,3531.5,3074.0,3358.9,77.365,76.535,75.823,76.76028571428571,76.33936666666666,932.0,924.5,929.5,926.0,913.75,756.5,747.5,715.5,756.0714285714286,732.0833333333334,92.5,92.5,87.0,92.5,87.76666666666667,5,1,0,1,0,
2022-05-11,3052.0,real,3756.0,real,3316.0,real,2759.0,real,1665.0,real,0.04984856846162228,0.8592759437519533,0.29431721798134003,40.04404552295758,134.26,real,3058.0,real,92.5,forward_filled_monthly,77.425,real,902.0,726.5,real,25.075988198970556,63.300457907713984,44.02642731377455,2939.0,2404.0,2358.0,2725.8571428571427,2345.0,3461.0,2136.0,1760.0,2926.1428571428573,1994.5333333333333,3277.0,2938.0,3141.0,3154.1428571428573,3000.5666666666666,2746.0,2734.0,2808.0,2737.5714285714284,2645.6666666666665,1661.0,1593.0,1735.0,1639.5714285714287,1565.5,131.9,144.08,150.84,138.32285714285715,150.87733333333335,3117.0,2990.0,3741.0,3083.714285714286,3336.133333333333,77.225,76.485,75.928,76.89457142857142,76.38926666666666,907.5,920.5,915.5,923.3571428571429,913.3,737.0,751.0,716.0,752.5714285714286,732.4333333333333,92.5,92.5,87.0,92.5,87.95,5,2,0,1,1,0.0
2022-05-12,3117.0,real,3965.0,real,3310.0,real,2750.0,real,1665.0,real,0.03880719108652915,0.8904460948463574,0.32244378447178623,41.2905635459848,131.98,real,3049.0,real,92.5,forward_filled_monthly,77.435,real,902.0,722.0,real,19.961965619641614,64.67418104966536,44.77433812759088,3052.0,2412.0,2357.0,2826.5714285714284,2370.3333333333335,3756.0,2147.0,1864.0,3185.8571428571427,2064.5666666666666,3316.0,2955.0,3073.0,3204.8571428571427,3008.4666666666667,2759.0,2733.0,2755.0,2740.0,2645.5,1665.0,1609.0,1695.0,1647.5714285714287,1564.5,134.26,144.08,159.85,136.59428571428572,149.94833333333332,3058.0,2990.0,3741.0,3092.1428571428573,3313.0666666666666,77.425,76.47,75.995,77.03242857142857,76.43726666666666,902.0,928.5,904.5,919.5714285714286,913.2166666666667,726.5,757.5,706.0,747.5,732.9666666666667,92.5,92.5,86.0,92.5,88.16666666666667,5,3,0,1,0,1.0
2022-05-13,3104.0,real,3947.0,real,3283.0,real,2752.0,real,1673.0,real,0.05356962660191317,0.8487712811067323,0.34547030775899445,42.311056975032066,132.33,real,3049.0,real,92.5,forward_filled_monthly,77.48,real,918.5,730.0,real,19.344279574955316,64.3994364212751,45.38663418501924,3117.0,2485.0,2307.0,2915.0,2396.9,3965.0,2319.0,1796.0,3418.4285714285716,2136.266666666667,3310.0,3013.0,3015.0,3243.4285714285716,3017.4,2750.0,2732.0,2717.0,2742.8571428571427,2646.6666666666665,1665.0,1620.0,1672.0,1655.142857142857,1564.5333333333333,131.98,142.9,161.84,135.08428571428573,148.96466666666666,3049.0,2990.0,3741.0,3100.5714285714284,3290.0,77.435,76.283,75.451,77.20342857142857,76.50489999999999,902.0,925.0,909.5,918.6428571428571,913.5166666666667,722.0,761.5,711.0,743.0,733.6,92.5,92.5,86.0,92.5,88.38333333333334,5,4,0,1,0,2.0
2022-05-16,3085.0,real,3929.0,real,3241.0,real,2748.0,real,1667.0,real,0.04312185321748348,0.8782656697078665,0.3940352462720289,44.46336629313774,132.96,real,2974.0,real,92.5,forward_filled_monthly,77.833,real,935.0,734.0,real,18.772359867868637,63.99788657978161,46.678019775882646,3104.0,2644.0,2213.0,2978.0,2425.9666666666667,3947.0,2721.0,1624.0,3591.0,2213.1,3283.0,3110.0,2951.0,3262.1428571428573,3027.0666666666666,2752.0,2732.0,2660.0,2745.1428571428573,2649.6,1673.0,1632.0,1639.0,1660.142857142857,1565.4666666666667,132.33,144.9,161.25,133.37857142857143,148.02166666666665,3049.0,3088.0,3741.0,3084.285714285714,3264.4333333333334,77.48,76.515,75.465,77.39171428571429,76.58383333333333,918.5,935.0,919.5,918.6428571428571,914.0333333333333,730.0,769.5,722.0,737.9285714285714,734.0,92.5,92.5,86.0,92.5,88.6,5,0,0,1,0,5.0
2022-05-17,3095.0,real,3950.0,real,3254.0,real,2745.0,real,1663.0,real,0.046590520070018716,0.8684735155031232,0.4544172932330828,47.13938826083138,132.61,real,2999.5,real,92.5,forward_filled_monthly,77.476,real,949.0,746.0,real,19.445037171770295,64.20922860162028,48.28363295649883,3085.0,2718.0,2128.0,3031.8571428571427,2458.2,3929.0,2894.0,1490.0,3741.8571428571427,2295.1,3241.0,3175.0,2868.0,3273.4285714285716,3039.9333333333334,2748.0,2729.0,2605.0,2747.4285714285716,2654.266666666667,1667.0,1640.0,1605.0,1663.4285714285713,1567.4,132.96,136.91,160.08,132.7642857142857,147.10599999999997,2974.0,3171.5,3741.0,3059.714285714286,3239.7166666666667,77.833,76.979,75.947,77.46271428571428,76.6348,935.0,933.5,919.5,920.8571428571429,915.0166666666667,734.0,759.5,712.5,736.0,735.1166666666667,92.5,92.5,86.0,92.5,88.81666666666666,5,1,0,1,0,6.0
2022-05-18,3189.0,real,4164.0,real,3327.0,real,2758.0,real,1667.0,real,0.04049400797666484,0.8856841584005724,0.547307132459971,51.25609617083339,130.81,real,3075.0,real,92.5,forward_filled_monthly,77.81,real,959.5,742.5,real,20.80895205126919,66.19584360690384,50.753657702500035,3095.0,2831.0,2061.0,3083.0,2495.8,3950.0,3185.0,1417.0,3881.714285714286,2386.6666666666665,3254.0,3233.0,2778.0,3286.8571428571427,3058.233333333333,2745.0,2732.0,2547.0,2751.1428571428573,2661.3,1663.0,1650.0,1568.0,1665.857142857143,1570.7,132.61,133.31,157.29,132.40714285714287,146.22333333333333,2999.5,3171.5,3741.0,3045.9285714285716,3217.516666666667,77.476,77.365,75.913,77.5262857142857,76.69803333333334,949.0,932.0,891.5,924.7857142857143,917.2833333333333,746.0,756.5,696.5,734.0,736.65,92.5,92.5,86.0,92.5,89.03333333333333,5,2,0,1,0,7.0
2022-05-19,3289.0,real,4385.0,real,3370.0,real,2800.0,real,1664.0,real,0.035711838760256076,0.8991843705544217,0.6004866180048662,53.612913779891514,131.92,real,2759.5,real,92.5,forward_filled_monthly,77.415,real,949.0,725.5,real,18.000106153793972,68.30926382529059,52.16774826793491,3189.0,2939.0,2055.0,3133.0,2536.9333333333334,4164.0,3461.0,1444.0,4013.714285714286,2484.7,3327.0,3277.0,2777.0,3300.1428571428573,3078.0,2758.0,2746.0,2502.0,2758.8571428571427,2671.233333333333,1667.0,1661.0,1544.0,1666.2857142857142,1574.7,130.81,131.9,154.21,132.41000000000003,145.48033333333333,3075.0,3117.0,3741.0,2994.8571428571427,3184.8,77.81,77.225,75.96,77.55342857142857,76.74653333333335,959.5,907.5,887.5,930.7142857142857,919.3333333333334,742.5,737.0,688.5,732.3571428571429,737.8833333333333,92.5,92.5,86.0,92.5,89.25,5,3,0,1,0,8.0
2022-05-20,3344.0,real,4526.0,real,3382.0,real,2816.0,real,1662.0,real,0.028061035236200467,0.9207828264116016,0.6464795667159036,55.65123721051531,133.66,real,2808.0,real,92.5,forward_filled_monthly,77.865,real,950.0,734.5,real,18.843776075062966,69.4716449454033,53.39074232630919,3289.0,3052.0,2031.0,3174.714285714286,2580.7,4385.0,3756.0,1395.0,4123.714285714285,2589.0666666666666,3370.0,3316.0,2785.0,3309.5714285714284,3097.9,2800.0,2759.0,2473.0,2767.0,2682.6666666666665,1664.0,1665.0,1520.0,1665.857142857143,1579.4333333333334,131.92,134.26,155.94,132.32428571428574,144.73766666666668,2759.5,3058.0,3741.0,2959.1428571428573,3153.7,77.415,77.425,75.836,77.61628571428571,76.81416666666665,949.0,902.0,884.0,937.5714285714286,921.5333333333333,725.5,726.5,693.0,733.5,739.2666666666667,92.5,92.5,86.0,92.5,89.46666666666667,5,4,0,1,0,9.0
2022-05-23,3369.0,real,4602.0,real,3377.0,real,2818.0,real,1664.0,real,0.025225895367898772,0.9287865142728715,0.6555282555282556,56.0522585613863,133.99,real,2942.0,real,92.5,forward_filled_monthly,77.545,real,958.5,734.5,real,21.14439592471032,70.0,53.63135513683178,3344.0,3117.0,2035.0,3210.714285714286,2625.1666666666665,4526.0,3965.0,1368.0,4214.714285714285,2696.866666666667,3382.0,3310.0,2862.0,3319.1428571428573,3115.0666666666666,2816.0,2750.0,2448.0,2776.714285714286,2695.0,1662.0,1665.0,1505.0,1665.7142857142858,1584.7333333333333,133.66,131.98,155.56,132.61142857142858,144.01866666666666,2808.0,3049.0,3741.0,2943.8571428571427,3127.0666666666666,77.865,77.435,76.082,77.63199999999999,76.86293333333333,950.0,902.0,887.5,945.6428571428571,923.9,734.5,722.0,699.5,735.2857142857143,740.4333333333333,92.5,92.5,86.0,92.5,89.68333333333334,5,0,0,1,0,12.0
2022-05-24,3253.0,real,4288.0,real,3321.0,real,2828.0,real,1662.0,real,0.04212587630452708,0.8810773434518886,0.5730174081237911,52.3955286004133,133.31,real,2888.0,real,92.5,forward_filled_monthly,77.475,real,960.0,734.0,real,20.3918866009463,67.54843254667135,51.43731716024798,3369.0,3104.0,2068.0,3232.0,2664.6666666666665,4602.0,3947.0,1371.0,4263.428571428572,2794.1,3377.0,3283.0,2968.0,3324.5714285714284,3126.8333333333335,2818.0,2752.0,2461.0,2787.5714285714284,2707.233333333333,1664.0,1673.0,1472.0,1664.142857142857,1591.0666666666666,133.99,132.33,154.67,132.75142857142856,143.30666666666667,2942.0,3049.0,3741.0,2920.8571428571427,3098.633333333333,77.545,77.48,76.122,77.63128571428571,76.90803333333334,958.5,918.5,908.5,951.5714285714286,925.6166666666667,734.5,730.0,727.0,735.8571428571429,740.6666666666666,92.5,92.5,86.0,92.5,89.9,5,1,0,1,0,13.0
2022-05-25,3127.0,real,3987.0,real,3218.0,real,2833.0,real,1656.0,real,0.05260406500348925,0.8514970914736272,0.46326626111371083,47.531558345016336,133.27,real,2854.5,real,92.5,forward_filled_monthly,77.531,real,974.0,740.0,real,19.441784724183396,64.88552307150405,48.5189350070098,3253.0,3085.0,2137.0,3238.0,2697.6666666666665,4288.0,3929.0,1481.0,4271.714285714285,2877.633333333333,3321.0,3241.0,3042.0,3321.285714285714,3132.7,2828.0,2748.0,2497.0,2799.714285714286,2718.4333333333334,1662.0,1667.0,1449.0,1662.5714285714287,1597.9666666666667,133.31,132.96,155.69,132.79571428571427,142.5593333333333,2888.0,2974.0,3741.0,2903.785714285714,3069.0833333333335,77.475,77.833,76.292,77.58814285714286,76.94933333333333,960.0,935.0,917.0,957.1428571428571,927.5166666666667,734.0,734.0,734.0,736.7142857142857,740.8666666666667,92.5,92.5,86.0,92.5,90.11666666666666,5,2,0,1,0,14.0
2022-05-26,2933.0,real,3478.0,real,3140.0,real,2823.0,real,1652.0,real,0.07213873757577247,0.7963501043747785,0.3724847917641554,43.508289534742175,132.98,real,2971.5,real,92.5,forward_filled_monthly,77.636,real,975.5,736.5,real,21.021995501509284,60.78548784783374,46.10497372084531,3127.0,3095.0,2137.0,3214.8571428571427,2724.2,3987.0,3950.0,1481.0,4204.285714285715,2944.2,3218.0,3254.0,3042.0,3305.0,3135.9666666666667,2833.0,2745.0,2497.0,2810.8571428571427,2729.3,1656.0,1663.0,1449.0,1661.0,1604.7333333333333,133.27,132.61,155.69,132.84857142857143,141.80233333333337,2854.5,2999.5,3741.0,2899.785714285714,3043.4333333333334,77.531,77.476,76.332,77.611,76.99279999999999,974.0,949.0,927.0,960.9285714285714,929.1333333333333,740.0,746.0,736.5,735.3571428571429,740.8666666666667,92.5,92.5,86.0,92.5,90.33333333333333,5,3,0,1,0,15.0
2022-05-27,2681.0,real,2818.0,real,3048.0,real,2796.0,real,1647.0,real,0.08957202070593571,0.7471354049058064,0.25456247075339267,38.28218778119019,133.17,real,3084.5,real,92.5,forward_filled_monthly,77.624,real,1000.5,745.0,real,22.81135767809971,55.459668897499114,42.96931266871411,2933.0,3189.0,2137.0,3142.285714285714,2742.3333333333335,3478.0,4164.0,1481.0,4012.0,2988.766666666667,3140.0,3327.0,3042.0,3265.1428571428573,3136.1666666666665,2823.0,2758.0,2497.0,2816.285714285714,2739.266666666667,1652.0,1667.0,1449.0,1658.142857142857,1611.3333333333333,132.98,130.81,155.62,133.18571428571428,141.054,2971.5,3075.0,3741.0,2901.1428571428573,3021.55,77.636,77.81,76.284,77.58442857142857,77.03746666666667,975.5,959.5,928.5,966.7857142857143,931.5333333333333,736.5,742.5,741.0,735.7142857142857,741.0,92.5,92.5,86.0,92.5,90.55,5,4,0,1,0,16.0
2022-05-30,2571.0,real,2594.0,real,2944.0,real,2774.0,real,1640.0,real,0.0771670870785665,0.7821549176301319,0.2156028368794327,36.555568010130365,133.17,forward_filled,3125.0,real,92.5,forward_filled_monthly,77.554,real,1023.5,743.5,real,32.69409011470504,53.134906657273696,41.93334080607822,2681.0,3289.0,2115.0,3039.714285714286,2757.5333333333333,2818.0,4385.0,1342.0,3756.1428571428573,3030.5,3048.0,3370.0,3079.0,3204.285714285714,3131.6666666666665,2796.0,2800.0,2541.0,2812.5714285714284,2747.0333333333333,1647.0,1664.0,1448.0,1654.7142857142858,1617.7333333333333,133.17,131.92,154.58,133.3642857142857,140.34033333333335,3084.5,2759.5,3138.5,2953.3571428571427,3021.1,77.624,77.415,76.445,77.60428571428572,77.07443333333335,1000.5,949.0,931.5,977.4285714285714,934.6,745.0,725.5,746.0,738.2857142857143,740.9166666666666,92.5,92.5,86.0,92.5,90.76666666666667,5,0,0,1,0,19.0
2022-05-31,2566.0,real,2668.0,real,2873.0,real,2743.0,real,1614.0,real,0.07637887217855857,0.7843800727619119,0.1979458450046685,35.77304239998116,133.51,real,3120.0,real,92.5,forward_filled_monthly,77.598,real,1030.5,744.0,real,33.62011201619839,53.029235646354344,41.463825439988696,2571.0,3344.0,2142.0,2928.5714285714284,2771.6666666666665,2594.0,4526.0,1363.0,3490.714285714286,3074.0,2944.0,3382.0,3087.0,3131.5714285714284,3124.5333333333333,2774.0,2816.0,2596.0,2802.1428571428573,2751.9333333333334,1640.0,1662.0,1459.0,1647.857142857143,1622.9,133.17,133.66,154.41,133.34285714285713,139.64366666666666,3125.0,2808.0,3095.0,2997.9285714285716,3021.9333333333334,77.554,77.865,76.269,77.56614285714285,77.11873333333332,1023.5,950.0,928.5,988.9285714285714,938.0,743.5,734.5,741.0,739.6428571428571,741.0166666666667,92.5,92.5,86.0,92.5,90.98333333333333,5,1,0,1,0,20.0
2022-06-01,2633.0,real,2927.0,real,2851.0,real,2703.0,real,1595.0,real,0.09527495508125003,0.731035844124467,0.1759714158106298,34.799175858346615,136.95,real,3300.0,real,89.0,real,77.56,real,1042.0,741.5,real,38.79199439887423,49.06061180805809,40.87950551500797,2566.0,3369.0,2239.0,2823.4285714285716,2784.8,2668.0,4602.0,1636.0,3251.4285714285716,3117.0333333333333,2873.0,3377.0,3047.0,3056.4285714285716,3118.0,2743.0,2818.0,2646.0,2785.714285714286,2753.8333333333335,1614.0,1664.0,1473.0,1638.0,1626.9666666666667,133.51,133.99,154.27,133.76571428571427,139.06633333333332,3120.0,2942.0,3085.5,3049.0714285714284,3029.0833333333335,77.598,77.545,76.262,77.56828571428572,77.162,1030.5,958.5,921.5,1000.8571428571429,942.0166666666667,744.0,734.5,742.5,740.6428571428571,740.9833333333333,92.5,92.5,86.0,92.0,91.08333333333333,6,2,1,0,0,21.0
2022-06-02,2633.0,forward_filled,2927.0,forward_filled,2851.0,forward_filled,2703.0,forward_filled,1595.0,forward_filled,0.0975799597135562,0.7245287444917385,0.1413090593844819,33.263003570112886,142.35,real,3300.0,real,89.0,forward_filled_monthly,77.399,real,1038.5,731.5,real,41.68742767483398,49.06061180805809,39.957802142067735,2633.0,3253.0,2307.0,2734.8571428571427,2795.6666666666665,2927.0,4288.0,1845.0,3057.0,3153.1,2851.0,3321.0,3004.0,2989.285714285714,3112.9,2703.0,2828.0,2678.0,2767.8571428571427,2754.6666666666665,1595.0,1662.0,1504.0,1628.4285714285713,1630.0,136.95,133.31,154.13,135.05714285714285,138.67366666666666,3300.0,2888.0,3079.0,3107.9285714285716,3036.45,77.56,77.475,76.475,77.55742857142857,77.1928,1042.0,960.0,919.0,1012.0714285714286,946.0,741.5,734.0,742.5,740.2857142857143,740.6166666666667,89.0,92.5,86.0,91.5,91.18333333333334,6,3,1,0,0,22.0
2022-06-03,2633.0,forward_filled,2927.0,forward_filled,2851.0,forward_filled,2703.0,forward_filled,1595.0,forward_filled,0.09861458865358443,0.7216079548753931,0.11757215619694406,32.21102740216617,144.02,real,3300.0,forward_filled,89.0,forward_filled_monthly,77.615,real,1067.5,741.0,real,43.591176046634864,49.06061180805809,39.3266164412997,2633.0,3127.0,2356.0,2664.285714285714,2804.9,2927.0,3987.0,2003.0,2905.5714285714284,3183.9,2851.0,3218.0,2967.0,2936.8571428571427,3109.0333333333333,2703.0,2833.0,2699.0,2749.285714285714,2754.8,1595.0,1656.0,1538.0,1619.7142857142858,1631.9,142.35,133.27,152.47,136.59285714285713,138.392,3300.0,2854.5,3064.5,3171.5714285714284,3044.3,77.399,77.531,76.748,77.56942857142857,77.22170000000001,1038.5,974.0,890.0,1025.4285714285713,951.9166666666666,731.5,740.0,726.5,740.4285714285714,741.1,89.0,92.5,86.0,91.0,91.28333333333333,6,4,1,0,0,23.0
2022-06-06,2560.0,real,2757.0,real,2841.0,real,2660.0,real,1565.0,real,0.09140237289065695,0.7419682638675488,0.06489184692179695,29.876332373093767,144.81,real,3300.0,real,89.0,forward_filled_monthly,77.814,real,1083.5,738.5,real,44.00620699916368,47.51781504863576,37.92579942385626,2633.0,2933.0,2404.0,2611.0,2810.1,2927.0,3478.0,2169.0,2802.5714285714284,3203.5,2851.0,3140.0,2919.0,2894.1428571428573,3106.4333333333334,2703.0,2823.0,2714.0,2726.0,2753.0,1595.0,1652.0,1564.0,1607.2857142857142,1631.9333333333334,144.02,132.98,152.08,138.28285714285715,138.14966666666666,3300.0,2971.5,3073.5,3218.5,3051.85,77.615,77.636,76.68,77.59485714285714,77.25949999999999,1067.5,975.5,886.5,1040.857142857143,958.4833333333333,741.0,736.5,712.0,740.7142857142857,741.9833333333333,89.0,92.5,86.0,90.5,91.38333333333334,6,0,1,0,0,26.0
2022-06-07,2514.0,real,2668.0,real,2815.0,real,2632.0,real,1537.0,real,0.05872512868982714,0.8342171386670134,0.036701030927835054,28.62696692949247,145.88,real,3300.0,real,89.0,forward_filled_monthly,77.664,real,1100.0,732.0,real,44.50673290313752,46.54564174817785,37.176180157695484,2560.0,2681.0,2425.0,2587.1428571428573,2813.0666666666666,2757.0,2818.0,2226.0,2781.1428571428573,3218.233333333333,2841.0,3048.0,2904.0,2860.8571428571427,3103.4666666666667,2660.0,2796.0,2736.0,2702.5714285714284,2749.5333333333333,1565.0,1647.0,1574.0,1591.5714285714287,1630.7,144.81,133.17,151.62,140.09857142857143,137.95833333333334,3300.0,3084.5,3087.5,3249.285714285714,3058.9333333333334,77.814,77.624,76.633,77.60057142857143,77.29386666666666,1083.5,1000.5,901.0,1055.0714285714287,965.1166666666667,738.5,745.0,738.0,738.8571428571429,741.7833333333333,89.0,92.5,86.0,90.0,91.48333333333333,6,1,1,0,0,27.0
2022-06-08,2410.0,real,2457.0,real,2747.0,real,2585.0,real,1510.0,real,0.05864146889816742,0.834453312855973,0.0029130253849354304,27.129544274449447,145.34,real,3300.0,real,89.0,forward_filled_monthly,77.709,real,1119.5,732.5,real,45.909175778330294,44.34768472105562,36.27772656466967,2514.0,2571.0,2403.0,2564.1428571428573,2813.3,2668.0,2594.0,2149.0,2761.5714285714284,3228.5,2815.0,2944.0,2914.0,2832.714285714286,3097.9,2632.0,2774.0,2736.0,2675.5714285714284,2744.5,1537.0,1640.0,1582.0,1573.0,1628.3,145.88,133.17,151.19,141.83714285714285,137.76333333333335,3300.0,3125.0,3012.5,3274.285714285714,3068.516666666667,77.664,77.554,76.67,77.6227142857143,77.3285,1100.0,1023.5,903.5,1068.7857142857142,972.3166666666667,732.0,743.5,743.0,737.2857142857143,741.4333333333333,89.0,92.5,86.0,89.5,91.58333333333333,6,2,1,0,0,28.0
2022-06-09,2342.0,real,2369.0,real,2674.0,real,2527.0,real,1469.0,real,0.05730687380402801,0.8382209162374148,-0.02579034941763725,25.857463161197835,143.63,real,3300.0,real,89.0,forward_filled_monthly,77.815,real,1118.5,731.5,real,45.693819736507194,42.91055897255263,35.5144778967187,2410.0,2566.0,2404.0,2532.1428571428573,2811.233333333333,2457.0,2668.0,2136.0,2718.8571428571427,3236.266666666667,2747.0,2873.0,2938.0,2804.285714285714,3089.1,2585.0,2743.0,2734.0,2644.714285714286,2737.6,1510.0,1614.0,1593.0,1552.2857142857142,1624.1666666666667,145.34,133.51,150.77,143.28285714285715,137.52533333333335,3300.0,3120.0,2990.0,3300.0,3078.85,77.709,77.598,76.535,77.65371428571429,77.37116666666667,1119.5,1030.5,924.5,1081.357142857143,978.7833333333333,732.5,744.0,747.5,735.5,740.9,89.0,92.5,86.0,89.0,91.68333333333334,6,3,1,0,0,29.0
2022-06-10,2320.0,real,2371.0,real,2629.0,real,2495.0,real,1417.0,real,0.031580092991856976,0.9108484171230301,-0.03494176372712143,25.45188920403402,141.51,real,3250.0,real,89.0,forward_filled_monthly,78.144,real,1122.5,730.0,real,43.68482016263616,42.44560652450754,35.27113352242041,2342.0,2633.0,2404.0,2487.4285714285716,2808.4333333333334,2369.0,2927.0,2136.0,2639.4285714285716,3244.1,2674.0,2851.0,2938.0,2772.5714285714284,3078.8,2527.0,2703.0,2734.0,2615.0,2729.633333333333,1469.0,1595.0,1593.0,1526.857142857143,1618.3,143.63,136.95,150.77,143.93428571428572,137.21666666666667,3300.0,3300.0,2990.0,3292.8571428571427,3087.516666666667,77.815,77.56,76.535,77.73714285714286,77.42479999999999,1118.5,1042.0,924.5,1092.857142857143,985.3833333333333,731.5,741.5,747.5,733.8571428571429,740.3166666666667,89.0,89.0,92.5,89.0,91.56666666666666,6,4,1,0,0,30.0
2022-06-13,2260.0,real,2246.0,real,2600.0,real,2463.0,real,1400.0,real,0.029684557808009375,0.9161995717913389,-0.05990016638935103,24.34577841176909,140.34,real,3125.0,real,89.0,forward_filled_monthly,78.104,real,1109.0,729.0,real,44.12149165381256,41.17755439347549,34.607467047061455,2320.0,2633.0,2404.0,2434.1428571428573,2803.633333333333,2371.0,2927.0,2136.0,2542.1428571428573,3247.766666666667,2629.0,2851.0,2938.0,2736.714285714286,3067.5333333333333,2495.0,2703.0,2734.0,2580.714285714286,2720.6,1417.0,1595.0,1593.0,1499.0,1611.8666666666666,141.51,142.35,144.08,143.64714285714285,137.092,3250.0,3300.0,2990.0,3267.8571428571427,3092.016666666667,78.144,77.399,76.485,77.83785714285715,77.47876666666667,1122.5,1038.5,920.5,1102.9285714285713,991.6666666666666,730.0,731.5,751.0,733.5,739.5833333333334,89.0,89.0,92.5,89.0,91.45,6,0,1,0,0,33.0
2022-06-14,2284.0,real,2308.0,real,2629.0,real,2451.0,real,1372.0,real,0.03644232715166677,0.8971221791484525,-0.05306799336650081,24.648567833731274,140.09,real,3125.0,real,89.0,forward_filled_monthly,78.022,real,1125.5,739.0,real,43.98734573319943,41.68477524588831,34.78914070023876,2260.0,2633.0,2412.0,2384.285714285714,2799.366666666667,2246.0,2927.0,2147.0,2453.714285714286,3253.133333333333,2600.0,2851.0,2955.0,2705.0,3056.6666666666665,2463.0,2703.0,2733.0,2544.714285714286,2711.2,1400.0,1595.0,1609.0,1467.142857142857,1603.9666666666667,140.34,144.02,144.08,143.0857142857143,136.95899999999997,3125.0,3300.0,2990.0,3242.8571428571427,3096.516666666667,78.104,77.615,76.47,77.89599999999999,77.5305,1109.0,1067.5,928.5,1111.2142857142858,998.2333333333333,729.0,741.0,757.5,733.2142857142857,738.9666666666667,89.0,89.0,92.5,89.0,91.33333333333333,6,1,1,0,0,34.0
2022-06-15,2387.0,real,2551.0,real,2706.0,real,2454.0,real,1349.0,real,0.06134767512239728,0.8268136086744872,-0.03943661971830981,25.252685401258052,137.17,real,3212.5,real,89.0,forward_filled_monthly,78.171,real,1104.5,730.0,real,44.64165804968056,43.861598070826666,35.15161124075483,2284.0,2560.0,2485.0,2359.5714285714284,2796.1,2308.0,2757.0,2319.0,2424.285714285714,3260.866666666667,2629.0,2841.0,3013.0,2685.714285714286,3046.4333333333334,2451.0,2660.0,2732.0,2515.285714285714,2701.9333333333334,1372.0,1565.0,1620.0,1436.2857142857142,1594.9333333333334,140.09,144.81,142.9,141.9942857142857,136.768,3125.0,3300.0,2990.0,3230.3571428571427,3103.9333333333334,78.022,77.814,76.283,77.947,77.59343333333332,1125.5,1083.5,925.0,1114.2142857142858,1004.2166666666667,739.0,738.5,761.5,732.0,737.9166666666666,89.0,89.0,92.5,89.0,91.21666666666667,6,2,1,0,0,35.0
2022-06-16,2462.0,real,2702.0,real,2790.0,real,2460.0,real,1341.0,real,0.06529020575492347,0.8156837223083742,-0.06883509833585477,23.94979855729159,137.85,real,2903.5,real,89.0,forward_filled_monthly,77.977,real,1097.5,729.5,real,36.58371184367593,45.44666323461674,34.369879134374955,2387.0,2514.0,2644.0,2352.1428571428573,2790.0333333333333,2551.0,2668.0,2721.0,2429.1428571428573,3260.233333333333,2706.0,2815.0,3110.0,2682.1428571428573,3035.766666666667,2454.0,2632.0,2732.0,2490.714285714286,2692.866666666667,1349.0,1537.0,1632.0,1408.2857142857142,1585.2333333333333,137.17,145.88,144.9,140.84714285714284,136.53300000000002,3212.5,3300.0,3088.0,3173.714285714286,3097.7833333333333,78.171,77.664,76.515,77.99171428571428,77.64216666666667,1104.5,1100.0,935.0,1113.857142857143,1009.6333333333333,730.0,732.0,769.5,731.6428571428571,736.5833333333334,89.0,89.0,92.5,89.0,91.1,6,3,1,0,0,36.0
2022-06-17,2578.0,real,2987.0,real,2862.0,real,2467.0,real,1343.0,real,0.06357046256617603,0.8205386107172923,-0.05150846210448856,24.717683409080045,135.69,real,2849.5,real,89.0,forward_filled_monthly,77.952,real,1095.0,723.5,real,37.352841735715245,47.89823068794538,34.830610045448026,2462.0,2410.0,2718.0,2376.1428571428573,2785.366666666667,2702.0,2457.0,2894.0,2504.8571428571427,3263.3333333333335,2790.0,2747.0,3175.0,2698.5714285714284,3025.3333333333335,2460.0,2585.0,2729.0,2473.8571428571427,2684.133333333333,1341.0,1510.0,1640.0,1384.4285714285713,1575.3333333333333,137.85,145.34,136.91,139.46857142857144,136.49233333333333,2903.5,3300.0,3171.5,3109.3571428571427,3087.05,77.977,77.709,76.979,78.02642857142857,77.6746,1097.5,1119.5,933.5,1110.357142857143,1015.0166666666667,729.5,732.5,759.5,730.3571428571429,735.3833333333333,89.0,89.0,92.5,89.0,90.98333333333333,6,4,1,0,0,37.0
2022-06-20,2596.0,real,3031.0,real,2872.0,real,2470.0,real,1336.0,real,0.05742464320526404,0.8378884495617349,-0.0830095372659837,23.321613328969963,135.69,forward_filled,2693.5,real,89.0,forward_filled_monthly,77.927,real,1076.5,699.0,real,36.7102259786092,48.27864632725499,33.99296799738198,2578.0,2342.0,2831.0,2412.4285714285716,2777.5333333333333,2987.0,2369.0,3185.0,2599.4285714285716,3258.2,2862.0,2674.0,3233.0,2726.8571428571427,3013.3,2467.0,2527.0,2732.0,2465.714285714286,2675.4,1343.0,1469.0,1650.0,1365.4285714285713,1564.8666666666666,135.69,143.63,133.31,138.33428571428573,136.57166666666666,2849.5,3300.0,3171.5,3022.714285714286,3071.116666666667,77.952,77.815,77.365,78.04242857142857,77.69333333333334,1095.0,1118.5,932.0,1104.357142857143,1019.8333333333334,723.5,731.5,756.5,725.7142857142857,733.4666666666667,89.0,89.0,92.5,89.0,90.86666666666666,6,0,1,0,0,40.0
2022-06-21,2484.0,real,2710.0,real,2851.0,real,2471.0,real,1336.0,real,0.07886226433051546,0.777369379623412,-0.15481456277645456,20.139345828486594,133.47,real,2615.0,real,89.0,forward_filled_monthly,78.133,real,1087.5,704.5,real,35.680438676748494,45.91161568266182,32.08360749709196,2596.0,2320.0,2939.0,2435.8571428571427,2762.366666666667,3031.0,2371.0,3461.0,2647.8571428571427,3233.1666666666665,2872.0,2629.0,3277.0,2758.5714285714284,2999.1,2470.0,2495.0,2746.0,2462.285714285714,2666.233333333333,1336.0,1417.0,1661.0,1353.857142857143,1554.0333333333333,135.69,141.51,131.9,137.18571428571428,136.62399999999997,2693.5,3250.0,3117.0,2932.0,3054.383333333333,77.927,78.144,77.225,78.04085714285715,77.7236,1076.5,1122.5,907.5,1099.357142857143,1025.8333333333333,699.0,730.0,737.0,722.0714285714286,732.3833333333333,89.0,89.0,92.5,89.0,90.75,6,1,1,0,0,41.0
2022-06-22,2349.0,real,2343.0,real,2797.0,real,2475.0,real,1338.0,real,0.09620272153973704,0.7284167306109126,-0.2303407601572739,16.792162791485577,127.92,real,2820.0,real,89.0,forward_filled_monthly,78.18,real,1080.0,694.5,real,35.69762355435204,43.058498387839705,30.07529767489135,2484.0,2260.0,3052.0,2448.5714285714284,2738.9333333333334,2710.0,2246.0,3756.0,2661.714285714286,3186.0666666666666,2851.0,2600.0,3316.0,2786.714285714286,2981.8,2471.0,2463.0,2759.0,2464.0,2656.766666666667,1336.0,1400.0,1665.0,1345.0,1543.1333333333334,133.47,140.34,134.26,135.41142857142856,136.41266666666667,2615.0,3125.0,3058.0,2888.4285714285716,3046.45,78.133,78.104,77.425,78.05171428571428,77.74876666666665,1087.5,1109.0,902.0,1095.2142857142858,1031.7666666666667,704.5,729.0,726.5,717.1428571428571,731.3166666666667,89.0,89.0,92.5,89.0,90.63333333333334,6,2,1,0,0,42.0
2022-06-23,2354.0,real,2419.0,real,2732.0,real,2466.0,real,1339.0,real,0.09636615671882212,0.7279553480267329,-0.2447866538338146,16.151947184910938,131.45,real,2820.0,real,89.0,forward_filled_monthly,78.145,real,1066.5,689.0,real,39.18799411575677,43.16416939875904,29.691168310946562,2349.0,2284.0,3117.0,2458.5714285714284,2713.5,2343.0,2308.0,3965.0,2677.5714285714284,3134.5333333333333,2797.0,2629.0,3310.0,2801.4285714285716,2962.5333333333333,2475.0,2451.0,2750.0,2466.1428571428573,2647.3,1338.0,1372.0,1665.0,1340.2857142857142,1532.2666666666667,127.92,140.09,131.98,134.17714285714285,136.395,2820.0,3125.0,3049.0,2844.8571428571427,3038.8166666666666,78.18,78.022,77.435,78.06928571428571,77.77243333333332,1080.0,1125.5,902.0,1086.7857142857142,1037.25,694.5,739.0,722.0,710.0,730.2166666666667,89.0,89.0,92.5,89.0,90.51666666666667,6,3,1,0,0,43.0
2022-06-24,2331.0,real,2396.0,real,2695.0,real,2449.0,real,1334.0,real,0.08691687297311843,0.7546309693809933,-0.24903350515463918,15.963734495874649,129.71,real,2802.0,real,89.0,forward_filled_monthly,78.255,real,1065.5,694.5,real,37.64230914516074,42.67808274853009,29.578240697524787,2354.0,2387.0,3104.0,2450.5714285714284,2687.733333333333,2419.0,2551.0,3947.0,2655.4285714285716,3082.8333333333335,2732.0,2706.0,3283.0,2799.8571428571427,2942.9333333333334,2466.0,2454.0,2752.0,2465.4285714285716,2637.2,1339.0,1349.0,1673.0,1338.142857142857,1520.9666666666667,131.45,137.17,132.33,133.11142857142858,136.30766666666668,2820.0,3212.5,3049.0,2786.214285714286,3030.5833333333335,78.145,78.171,77.48,78.08128571428571,77.79826666666666,1066.5,1104.5,918.5,1081.2142857142858,1042.15,689.0,730.0,730.0,704.9285714285714,729.0333333333333,89.0,89.0,92.5,89.0,90.4,6,4,1,0,0,44.0
2022-06-27,2295.0,real,2332.0,real,2652.0,real,2439.0,real,1334.0,real,0.0821843076620909,0.7679911481700658,-0.2560777957860616,15.651544409164545,130.93,real,2762.0,real,89.0,forward_filled_monthly,78.44,real,1069.5,690.0,real,38.52880834430656,41.91725146991085,29.390926645498727,2331.0,2462.0,3085.0,2426.714285714286,2661.4,2396.0,2702.0,3929.0,2602.5714285714284,3029.6,2695.0,2790.0,3241.0,2780.1428571428573,2923.3,2449.0,2460.0,2748.0,2462.4285714285716,2626.9,1334.0,1341.0,1667.0,1337.142857142857,1509.8666666666666,129.71,137.85,132.96,132.12285714285716,136.23999999999998,2802.0,2903.5,2974.0,2766.0,3023.516666666667,78.255,77.977,77.833,78.14742857142856,77.8185,1065.5,1097.5,935.0,1077.2142857142858,1046.6333333333334,694.5,729.5,734.0,699.2857142857143,727.5666666666667,89.0,89.0,92.5,89.0,90.28333333333333,6,0,1,0,0,47.0
2022-06-28,2204.0,real,2152.0,real,2566.0,real,2416.0,real,1313.0,real,0.06334108665649008,0.8211861460309983,-0.2878836833602585,14.24196559999561,131.01,real,2660.0,real,89.0,forward_filled_monthly,78.995,real,1081.5,697.5,real,36.46634565030481,39.994039071178904,28.545179359997366,2295.0,2578.0,3095.0,2373.285714285714,2631.7,2332.0,2987.0,3950.0,2483.285714285714,2969.6666666666665,2652.0,2862.0,3254.0,2737.8571428571427,2900.366666666667,2439.0,2467.0,2745.0,2455.1428571428573,2615.9333333333334,1334.0,1343.0,1663.0,1332.857142857143,1498.2,130.93,135.69,132.61,131.45428571428573,136.18666666666667,2762.0,2849.5,2999.5,2738.9285714285716,3012.2,78.44,77.952,77.476,78.29642857142858,77.86913333333332,1069.5,1095.0,949.0,1075.2857142857142,1051.05,690.0,723.5,746.0,695.5714285714286,725.95,89.0,89.0,92.5,89.0,90.16666666666667,6,1,1,0,0,48.0
2022-06-29,2186.0,real,2200.0,real,2510.0,real,2359.0,real,1297.0,real,0.06456326309957472,0.8177359039913679,-0.3145186578864848,13.061552206804175,130.46,real,2769.0,real,89.0,forward_filled_monthly,78.945,real,1085.5,700.0,real,37.94610232645502,39.61362343186929,27.836931324082503,2204.0,2596.0,3189.0,2314.714285714286,2598.266666666667,2152.0,3031.0,4164.0,2364.5714285714284,2904.2,2566.0,2872.0,3327.0,2686.1428571428573,2873.133333333333,2416.0,2470.0,2758.0,2439.285714285714,2602.633333333333,1313.0,1336.0,1667.0,1327.2857142857142,1485.8666666666666,131.01,135.69,130.81,130.70714285714286,136.175,2660.0,2693.5,3075.0,2749.714285714286,3002.0,78.995,77.927,77.81,78.44185714285713,77.90696666666666,1081.5,1076.5,959.5,1076.5714285714287,1055.25,697.5,699.0,742.5,695.7142857142857,724.5333333333333,89.0,89.0,92.5,89.0,90.05,6,2,1,0,0,49.0
2022-06-30,2240.0,real,2434.0,real,2485.0,real,2306.0,real,1285.0,real,0.0783847147147075,0.778717517013715,-0.3189419276375798,12.86552097535885,130.0,real,3103.5,real,89.0,forward_filled_monthly,78.965,real,1077.5,688.0,real,49.38653853864537,40.754870349798146,27.71931258521531,2186.0,2484.0,3289.0,2279.8571428571427,2563.3,2200.0,2710.0,4385.0,2325.1428571428573,2839.1666666666665,2510.0,2851.0,3370.0,2633.8571428571427,2843.633333333333,2359.0,2471.0,2800.0,2415.714285714286,2586.1666666666665,1297.0,1336.0,1664.0,1320.0,1473.2333333333333,130.46,133.47,131.92,130.21142857142857,136.111,2769.0,2615.0,2759.5,2819.5,3013.4666666666667,78.945,78.133,77.415,78.56071428571428,77.95863333333334,1085.5,1087.5,949.0,1075.142857142857,1059.5333333333333,700.0,704.5,725.5,693.3571428571429,723.2833333333333,89.0,89.0,92.5,89.0,89.93333333333334,6,3,1,0,0,50.0
2022-07-01,2214.0,real,2381.0,real,2477.0,real,2290.0,real,1276.0,real,0.05773898466604733,0.8370010538596413,-0.3379186602870813,12.024506866018214,114.45,real,3103.5,real,91.0,real,78.956,real,1072.0,681.0,real,38.32946145618514,43.282304169940666,27.21470411961093,2240.0,2349.0,3344.0,2260.5714285714284,2525.633333333333,2434.0,2343.0,4526.0,2330.5714285714284,2767.6666666666665,2485.0,2797.0,3382.0,2588.1428571428573,2813.4666666666667,2306.0,2475.0,2816.0,2389.285714285714,2568.633333333333,1285.0,1338.0,1662.0,1311.142857142857,1460.3666666666666,130.0,127.92,133.66,128.28714285714287,135.47066666666666,3103.5,2820.0,2808.0,2860.0,3023.3166666666666,78.965,78.18,77.865,78.67157142857143,77.99499999999999,1077.5,1080.0,950.0,1074.0,1063.6,688.0,694.5,734.5,691.4285714285714,721.5,89.0,89.0,92.5,89.28571428571429,89.88333333333334,7,4,1,0,0,51.0
2022-07-04,2159.0,real,2228.0,real,2469.0,real,2282.0,real,1256.0,real,0.061183143533177574,0.8272780864585134,-0.35915701988720694,11.08326158355253,114.45,forward_filled,3103.5,real,91.0,forward_filled_monthly,78.939,real,1077.5,670.5,real,35.39111797975404,42.119923049827946,26.649956950131518,2214.0,2354.0,3369.0,2232.714285714286,2485.3,2381.0,2419.0,4602.0,2303.285714285714,2688.5333333333333,2477.0,2732.0,3377.0,2550.5714285714284,2783.2,2290.0,2466.0,2818.0,2363.0,2550.766666666667,1276.0,1339.0,1664.0,1299.2857142857142,1446.7666666666667,114.45,131.45,133.99,125.85857142857142,134.81933333333333,3103.5,2820.0,2942.0,2900.5,3028.7,78.956,78.145,77.545,78.785,78.04146666666666,1072.0,1066.5,958.5,1075.5714285714287,1067.5666666666666,681.0,689.0,734.5,688.7857142857143,719.3666666666667,91.0,89.0,92.5,89.57142857142857,89.83333333333333,7,0,1,0,0,54.0
2022-07-05,2098.0,real,2084.0,real,2441.0,real,2265.0,real,1239.0,real,0.06454769698657617,0.8177798476115916,-0.3550568705810021,11.264972707411994,113.61,real,3103.5,real,91.0,forward_filled_monthly,79.298,real,1081.0,660.5,real,36.328243760545796,40.83073671661202,26.758983624447197,2159.0,2331.0,3253.0,2199.4285714285716,2446.8,2228.0,2396.0,4288.0,2258.714285714286,2615.0666666666666,2469.0,2695.0,3321.0,2514.285714285714,2753.866666666667,2282.0,2449.0,2828.0,2336.714285714286,2532.0,1256.0,1334.0,1662.0,1285.7142857142858,1432.6666666666667,114.45,129.71,133.31,123.55857142857144,134.16266666666667,3103.5,2802.0,2888.0,2943.5714285714284,3035.883333333333,78.939,78.255,77.475,78.934,78.10223333333333,1077.5,1065.5,960.0,1077.7857142857142,1071.6,670.5,694.5,734.0,683.9285714285714,716.9166666666666,91.0,89.0,92.5,89.85714285714286,89.78333333333333,7,1,1,0,0,55.0
2022-07-06,2043.0,real,2000.0,real,2363.0,real,2247.0,real,1219.0,real,0.06505658208134277,0.8163432491914211,-0.3466581387911737,11.637189150899644,112.38,real,3103.5,real,91.0,forward_filled_monthly,79.048,real,1027.5,623.5,real,36.329771338289675,39.6683555964993,26.982313490539788,2098.0,2295.0,3127.0,2163.4285714285716,2410.6666666666665,2084.0,2332.0,3987.0,2211.285714285714,2548.8333333333335,2441.0,2652.0,3218.0,2473.0,2725.366666666667,2265.0,2439.0,2833.0,2309.285714285714,2512.4666666666667,1239.0,1334.0,1656.0,1269.2857142857142,1418.1,113.61,130.93,133.27,120.90857142857143,133.46633333333332,3103.5,2762.0,2854.5,2992.3571428571427,3044.1833333333334,79.298,78.44,77.531,79.02085714285714,78.15280000000001,1081.0,1069.5,974.0,1071.7857142857142,1073.3833333333334,660.5,690.0,740.0,674.4285714285714,713.0333333333333,91.0,89.0,92.5,90.14285714285714,89.73333333333333,7,2,1,0,0,56.0
2022-07-07,2073.0,real,2205.0,real,2278.0,real,2203.0,real,1200.0,real,0.07358831737933023,0.792257895589105,-0.2932151380838731,14.005685270357912,115.14,real,3103.5,real,91.0,forward_filled_monthly,79.175,real,997.0,616.5,real,35.71645861087172,40.302381662015335,28.40341116221475,2043.0,2204.0,2933.0,2144.714285714286,2382.0,2000.0,2152.0,3478.0,2218.8571428571427,2506.4,2363.0,2566.0,3140.0,2431.8571428571427,2696.633333333333,2247.0,2416.0,2823.0,2278.8571428571427,2491.8,1219.0,1313.0,1652.0,1253.142857142857,1403.0333333333333,112.38,131.01,132.98,118.64142857142858,132.87166666666664,3103.5,2660.0,2971.5,3055.714285714286,3048.5833333333335,79.048,78.995,77.636,79.04657142857143,78.2041,1027.5,1081.5,975.5,1059.7142857142858,1074.1,623.5,697.5,736.5,662.8571428571429,709.0333333333333,91.0,89.0,92.5,90.42857142857143,89.68333333333334,7,3,1,0,0,57.0
2022-07-08,2067.0,real,2270.0,real,2223.0,real,2163.0,real,1185.0,real,0.07390667472597064,0.791359162916569,-0.22901902275270425,16.850739777662145,113.74,real,3103.5,real,91.0,forward_filled_monthly,79.29,real,1020.5,624.0,real,32.698771478044364,40.17557644891213,30.110443866597286,2073.0,2186.0,2681.0,2127.714285714286,2361.5333333333333,2205.0,2200.0,2818.0,2228.8571428571427,2488.133333333333,2278.0,2510.0,3048.0,2390.8571428571427,2669.133333333333,2203.0,2359.0,2796.0,2250.8571428571427,2470.7,1200.0,1297.0,1647.0,1237.142857142857,1387.6333333333334,115.14,130.46,133.17,116.25285714285714,132.224,3103.5,2769.0,3084.5,3103.5,3049.2166666666667,79.175,78.945,77.624,79.09585714285716,78.25963333333333,997.0,1085.5,1000.5,1050.4285714285713,1074.7666666666667,616.5,700.0,745.0,652.0,705.0,91.0,89.0,92.5,90.71428571428571,89.63333333333334,7,4,1,0,0,58.0
2022-07-11,2081.0,real,2365.0,real,2172.0,real,2152.0,real,1180.0,real,0.06256990977564938,0.823363202305747,-0.190587320108907,18.55396260144295,109.97,real,3103.5,real,91.0,forward_filled_monthly,79.435,real,1009.5,626.5,real,29.791227430786567,40.47145527948628,31.13237756086577,2067.0,2240.0,2571.0,2105.0,2345.2,2270.0,2434.0,2594.0,2219.0,2480.5,2223.0,2485.0,2944.0,2346.1428571428573,2643.4,2163.0,2306.0,2774.0,2228.8571428571427,2449.9666666666667,1185.0,1285.0,1640.0,1222.142857142857,1372.3,113.74,130.0,133.17,113.39142857142856,131.45066666666668,3103.5,3103.5,3125.0,3103.5,3048.5,79.29,78.965,77.554,79.163,78.32233333333333,1020.5,1077.5,1023.5,1040.7142857142858,1074.3,624.0,688.0,743.5,643.2142857142857,701.1,91.0,89.0,92.5,91.0,89.58333333333333,7,0,1,0,0,61.0
2022-07-12,2013.0,real,2249.0,real,2096.0,real,2123.0,real,1176.0,real,0.06478390379754322,0.817113028451513,-0.21551052221356193,17.44941183355754,109.68,real,3103.5,real,91.0,forward_filled_monthly,79.465,real,995.0,616.0,real,29.548458580298497,39.034329530983285,30.469647100134527,2081.0,2214.0,2566.0,2076.285714285714,2326.766666666667,2365.0,2381.0,2668.0,2200.1428571428573,2466.5333333333333,2172.0,2477.0,2873.0,2291.714285714286,2617.5,2152.0,2290.0,2743.0,2205.0,2429.3,1180.0,1276.0,1614.0,1207.857142857143,1357.7,109.97,114.45,133.51,112.71000000000001,130.65633333333332,3103.5,3103.5,3120.0,3103.5,3047.95,79.435,78.956,77.598,79.23571428571428,78.38456666666666,1009.5,1072.0,1030.5,1029.7142857142858,1073.1166666666666,626.5,681.0,744.0,633.9285714285714,696.8333333333334,91.0,91.0,92.5,91.0,89.53333333333333,7,1,1,0,0,62.0
2022-07-13,2002.0,real,2334.0,real,2008.0,real,2077.0,real,1175.0,real,0.060948433238279094,0.8279406809072731,-0.23965058868211164,16.37956820581352,111.05,real,3103.5,real,91.0,forward_filled_monthly,79.68,real,968.5,591.0,real,25.73529191731024,38.801853306960744,29.82774092348811,2013.0,2159.0,2633.0,2053.8571428571427,2305.733333333333,2249.0,2228.0,2927.0,2215.285714285714,2446.766666666667,2096.0,2469.0,2851.0,2225.8571428571427,2589.4,2123.0,2282.0,2703.0,2175.714285714286,2408.4333333333334,1176.0,1256.0,1595.0,1196.2857142857142,1343.7,109.68,114.45,136.95,112.2242857142857,129.793,3103.5,3103.5,3300.0,3103.5,3041.4,79.465,78.939,77.56,79.34157142857143,78.45523333333334,995.0,1077.5,1042.0,1014.1428571428571,1070.6666666666667,616.0,670.5,741.5,622.5714285714286,691.8166666666667,91.0,91.0,89.0,91.0,89.6,7,2,1,0,0,63.0
2022-07-14,2010.0,real,2457.0,real,1920.0,real,2050.0,real,1172.0,real,0.05321246925281349,0.8497795473907039,-0.23661222939612614,16.514222736493597,106.01,real,3103.5,real,91.0,forward_filled_monthly,79.915,real,960.0,577.0,real,20.61992226390279,38.97092692443168,29.908533641896156,2002.0,2098.0,2633.0,2041.2857142857142,2284.9666666666667,2334.0,2084.0,2927.0,2268.5714285714284,2431.1,2008.0,2441.0,2851.0,2151.4285714285716,2558.366666666667,2077.0,2265.0,2703.0,2145.0,2386.6666666666665,1175.0,1239.0,1595.0,1186.7142857142858,1329.6,111.05,113.61,142.35,111.13857142857141,128.58166666666665,3103.5,3103.5,3300.0,3103.5,3034.85,79.68,79.298,77.399,79.4297142857143,78.5391,968.5,1081.0,1038.5,996.8571428571429,1068.05,591.0,660.5,731.5,610.6428571428571,686.6666666666666,91.0,91.0,89.0,91.0,89.66666666666667,7,3,1,0,0,64.0
2022-07-15,2150.0,real,2919.0,real,1885.0,real,2039.0,real,1181.0,real,0.07286764738286065,0.7942923693613567,-0.1834409418913786,18.87067702339503,104.3,real,2448.5,real,91.0,forward_filled_monthly,79.785,real,957.0,575.5,real,8.091760503137921,41.92971523017314,31.322406214037017,2010.0,2043.0,2633.0,2056.5714285714284,2268.866666666667,2457.0,2000.0,2927.0,2399.8571428571427,2430.8333333333335,1920.0,2363.0,2851.0,2083.1428571428573,2526.1666666666665,2050.0,2247.0,2703.0,2115.285714285714,2364.5333333333333,1172.0,1219.0,1595.0,1181.2857142857142,1315.8,106.01,112.38,144.02,109.98428571428572,127.25766666666665,3103.5,3103.5,3300.0,3009.9285714285716,3006.4666666666667,79.915,79.048,77.615,79.535,78.61143333333332,960.0,1027.5,1067.5,986.7857142857143,1064.3666666666666,577.0,623.5,741.0,603.7857142857143,681.15,91.0,91.0,89.0,91.0,89.73333333333333,7,4,1,0,0,65.0
2022-07-18,2162.0,real,2967.0,real,1872.0,real,2037.0,real,1187.0,real,0.07127491368414747,0.7987887060370715,-0.15546875000000004,20.110353446325032,106.69,real,2448.5,real,91.0,forward_filled_monthly,80.015,real,966.0,590.0,real,9.062286915626482,42.183325656379544,32.06621206779502,2150.0,2073.0,2560.0,2069.285714285714,2255.6,2919.0,2205.0,2757.0,2508.714285714286,2437.8333333333335,1885.0,2278.0,2841.0,2025.142857142857,2493.866666666667,2039.0,2203.0,2660.0,2091.5714285714284,2343.766666666667,1181.0,1200.0,1565.0,1179.4285714285713,1303.2,104.3,115.14,144.81,108.77714285714285,125.987,2448.5,3103.5,3300.0,2916.3571428571427,2978.0833333333335,79.785,79.175,77.814,79.655,78.6848,957.0,997.0,1083.5,982.3571428571429,1060.45,575.5,616.5,738.5,600.0,676.2,91.0,91.0,89.0,91.0,89.8,7,0,1,0,0,68.0
2022-07-19,2145.0,real,2899.0,real,1889.0,real,2039.0,real,1200.0,real,0.0758224085083234,0.7859509869776422,-0.1467780429594272,20.495509699314653,104.76,real,2432.0,real,91.0,forward_filled_monthly,79.865,real,968.5,591.0,real,7.346018699728452,41.8240442192538,32.29730581958879,2162.0,2067.0,2514.0,2080.4285714285716,2243.3,2967.0,2270.0,2668.0,2598.5714285714284,2445.5333333333333,1872.0,2223.0,2815.0,1977.4285714285713,2463.0,2037.0,2163.0,2632.0,2073.8571428571427,2324.0,1187.0,1185.0,1537.0,1181.5714285714287,1291.9666666666667,106.69,113.74,145.88,107.49428571428571,124.61633333333334,2448.5,3103.5,3300.0,2820.4285714285716,2949.15,80.015,79.29,77.664,79.73714285714287,78.75816666666668,966.0,1020.5,1100.0,974.9285714285714,1056.0666666666666,590.0,624.0,732.0,595.2857142857143,671.5,91.0,91.0,89.0,91.0,89.86666666666666,7,1,1,0,0,69.0
2022-07-20,2113.0,real,2719.0,real,1972.0,real,2057.0,real,1206.0,real,0.08457747672204473,0.7612351576211434,-0.12323651452282158,21.538827215364982,104.51,real,2358.5,real,91.0,forward_filled_monthly,80.005,real,963.5,594.0,real,6.191400991803313,41.147749749370035,32.923296329218985,2145.0,2081.0,2410.0,2085.0,2233.4,2899.0,2365.0,2457.0,2649.1428571428573,2454.266666666667,1889.0,2172.0,2747.0,1948.857142857143,2437.1666666666665,2039.0,2152.0,2585.0,2060.285714285714,2306.4,1200.0,1180.0,1510.0,1185.2857142857142,1281.8333333333333,104.76,109.97,145.34,106.71428571428571,123.25533333333333,2432.0,3103.5,3300.0,2714.0,2917.766666666667,79.865,79.435,77.709,79.81857142857143,78.83470000000001,968.5,1009.5,1119.5,968.3571428571429,1050.8666666666666,591.0,626.5,732.5,590.6428571428571,666.8833333333333,91.0,91.0,89.0,91.0,89.93333333333334,7,2,1,0,0,70.0
2022-07-21,2118.0,real,2653.0,real,2051.0,real,2073.0,real,1212.0,real,0.08152383144485727,0.7698556930349005,-0.09564474807856538,22.761643877740237,105.27,real,2349.0,real,91.0,forward_filled_monthly,79.875,real,942.0,591.0,real,7.103630629263319,41.25342076028938,33.656986326644144,2113.0,2013.0,2342.0,2100.0,2225.9333333333334,2719.0,2249.0,2369.0,2706.8571428571427,2463.733333333333,1972.0,2096.0,2674.0,1942.4285714285713,2416.4,2057.0,2123.0,2527.0,2053.1428571428573,2291.266666666667,1206.0,1176.0,1469.0,1190.4285714285713,1273.2666666666667,104.51,109.68,143.63,106.08428571428571,121.97666666666666,2358.5,3103.5,3300.0,2606.214285714286,2886.0666666666666,80.005,79.465,77.815,79.87714285714286,78.90336666666666,963.5,995.0,1118.5,960.7857142857143,1044.9833333333333,594.0,616.0,731.5,587.0714285714286,662.2,91.0,91.0,89.0,91.0,90.0,7,3,1,0,0,71.0
2022-07-22,2146.0,real,2696.0,real,2093.0,real,2080.0,real,1211.0,real,0.08143480596943481,0.7701070147156927,-0.07499999999999996,23.676581382448802,105.39,real,2349.0,real,91.0,forward_filled_monthly,79.845,real,925.5,588.0,real,8.621815073587804,41.845178421437666,34.20594882946928,2118.0,2002.0,2320.0,2120.5714285714284,2220.133333333333,2653.0,2334.0,2371.0,2758.5714285714284,2474.5666666666666,2051.0,2008.0,2629.0,1954.5714285714287,2398.5333333333333,2073.0,2077.0,2495.0,2053.5714285714284,2277.4333333333334,1212.0,1175.0,1417.0,1195.5714285714287,1266.4,105.27,111.05,141.51,105.2757142857143,120.77266666666668,2349.0,3103.5,3250.0,2498.4285714285716,2856.0333333333333,79.875,79.68,78.144,79.90071428571427,78.96006666666668,942.0,968.5,1122.5,954.6428571428571,1038.4166666666667,591.0,591.0,730.0,586.6428571428571,657.4666666666667,91.0,91.0,89.0,91.0,90.06666666666666,7,4,1,0,0,72.0
2022-07-25,2114.0,real,2596.0,real,2100.0,real,2079.0,real,1212.0,real,0.08311296191206956,0.7653695283935701,-0.06460176991150446,24.137411936270446,105.42,real,2346.5,real,91.0,forward_filled_monthly,79.719,real,911.0,584.5,real,10.668126390473219,41.1688839515539,34.482447161762266,2146.0,2010.0,2260.0,2135.4285714285716,2215.266666666667,2696.0,2457.0,2246.0,2778.4285714285716,2486.233333333333,2093.0,1920.0,2600.0,1980.2857142857142,2381.866666666667,2080.0,2050.0,2463.0,2057.714285714286,2264.633333333333,1211.0,1172.0,1400.0,1201.2857142857142,1260.1333333333334,105.39,106.01,140.34,105.19142857142857,119.60866666666668,2349.0,3103.5,3125.0,2390.285714285714,2830.0833333333335,79.845,79.915,78.104,79.8727142857143,79.01389999999999,925.5,960.0,1109.0,947.6428571428571,1031.8166666666666,588.0,577.0,729.0,587.7142857142857,652.65,91.0,91.0,89.0,91.0,90.13333333333334,7,0,1,0,0,75.0
2022-07-26,2061.0,real,2455.0,real,2088.0,real,2071.0,real,1211.0,real,0.03107754803147169,0.9122671171470214,-0.09763572679509636,22.673407339716213,106.01,real,2354.5,real,91.0,forward_filled_monthly,79.862,real,917.5,585.5,real,11.238499398937494,40.04877123580892,33.60404440382973,2114.0,2150.0,2284.0,2122.714285714286,2207.8333333333335,2596.0,2919.0,2308.0,2712.1428571428573,2491.133333333333,2100.0,1885.0,2629.0,2009.2857142857142,2363.8333333333335,2079.0,2039.0,2451.0,2062.285714285714,2251.9666666666667,1212.0,1181.0,1372.0,1205.5714285714287,1254.7666666666667,105.42,104.3,140.09,105.43571428571428,118.47266666666665,2346.5,2448.5,3125.0,2376.8571428571427,2804.4,79.719,79.785,78.022,79.88371428571428,79.07523333333333,911.0,957.0,1125.5,942.0,1024.8833333333334,584.5,575.5,739.0,589.1428571428571,647.5333333333333,91.0,91.0,89.0,91.0,90.2,7,1,1,0,0,76.0
2022-07-27,2007.0,real,2333.0,real,2076.0,real,2038.0,real,1205.0,real,0.026437899713078892,0.9253649883814045,-0.15919564306661083,19.945184356845036,106.24,real,2354.5,real,91.0,forward_filled_monthly,79.86,real,906.0,575.0,real,11.482141975975603,38.907524317880075,31.96711061410702,2061.0,2162.0,2387.0,2100.5714285714284,2195.1666666666665,2455.0,2967.0,2551.0,2621.5714285714284,2483.866666666667,2088.0,1872.0,2706.0,2038.4285714285713,2342.8333333333335,2071.0,2037.0,2454.0,2062.4285714285716,2238.1,1211.0,1187.0,1349.0,1208.142857142857,1249.9666666666667,106.01,106.69,137.17,105.37142857142858,117.44166666666666,2354.5,2448.5,3212.5,2363.4285714285716,2775.8,79.862,80.015,78.171,79.86157142857142,79.13153333333334,917.5,966.0,1104.5,933.4285714285714,1018.2666666666667,585.5,590.0,730.0,587.0,642.3666666666667,91.0,91.0,89.0,91.0,90.26666666666667,7,2,1,0,0,77.0
2022-07-28,1945.0,real,2190.0,real,2065.0,real,2003.0,real,1196.0,real,0.027831391845816907,0.9214311168316205,-0.20999187652315188,17.693988124735288,106.89,real,2356.0,real,91.0,forward_filled_monthly,79.638,real,916.5,586.0,real,15.879962806948281,37.597203782480285,30.61639287484117,2007.0,2145.0,2462.0,2072.0,2177.9333333333334,2333.0,2899.0,2702.0,2520.285714285714,2466.8,2076.0,1889.0,2790.0,2063.5714285714284,2318.6666666666665,2038.0,2039.0,2460.0,2057.285714285714,2222.866666666667,1205.0,1200.0,1341.0,1207.5714285714287,1245.1333333333334,106.24,104.76,137.85,105.67571428571429,116.40966666666667,2354.5,2432.0,2903.5,2352.5714285714284,2757.55,79.86,79.865,77.977,79.82914285714286,79.18690000000001,906.0,968.5,1097.5,926.0,1012.2333333333333,575.0,591.0,729.5,586.2857142857143,637.5833333333334,91.0,91.0,89.0,91.0,90.33333333333333,7,3,1,0,0,78.0
2022-07-29,1895.0,real,2081.0,real,2051.0,real,1971.0,real,1173.0,real,0.026479942038281083,0.925246301592212,-0.264934057408844,15.259051079657285,107.22,real,2313.5,real,91.0,forward_filled_monthly,79.351,real,914.5,584.0,real,17.047757204311154,36.54049367328691,29.155430647794372,1945.0,2113.0,2578.0,2040.857142857143,2155.1666666666665,2190.0,2719.0,2987.0,2429.1428571428573,2436.6,2065.0,1972.0,2862.0,2074.8571428571427,2291.633333333333,2003.0,2057.0,2467.0,2045.0,2206.3333333333335,1196.0,1206.0,1343.0,1202.857142857143,1239.4666666666667,106.89,104.51,135.69,106.06285714285715,115.46066666666665,2356.0,2358.5,2849.5,2346.1428571428573,2739.6833333333334,79.638,80.005,77.952,79.73571428571428,79.23353333333333,916.5,963.5,1095.0,919.0,1006.2166666666667,586.0,594.0,723.5,584.8571428571429,632.9333333333333,91.0,91.0,89.0,91.0,90.4,7,4,1,0,0,79.0
2022-08-01,1872.0,real,2062.0,real,2044.0,real,1928.0,real,1154.0,real,0.028267944867329517,0.9201987140996967,-0.27889060092449924,14.640522577881669,114.35,real,2313.5,real,96.0,real,78.971,real,901.5,584.0,real,23.702558643017902,43.74671471536565,28.784313546729003,1895.0,2118.0,2596.0,2005.7142857142858,2131.0333333333333,2081.0,2653.0,3031.0,2344.714285714286,2404.3,2051.0,2051.0,2872.0,2073.8571428571427,2264.0333333333333,1971.0,2073.0,2470.0,2024.2857142857142,2188.266666666667,1173.0,1212.0,1336.0,1194.5714285714287,1233.4,107.22,105.27,135.69,107.36,114.74933333333334,2313.5,2349.0,2693.5,2341.0714285714284,2727.016666666667,79.351,79.875,77.927,79.60657142857143,79.26833333333333,914.5,942.0,1076.5,913.2142857142857,1000.3833333333333,584.0,591.0,699.0,583.8571428571429,629.1,91.0,91.0,89.0,91.71428571428571,90.63333333333334,8,0,1,0,0,82.0
2022-08-02,1817.0,real,1971.0,real,2026.0,real,1866.0,real,1141.0,real,0.01699960207868419,0.9520095956023907,-0.2685185185185185,15.100194314201499,113.36,real,2313.5,real,96.0,forward_filled_monthly,78.605,real,869.5,580.0,real,25.634277486589692,42.58433359525293,29.060116588520902,1872.0,2146.0,2484.0,1958.7142857142858,2108.8,2062.0,2696.0,2710.0,2241.1428571428573,2379.6666666666665,2044.0,2093.0,2851.0,2064.285714285714,2236.5333333333333,1928.0,2080.0,2471.0,1993.7142857142858,2168.1,1154.0,1211.0,1336.0,1184.5714285714287,1226.9,114.35,105.39,133.47,108.49857142857142,114.079,2313.5,2349.0,2615.0,2336.0,2716.9666666666667,78.971,79.845,78.133,79.42942857142857,79.28406666666666,901.5,925.5,1087.5,905.2142857142857,993.1166666666667,584.0,588.0,704.5,582.7142857142857,624.95,96.0,91.0,89.0,92.42857142857143,90.86666666666666,8,1,1,0,0,83.0
2022-08-03,1731.0,real,1790.0,real,2005.0,real,1805.0,real,1117.0,real,0.024447918612238283,0.9309827668053293,-0.2630906768837803,15.340746335584447,110.11,real,2400.0,real,96.0,forward_filled_monthly,79.118,real,864.5,580.5,real,24.66435483373186,40.766792207440325,29.20444780135067,1817.0,2114.0,2349.0,1904.0,2088.2,1971.0,2596.0,2343.0,2126.0,2361.233333333333,2026.0,2100.0,2797.0,2050.714285714286,2210.133333333333,1866.0,2079.0,2475.0,1954.5714285714287,2145.766666666667,1141.0,1212.0,1338.0,1171.0,1219.5333333333333,113.36,105.42,127.92,109.16857142857144,113.48533333333333,2313.5,2346.5,2820.0,2343.6428571428573,2702.9666666666667,78.605,79.719,78.18,79.34357142857142,79.31533333333333,869.5,911.0,1080.0,898.5714285714286,985.9333333333333,580.0,584.5,694.5,582.1428571428571,621.15,96.0,91.0,89.0,93.14285714285714,91.1,8,2,1,0,0,84.0
2022-08-04,1603.0,real,1480.0,real,1983.0,real,1747.0,real,1095.0,real,0.0522462691014134,0.8525071604124735,-0.31903143585386573,12.86155413479737,107.03,real,2400.0,real,96.0,forward_filled_monthly,79.165,real,844.5,571.0,real,21.065805915154733,38.061614327905275,27.716932480878423,1731.0,2061.0,2354.0,1838.5714285714287,2063.1666666666665,1790.0,2455.0,2419.0,1986.7142857142858,2329.9333333333334,2005.0,2088.0,2732.0,2035.7142857142858,2185.1666666666665,1805.0,2071.0,2466.0,1908.2857142857142,2121.8,1117.0,1211.0,1339.0,1154.4285714285713,1211.4,110.11,106.01,131.45,109.31428571428572,112.67133333333332,2400.0,2354.5,2820.0,2350.1428571428573,2688.9666666666667,79.118,79.862,78.145,79.244,79.34933333333332,864.5,917.5,1066.5,888.1428571428571,978.5333333333333,580.5,585.5,689.0,580.0714285714286,617.2166666666667,96.0,91.0,89.0,93.85714285714286,91.33333333333333,8,3,1,0,0,85.0
2022-08-05,1560.0,real,1411.0,real,1967.0,real,1700.0,real,1058.0,real,0.05244250585694031,0.8519531779597184,-0.3307593307593307,12.341795266369653,109.2,real,2400.0,real,96.0,forward_filled_monthly,79.365,real,819.0,568.0,real,23.50502798741027,37.15284363399897,27.40507715982179,1603.0,2007.0,2331.0,1774.7142857142858,2037.4666666666667,1480.0,2333.0,2396.0,1855.0,2297.1,1983.0,2076.0,2695.0,2020.142857142857,2160.9,1747.0,2038.0,2449.0,1860.0,2096.8333333333335,1095.0,1205.0,1334.0,1133.4285714285713,1202.2,107.03,106.24,129.71,109.73714285714286,111.98766666666667,2400.0,2354.5,2802.0,2356.6428571428573,2675.5666666666666,79.165,79.86,78.255,79.17328571428571,79.38633333333334,844.5,906.0,1065.5,875.7142857142857,970.3166666666667,571.0,575.0,694.5,579.0714285714286,613.0,96.0,91.0,89.0,94.57142857142857,91.56666666666666,8,4,1,0,0,86.0
2022-08-08,1566.0,real,1465.0,real,1958.0,real,1671.0,real,1043.0,real,0.06624783633208653,0.8129803014607064,-0.3176470588235294,12.922907194708372,110.38,real,2400.0,real,96.0,forward_filled_monthly,79.592,real,813.0,561.0,real,24.279185978141644,37.27964884710217,27.753744316825024,1560.0,1945.0,2295.0,1720.5714285714287,2013.1666666666667,1411.0,2190.0,2332.0,1751.4285714285713,2268.2,1967.0,2065.0,2652.0,2004.857142857143,2137.766666666667,1700.0,2003.0,2439.0,1812.5714285714287,2071.233333333333,1058.0,1196.0,1334.0,1111.5714285714287,1192.5,109.2,106.89,130.93,110.23571428571428,111.30266666666668,2400.0,2356.0,2762.0,2362.9285714285716,2663.5,79.365,79.638,78.44,79.16671428571429,79.42473333333334,819.0,916.5,1069.5,860.9285714285714,961.7666666666667,568.0,586.0,690.0,575.5,608.7,96.0,91.0,89.0,95.28571428571429,91.8,8,0,1,0,0,89.0
2022-08-09,1564.0,real,1510.0,real,1938.0,real,1636.0,real,1027.0,real,0.07363132925062092,0.7921364717412065,-0.2903811252268602,14.131283540767397,109.85,real,2400.0,real,96.0,forward_filled_monthly,79.573,real,814.5,568.0,real,25.763585188889472,37.237380442734434,28.47877012446044,1566.0,1895.0,2204.0,1673.2857142857142,1991.8333333333333,1465.0,2081.0,2152.0,1669.857142857143,2246.8,1958.0,2051.0,2566.0,1988.7142857142858,2116.8333333333335,1671.0,1971.0,2416.0,1764.7142857142858,2045.2333333333333,1043.0,1173.0,1313.0,1090.7142857142858,1182.9666666666667,110.38,107.22,131.01,110.61142857142856,110.59733333333334,2400.0,2313.5,2660.0,2375.285714285714,2654.8333333333335,79.592,79.351,78.995,79.19842857142858,79.444,813.0,914.5,1081.5,846.6428571428571,952.8666666666667,561.0,584.0,697.5,573.2142857142857,604.3833333333333,96.0,91.0,89.0,96.0,92.03333333333333,8,1,1,0,0,90.0
2022-08-10,1592.0,real,1622.0,real,1932.0,real,1614.0,real,1008.0,real,0.0856340812787147,0.7582523301568153,-0.27172918572735594,14.957903411288843,109.63,real,2400.0,real,96.0,forward_filled_monthly,79.095,real,807.5,567.0,real,23.94843841791111,37.829138103882734,28.974742046773304,1564.0,1872.0,2186.0,1633.2857142857142,1972.0333333333333,1510.0,2062.0,2200.0,1607.0,2227.5333333333333,1938.0,2044.0,2510.0,1972.7142857142858,2097.5666666666666,1636.0,1928.0,2359.0,1719.857142857143,2020.4,1027.0,1154.0,1297.0,1069.857142857143,1173.3333333333333,109.85,114.35,130.46,109.93714285714285,109.903,2400.0,2313.5,2769.0,2387.6428571428573,2642.5333333333333,79.573,78.971,78.945,79.21614285714286,79.449,814.5,901.5,1085.5,833.2142857142857,943.6,568.0,584.0,700.0,570.7857142857143,599.95,96.0,96.0,89.0,96.0,92.26666666666667,8,2,1,0,0,91.0
2022-08-11,1556.0,real,1538.0,real,1927.0,real,1591.0,real,985.0,real,0.08588761589513862,0.7575365940640139,-0.3053571428571429,13.467573809412107,110.41,real,2400.0,real,96.0,forward_filled_monthly,79.585,real,822.0,583.0,real,19.49196284079182,37.0683068252635,28.080544285647267,1592.0,1817.0,2240.0,1596.0,1949.2333333333333,1622.0,1971.0,2434.0,1545.142857142857,2197.6666666666665,1932.0,2026.0,2485.0,1958.5714285714287,2078.9666666666667,1614.0,1866.0,2306.0,1680.5714285714287,1996.5666666666666,1008.0,1141.0,1285.0,1047.5714285714287,1163.3333333333333,109.63,113.36,130.0,109.51571428571427,109.25,2400.0,2313.5,3103.5,2400.0,2619.0833333333335,79.095,78.605,78.965,79.35614285714284,79.46966666666665,807.5,869.5,1077.5,826.4285714285714,935.0833333333334,567.0,580.0,688.0,571.2142857142857,596.45,96.0,96.0,89.0,96.0,92.5,8,3,1,0,0,92.0
2022-08-12,1477.0,real,1314.0,real,1907.0,real,1593.0,real,978.0,real,0.09419740249152506,0.7340778085364125,-0.33288166214995485,12.247737417888645,109.71,real,2400.0,real,96.0,forward_filled_monthly,79.651,real,829.5,589.0,real,27.940262288514866,35.398704852737964,27.348642450733188,1556.0,1731.0,2214.0,1559.7142857142858,1924.6666666666667,1538.0,1790.0,2381.0,1477.142857142857,2162.1,1927.0,2005.0,2477.0,1944.5714285714287,2059.9666666666667,1591.0,1805.0,2290.0,1650.2857142857142,1973.3333333333333,985.0,1117.0,1276.0,1027.7142857142858,1153.4,110.41,110.11,114.45,109.45857142857143,109.09200000000001,2400.0,2400.0,3103.5,2400.0,2595.633333333333,79.585,79.118,78.956,79.43228571428571,79.49283333333334,822.0,864.5,1072.0,821.4285714285714,927.0,583.0,580.5,681.0,572.4285714285714,593.3833333333333,96.0,96.0,91.0,96.0,92.66666666666667,8,4,1,0,0,93.0
2022-08-15,1404.0,real,1098.0,real,1885.0,real,1607.0,real,970.0,real,0.09214675360367858,0.7398668540064037,-0.349698934691987,11.50242663390353,107.6,real,2170.0,real,96.0,forward_filled_monthly,79.546,real,813.5,587.0,real,22.429227660296426,33.855908093315634,26.90145598034212,1477.0,1603.0,2159.0,1531.2857142857142,1899.5,1314.0,1480.0,2228.0,1422.5714285714287,2124.4333333333334,1907.0,1983.0,2469.0,1930.5714285714287,2040.5,1593.0,1747.0,2282.0,1630.2857142857142,1950.8333333333333,978.0,1095.0,1256.0,1009.8571428571429,1143.8666666666666,109.71,107.03,114.45,109.53999999999999,108.86366666666666,2400.0,2400.0,3103.5,2367.1428571428573,2564.516666666667,79.651,79.165,78.939,79.48671428571427,79.51306666666666,829.5,844.5,1077.5,817.0,918.2,589.0,571.0,670.5,574.7142857142857,590.6,96.0,96.0,91.0,96.0,92.83333333333333,8,0,1,0,0,96.0
2022-08-16,1387.0,real,1059.0,real,1850.0,real,1626.0,real,968.0,real,0.09206706365444661,0.7400918212069514,-0.33889418493803625,11.981273396346907,107.37,real,2171.5,real,96.0,forward_filled_monthly,79.256,real,797.0,574.5,real,22.836763335134993,33.49662665618988,27.188764037808145,1404.0,1560.0,2098.0,1506.5714285714287,1875.8,1098.0,1411.0,2084.0,1372.2857142857142,2090.266666666667,1885.0,1967.0,2441.0,1913.857142857143,2020.8,1607.0,1700.0,2265.0,1619.7142857142858,1929.5333333333333,970.0,1058.0,1239.0,997.0,1134.8333333333333,107.6,109.2,113.61,109.27857142857144,108.65566666666668,2170.0,2400.0,3103.5,2334.5,2533.45,79.546,79.365,79.298,79.47114285714285,79.51166666666667,813.5,819.0,1081.0,813.8571428571429,908.7333333333333,587.0,568.0,660.5,575.6428571428571,587.7333333333333,96.0,96.0,91.0,96.0,93.0,8,1,1,0,0,97.0
2022-08-17,1394.0,real,1083.0,real,1805.0,real,1659.0,real,973.0,real,0.09012839012064038,0.7455647567763648,-0.31767009300048943,12.921886362082532,105.51,real,2182.0,real,96.0,forward_filled_monthly,79.36,real,792.0,567.0,real,22.543406375791385,33.64456607147696,27.75313181724952,1387.0,1566.0,2043.0,1482.0,1854.1666666666667,1059.0,1465.0,2000.0,1317.7142857142858,2059.7,1850.0,1958.0,2363.0,1892.0,2002.2,1626.0,1671.0,2247.0,1618.0,1909.9333333333334,968.0,1043.0,1219.0,987.0,1126.6333333333334,107.37,110.38,112.38,108.58285714285715,108.42666666666668,2171.5,2400.0,3103.5,2303.3571428571427,2502.733333333333,79.256,79.592,79.048,79.438,79.52206666666666,797.0,813.0,1027.5,810.8571428571429,900.8833333333333,574.5,561.0,623.5,576.5,585.85,96.0,96.0,91.0,96.0,93.16666666666667,8,2,1,0,0,98.0
2022-08-18,1320.0,real,867.0,real,1749.0,real,1698.0,real,968.0,real,0.10187001429923553,0.7124177872174665,-0.3632416787264834,10.902236968877112,106.05,real,2141.5,real,96.0,forward_filled_monthly,79.76,real,797.0,572.0,real,20.44662940783789,32.080635109870755,26.541342181326268,1394.0,1564.0,2073.0,1447.142857142857,1829.0666666666666,1083.0,1510.0,2205.0,1225.857142857143,2015.1,1805.0,1938.0,2278.0,1865.0,1984.5666666666666,1659.0,1636.0,2203.0,1626.857142857143,1893.1,973.0,1027.0,1200.0,978.5714285714286,1118.9,105.51,109.85,115.14,108.03999999999999,108.12366666666667,2182.0,2400.0,3103.5,2266.4285714285716,2470.6666666666665,79.36,79.573,79.175,79.4647142857143,79.54156666666668,792.0,814.5,997.0,808.3571428571429,894.2166666666667,567.0,568.0,616.5,577.0714285714286,584.3666666666667,96.0,96.0,91.0,96.0,93.33333333333333,8,3,1,0,0,99.0
2022-08-19,1279.0,real,756.0,real,1688.0,real,1735.0,real,960.0,real,0.08003265957632723,0.7740653175111597,-0.38122883405902275,10.105079117682711,105.64,real,2109.0,real,96.0,forward_filled_monthly,79.925,real,800.0,571.5,real,20.467090999032695,31.214132820332186,26.06304747060963,1320.0,1592.0,2067.0,1402.4285714285713,1802.8,867.0,1622.0,2270.0,1102.142857142857,1964.6333333333334,1749.0,1932.0,2223.0,1830.142857142857,1966.7333333333333,1698.0,1614.0,2163.0,1644.142857142857,1878.8333333333333,968.0,1008.0,1185.0,971.7142857142857,1111.4,106.05,109.63,113.74,107.47,107.85366666666667,2141.5,2400.0,3103.5,2224.8571428571427,2437.516666666667,79.76,79.095,79.29,79.58328571428571,79.56273333333334,797.0,807.5,1020.5,807.2857142857143,886.8666666666667,572.0,567.0,624.0,577.7142857142857,582.6166666666667,96.0,96.0,91.0,96.0,93.5,8,4,1,0,0,100.0
2022-08-22,1270.0,real,747.0,real,1645.0,real,1751.0,real,955.0,real,0.0853081971813905,0.7591723110801892,-0.3897164824603556,9.728922052476285,105.52,real,2101.5,real,96.0,forward_filled_monthly,79.855,real,797.5,568.0,real,22.711132280287195,31.023925000677377,25.83735323148577,1279.0,1556.0,2081.0,1361.5714285714287,1775.7666666666667,756.0,1538.0,2365.0,989.1428571428571,1910.7,1688.0,1927.0,2172.0,1789.857142857143,1949.1666666666667,1735.0,1591.0,2152.0,1667.0,1865.4666666666667,960.0,985.0,1180.0,967.4285714285714,1103.9,105.64,110.41,109.97,106.77142857142859,107.70533333333334,2109.0,2400.0,3103.5,2182.214285714286,2404.116666666667,79.925,79.585,79.435,79.62185714285714,79.57673333333332,800.0,822.0,1009.5,803.7857142857143,879.8,571.5,583.0,626.5,575.5714285714286,580.6666666666666,96.0,96.0,91.0,96.0,93.66666666666667,8,0,1,0,0,103.0
2022-08-23,1271.0,real,797.0,real,1572.0,real,1765.0,real,951.0,real,0.10058243843053359,0.7160526538658505,-0.36860407352210633,10.66458543179377,105.57,real,2134.0,real,96.0,forward_filled_monthly,79.857,real,804.0,570.5,real,23.519850273280753,31.045059202861246,26.39875125907626,1270.0,1477.0,2013.0,1332.142857142857,1751.0333333333333,747.0,1314.0,2249.0,915.2857142857143,1862.3,1645.0,1907.0,2096.0,1742.0,1931.7,1751.0,1593.0,2123.0,1691.5714285714287,1853.5333333333333,955.0,978.0,1176.0,963.5714285714286,1096.4,105.52,109.71,109.68,106.17999999999999,107.56833333333333,2101.5,2400.0,3103.5,2144.214285714286,2371.8,79.855,79.651,79.465,79.65128571428572,79.5898,797.5,829.5,995.0,800.1428571428571,873.4333333333333,568.0,589.0,616.0,572.9285714285714,579.15,96.0,96.0,91.0,96.0,93.83333333333333,8,1,1,0,0,104.0
2022-08-24,1213.0,real,680.0,real,1491.0,real,1773.0,real,947.0,real,0.09784708986026935,0.7237746277948758,-0.39410589410589414,9.53439135039049,105.55,real,2150.0,real,96.0,forward_filled_monthly,79.798,real,813.5,577.0,real,22.872122634463608,29.81927547619693,25.720634810234298,1271.0,1404.0,2002.0,1304.857142857143,1724.7333333333333,797.0,1098.0,2334.0,855.5714285714286,1807.1666666666667,1572.0,1885.0,2008.0,1685.7142857142858,1914.4666666666667,1765.0,1607.0,2077.0,1715.2857142857142,1843.4,951.0,970.0,1175.0,960.2857142857143,1088.8,105.57,107.6,111.05,105.88714285714285,107.385,2134.0,2170.0,3103.5,2141.3571428571427,2340.016666666667,79.857,79.546,79.68,79.68728571428572,79.59373333333333,804.0,813.5,968.5,800.1428571428571,868.2666666666667,570.5,587.0,591.0,571.5,578.6833333333333,96.0,96.0,91.0,96.0,94.0,8,2,1,0,0,105.0
2022-08-25,1123.0,real,474.0,real,1424.0,real,1763.0,real,938.0,real,0.13211389081463792,0.6270383849345478,-0.4412935323383085,7.443121463581784,105.35,real,2141.0,real,96.0,forward_filled_monthly,79.88,real,821.5,576.5,real,26.059920742703437,27.917197279648846,24.46587287814907,1213.0,1387.0,2010.0,1267.142857142857,1695.1666666666667,680.0,1059.0,2457.0,772.0,1741.0666666666666,1491.0,1850.0,1920.0,1624.857142857143,1897.9333333333334,1773.0,1626.0,2050.0,1734.857142857143,1833.8333333333333,947.0,968.0,1172.0,956.0,1081.0,105.55,107.37,106.01,105.59857142857142,107.363,2150.0,2171.5,3103.5,2137.0,2307.9333333333334,79.798,79.256,79.915,79.77642857142858,79.59256666666667,813.5,797.0,960.0,803.6428571428571,863.65,577.0,574.5,577.0,571.7857142857143,578.6666666666666,96.0,96.0,91.0,96.0,94.16666666666667,8,3,1,0,0,106.0
2022-08-26,1082.0,real,411.0,real,1372.0,real,1744.0,real,933.0,real,0.12064068180390919,0.6594276101419759,-0.4967441860465116,4.985649832289898,105.49,real,2157.5,real,96.0,forward_filled_monthly,79.971,real,823.5,575.5,real,37.969018286219125,27.05069499011028,22.99138989937394,1123.0,1394.0,2150.0,1222.5714285714287,1659.5666666666666,474.0,1083.0,2919.0,676.0,1657.4666666666667,1424.0,1805.0,1885.0,1563.0,1880.8333333333333,1763.0,1659.0,2039.0,1747.0,1824.0,938.0,973.0,1181.0,950.2857142857143,1072.7333333333333,105.35,105.51,104.3,105.59571428571428,107.40266666666666,2141.0,2182.0,2448.5,2133.5,2298.233333333333,79.88,79.36,79.785,79.8637142857143,79.59876666666668,821.5,792.0,957.0,808.1428571428571,859.2,576.5,567.0,575.5,573.0,578.6666666666666,96.0,96.0,91.0,96.0,94.33333333333333,8,4,1,0,0,107.0
2022-08-29,1082.0,forward_filled,411.0,forward_filled,1372.0,forward_filled,1744.0,forward_filled,933.0,forward_filled,0.12287596063964122,0.6531173485975186,-0.4995374653098983,4.861856800305621,105.28,real,2152.5,real,96.0,forward_filled_monthly,79.971,real,823.5,573.0,real,35.95263519725255,27.05069499011028,22.917114080183374,1082.0,1320.0,2162.0,1188.5714285714287,1623.5666666666666,411.0,867.0,2967.0,610.8571428571429,1572.2666666666667,1372.0,1749.0,1872.0,1509.142857142857,1864.1666666666667,1744.0,1698.0,2037.0,1753.5714285714287,1814.2333333333333,933.0,968.0,1187.0,945.2857142857143,1064.2666666666667,105.49,106.05,106.69,105.48571428571428,107.35566666666666,2157.5,2141.5,2448.5,2135.0714285714284,2288.366666666667,79.971,79.76,80.015,79.89385714285716,79.5973,823.5,797.0,966.0,811.9285714285714,854.45,575.5,572.0,590.0,573.1428571428571,578.1,96.0,96.0,91.0,96.0,94.5,8,0,1,0,0,110.0
2022-08-30,1017.0,real,337.0,real,1284.0,real,1691.0,real,919.0,real,0.1268107603798789,0.6420092867803311,-0.5258741258741259,3.6946641367143815,104.92,real,2122.0,real,96.0,forward_filled_monthly,79.683,real,822.0,573.0,real,36.72986162516517,25.676971848158885,22.21679848202863,1082.0,1279.0,2145.0,1151.142857142857,1585.9666666666667,411.0,756.0,2899.0,551.0,1486.8666666666666,1372.0,1688.0,1889.0,1451.4285714285713,1844.0,1744.0,1735.0,2039.0,1747.2857142857142,1802.6333333333334,933.0,960.0,1200.0,939.4285714285714,1054.9,105.28,105.64,104.76,105.38285714285715,107.361,2152.5,2109.0,2432.0,2136.9285714285716,2278.0333333333333,79.971,79.925,79.865,79.85928571428572,79.59123333333334,823.5,800.0,968.5,815.0714285714286,849.5666666666667,573.0,571.5,591.0,573.3571428571429,577.5,96.0,96.0,91.0,96.0,94.66666666666667,8,1,1,0,0,111.0
2022-08-31,965.0,real,302.0,real,1217.0,real,1626.0,real,902.0,real,0.12064442106190561,0.6594170541005719,-0.5433033601514434,2.922232327036515,104.76,real,2121.5,real,96.0,forward_filled_monthly,79.511,real,797.0,546.5,real,38.284120535561186,24.57799333459777,21.75333939622191,1017.0,1270.0,2113.0,1107.5714285714287,1547.7,337.0,747.0,2719.0,487.42857142857144,1406.3,1284.0,1645.0,1972.0,1390.2857142857142,1818.8333333333333,1691.0,1751.0,2057.0,1729.4285714285713,1788.2666666666667,919.0,955.0,1206.0,931.8571428571429,1044.7666666666667,104.92,105.52,104.51,105.27428571428572,107.36933333333333,2122.0,2101.5,2358.5,2139.785714285714,2270.133333333333,79.683,79.855,80.005,79.81014285714286,79.57476666666666,822.0,797.5,963.5,815.0,844.0166666666667,573.0,568.0,594.0,570.2857142857143,575.9166666666666,96.0,96.0,91.0,96.0,94.83333333333333,8,2,1,0,0,112.0
2022-09-01,1002.0,real,469.0,real,1230.0,real,1559.0,real,880.0,real,0.2786672777844564,0.21331362396853715,-0.5269121813031161,3.64865941724117,96.29,real,2135.5,real,99.5,real,79.701,real,770.5,526.5,real,32.03334961880439,30.74457420001626,22.189195650344704,965.0,1271.0,2118.0,1069.142857142857,1510.5,302.0,797.0,2653.0,440.57142857142856,1333.5,1217.0,1572.0,2051.0,1341.4285714285713,1791.4666666666667,1626.0,1765.0,2073.0,1700.0,1771.1333333333334,902.0,951.0,1212.0,921.7142857142857,1033.7,104.76,105.57,105.27,103.94857142857143,107.07000000000001,2121.5,2134.0,2349.0,2140.0,2263.016666666667,79.511,79.857,79.875,79.78785714285713,79.56896666666668,797.0,804.0,942.0,810.2142857142857,838.3,546.5,570.5,591.0,564.0,573.7666666666667,96.0,96.0,91.0,96.5,95.11666666666666,9,3,1,0,0,113.0
2022-09-02,1086.0,real,733.0,real,1271.0,real,1514.0,real,869.0,real,0.35422919002389247,0.0,-0.49394221808014915,5.109827931710676,95.55,real,2129.5,real,99.5,forward_filled_monthly,79.722,real,761.0,528.5,real,31.269169188136136,32.51984718346114,23.065896759026405,1002.0,1213.0,2146.0,1051.0,1475.1666666666667,469.0,680.0,2696.0,448.14285714285717,1268.0666666666666,1230.0,1491.0,2093.0,1310.0,1764.0666666666666,1559.0,1773.0,2080.0,1663.0,1752.2666666666667,880.0,947.0,1211.0,910.5714285714286,1022.3,96.29,105.55,105.39,102.52000000000001,106.74199999999999,2135.5,2150.0,2349.0,2137.0714285714284,2255.7,79.701,79.798,79.845,79.777,79.56486666666666,770.5,813.5,925.5,802.7142857142857,832.8166666666667,526.5,577.0,588.0,557.0714285714286,571.7833333333333,99.5,96.0,91.0,97.0,95.4,9,4,1,0,0,114.0
2022-09-05,1133.0,real,844.0,real,1327.0,real,1498.0,real,863.0,real,0.3170462279914163,0.10496865611207318,-0.46404919583727533,6.434632045328767,95.55,forward_filled,2128.0,real,99.5,forward_filled_monthly,79.791,real,773.5,529.5,real,31.267228734259845,33.51315468610291,23.860779227197263,1086.0,1123.0,2114.0,1052.4285714285713,1442.4666666666667,733.0,474.0,2596.0,501.0,1209.6666666666667,1271.0,1424.0,2100.0,1296.142857142857,1738.3,1514.0,1763.0,2079.0,1625.142857142857,1732.9,869.0,938.0,1212.0,899.8571428571429,1010.6666666666666,95.55,105.35,105.42,101.12,106.413,2129.5,2141.0,2346.5,2135.214285714286,2248.4166666666665,79.722,79.88,79.719,79.76428571428572,79.56726666666667,761.0,821.5,911.0,795.8571428571429,828.2333333333333,528.5,576.5,584.5,550.3571428571429,569.95,99.5,96.0,91.0,97.5,95.68333333333334,9,0,1,0,0,117.0
2022-09-06,1114.0,real,728.0,real,1413.0,real,1487.0,real,859.0,real,0.31765602106524427,0.1032471913344617,-0.4594856865599224,6.6368784362775015,97.44,real,2128.5,real,99.5,forward_filled_monthly,79.895,real,777.5,522.0,real,32.09740752392841,33.111604844609424,23.9821270617665,1133.0,1082.0,2061.0,1057.0,1410.9,844.0,411.0,2455.0,546.2857142857143,1152.1,1327.0,1372.0,2088.0,1302.0,1715.8,1498.0,1744.0,2071.0,1588.4285714285713,1713.4333333333334,863.0,933.0,1211.0,889.2857142857143,998.9333333333333,95.55,105.49,106.01,99.97,106.12733333333334,2128.0,2157.5,2354.5,2131.0714285714284,2240.883333333333,79.791,79.971,79.862,79.75342857142857,79.56836666666666,773.5,823.5,917.5,789.2857142857143,823.5666666666667,529.5,575.5,585.5,542.7142857142857,567.8333333333334,99.5,96.0,91.0,98.0,95.96666666666667,9,1,1,0,0,118.0
2022-09-07,1133.0,real,656.0,real,1577.0,real,1482.0,real,861.0,real,0.32601661453780795,0.07964497641818169,-0.43547583457897354,7.700951195909736,97.19,real,2128.0,real,99.5,forward_filled_monthly,79.65,real,757.5,512.0,real,31.749933956555747,33.51315468610291,24.620570717545842,1114.0,1082.0,2007.0,1064.2857142857142,1381.7666666666667,728.0,411.0,2333.0,581.2857142857143,1096.2,1413.0,1372.0,2076.0,1331.2857142857142,1699.1666666666667,1487.0,1744.0,2038.0,1551.0,1694.9,859.0,933.0,1205.0,879.0,987.4666666666667,97.44,105.28,106.24,98.81428571428572,105.82566666666665,2128.5,2152.5,2354.5,2127.5714285714284,2233.3333333333335,79.895,79.971,79.86,79.70757142857143,79.56136666666667,777.5,823.5,906.0,779.8571428571429,818.6166666666667,522.0,573.0,575.0,534.0,565.7333333333333,99.5,96.0,91.0,98.5,96.25,9,2,1,0,0,119.0
2022-09-08,1178.0,real,652.0,real,1757.0,real,1477.0,real,867.0,real,0.3065639178418119,0.13456054307344223,-0.39434447300771214,9.523817969486311,98.37,real,2129.0,real,99.5,forward_filled_monthly,79.69,real,740.5,492.5,real,32.1649945288998,34.46419378437695,25.714290781691787,1133.0,1017.0,1945.0,1087.2857142857142,1356.2,656.0,337.0,2190.0,626.2857142857143,1044.9333333333334,1577.0,1284.0,2065.0,1398.857142857143,1688.9,1482.0,1691.0,2003.0,1520.4285714285713,1677.3666666666666,861.0,919.0,1196.0,871.5714285714286,976.5,97.19,104.92,106.89,97.87857142857142,105.54166666666667,2128.0,2122.0,2356.0,2128.5714285714284,2225.766666666667,79.65,79.683,79.638,79.70857142857143,79.56309999999999,757.5,822.0,916.5,768.2142857142857,812.75,512.0,573.0,586.0,522.5,562.6166666666667,99.5,96.0,91.0,99.0,96.53333333333333,9,3,1,0,0,120.0
2022-09-09,1213.0,real,672.0,real,1865.0,real,1475.0,real,873.0,real,0.2932734115343897,0.1720800549649547,-0.3598944591029024,11.050579625249384,100.21,real,2128.5,real,99.5,forward_filled_monthly,79.655,real,741.5,490.5,real,34.17602559811845,35.203890860812315,26.63034777514963,1178.0,965.0,1895.0,1122.7142857142858,1333.4666666666667,652.0,302.0,2081.0,679.1428571428571,997.9666666666667,1757.0,1217.0,2051.0,1491.4285714285713,1682.7,1477.0,1626.0,1971.0,1498.857142857143,1660.8333333333333,867.0,902.0,1173.0,867.4285714285714,966.5,98.37,104.76,107.22,97.22857142857141,105.308,2129.0,2121.5,2313.5,2129.5714285714284,2219.6,79.69,79.511,79.351,79.72914285714286,79.57323333333333,740.5,797.0,914.5,760.2857142857143,806.9833333333333,492.5,546.5,584.0,514.5,559.5,99.5,96.0,91.0,99.5,96.81666666666666,9,4,1,0,0,121.0
2022-09-12,1256.0,real,756.0,real,1922.0,real,1473.0,real,874.0,real,0.2340938024966005,0.3391459284289613,-0.3290598290598291,12.417114075699393,101.41,real,2128.5,forward_filled,99.5,forward_filled_monthly,79.355,real,754.5,502.5,real,30.48197156284535,36.11266155471861,27.45026844541964,1213.0,1002.0,1872.0,1159.0,1312.9333333333334,672.0,469.0,2062.0,720.1428571428571,954.4333333333333,1865.0,1230.0,2044.0,1590.2857142857142,1678.6333333333334,1475.0,1559.0,1928.0,1486.5714285714287,1645.6666666666667,873.0,880.0,1154.0,866.5714285714286,957.1666666666666,100.21,96.29,114.35,97.96000000000001,104.87666666666668,2128.5,2135.5,2313.5,2128.5714285714284,2213.4333333333334,79.655,79.701,78.971,79.67971428571427,79.58603333333333,741.5,770.5,901.5,758.0,802.0833333333334,490.5,526.5,584.0,511.07142857142856,556.7833333333333,99.5,99.5,96.0,99.5,96.93333333333334,9,0,1,0,0,124.0
2022-09-13,1408.0,real,1079.0,real,2074.0,real,1484.0,real,884.0,real,0.1898152152258369,0.46414575486273735,-0.22509631260319207,17.024587122383007,101.43,real,2128.5,real,99.5,forward_filled_monthly,79.602,real,765.5,502.0,real,31.094382983174473,39.32506028666649,30.214752273429806,1256.0,1086.0,1817.0,1205.0,1299.3,756.0,733.0,1971.0,769.5714285714286,924.7,1922.0,1271.0,2026.0,1705.0,1680.2333333333333,1473.0,1514.0,1866.0,1482.2857142857142,1632.9333333333334,874.0,869.0,1141.0,868.7142857142857,948.6,101.41,95.55,113.36,98.8,104.479,2128.5,2129.5,2313.5,2128.4285714285716,2207.266666666667,79.355,79.722,78.605,79.66257142857144,79.61926666666666,754.5,761.0,869.5,758.6428571428571,798.6166666666667,502.5,528.5,580.0,507.2857142857143,554.1833333333333,99.5,99.5,96.0,99.5,97.05,9,1,1,0,0,125.0
2022-09-14,1595.0,real,1565.0,real,2145.0,real,1505.0,real,893.0,real,0.23851303470105772,0.32667029872673614,-0.07856730213749274,23.518485071280544,100.43,real,2128.5,real,99.5,forward_filled_monthly,79.459,real,755.0,498.0,real,30.605905479713574,43.277156095049726,34.11109104276833,1408.0,1133.0,1731.0,1271.0,1294.7666666666667,1079.0,844.0,1790.0,872.5714285714286,917.2,2074.0,1327.0,2005.0,1821.857142857143,1684.9,1484.0,1498.0,1805.0,1483.2857142857142,1622.9333333333334,884.0,863.0,1117.0,873.0,941.1333333333333,101.43,95.55,110.11,99.49714285714286,104.15633333333334,2128.5,2128.0,2400.0,2128.5,2198.2166666666667,79.602,79.791,79.118,79.61514285714286,79.63063333333335,765.5,773.5,864.5,756.0,794.9666666666667,502.0,529.5,580.5,502.7857142857143,551.4333333333333,99.5,99.5,96.0,99.5,97.16666666666667,9,2,1,0,0,126.0
2022-09-15,1612.0,real,1637.0,real,2090.0,real,1529.0,real,900.0,real,0.21536635704379384,0.39201408831026163,0.005614472863381126,27.249267489555983,100.39,real,2132.0,real,99.5,forward_filled_monthly,79.849,real,751.5,496.0,real,32.68660280788512,43.63643753217547,36.34956049373359,1595.0,1114.0,1603.0,1342.142857142857,1295.0666666666666,1565.0,728.0,1480.0,1002.4285714285714,922.4333333333333,2145.0,1413.0,1983.0,1918.5714285714287,1688.4666666666667,1505.0,1487.0,1747.0,1489.2857142857142,1615.6666666666667,893.0,859.0,1095.0,878.8571428571429,934.6333333333333,100.43,97.44,107.03,99.91857142857144,103.935,2128.5,2128.5,2400.0,2129.0,2189.2833333333333,79.459,79.895,79.165,79.60857142857142,79.65343333333334,755.0,777.5,844.5,752.2857142857143,791.8666666666667,498.0,522.0,571.0,499.07142857142856,548.9333333333333,99.5,99.5,96.0,99.5,97.28333333333333,9,3,1,0,0,127.0
2022-09-16,1553.0,real,1519.0,real,1990.0,real,1551.0,real,905.0,real,0.2106110415414593,0.4054384915956425,-0.004487179487179471,26.80158071905713,99.26,real,2158.0,real,99.5,forward_filled_monthly,79.699,real,740.0,491.5,real,31.042841876307513,42.38951960332729,36.08094843143428,1612.0,1133.0,1560.0,1402.142857142857,1294.8333333333333,1637.0,656.0,1411.0,1125.7142857142858,926.0333333333333,2090.0,1577.0,1967.0,1977.5714285714287,1689.2333333333333,1529.0,1482.0,1700.0,1499.142857142857,1610.7,900.0,861.0,1058.0,885.1428571428571,929.5333333333333,100.39,97.19,109.2,100.21428571428571,103.60366666666665,2132.0,2128.0,2400.0,2133.285714285714,2181.2166666666667,79.849,79.65,79.365,79.61557142857144,79.66456666666666,751.5,757.5,819.0,749.7857142857143,789.2333333333333,496.0,512.0,568.0,496.14285714285717,546.3833333333333,99.5,99.5,96.0,99.5,97.4,9,4,1,0,0,128.0
2022-09-19,1553.0,forward_filled,1519.0,forward_filled,1990.0,forward_filled,1551.0,forward_filled,905.0,forward_filled,0.20990290652035642,0.4074375787433028,-0.008301404853129024,26.632541221678075,98.99,real,2162.5,real,99.5,forward_filled_monthly,79.713,real,736.5,486.0,real,30.205852054460546,42.38951960332729,35.97952473300685,1553.0,1178.0,1566.0,1455.7142857142858,1294.4,1519.0,652.0,1465.0,1249.5714285714287,927.8333333333334,1990.0,1757.0,1958.0,2010.857142857143,1690.3,1551.0,1477.0,1671.0,1509.7142857142858,1606.7,905.0,867.0,1043.0,890.5714285714286,924.9333333333333,99.26,98.37,110.38,100.30285714285715,103.22399999999999,2158.0,2129.0,2400.0,2138.0714285714284,2173.3,79.699,79.69,79.592,79.61885714285714,79.6686,740.0,740.5,813.0,749.2142857142857,786.6833333333333,491.5,492.5,561.0,495.2142857142857,543.8833333333333,99.5,99.5,96.0,99.5,97.51666666666667,9,0,1,0,0,131.0
2022-09-20,1729.0,real,1994.0,real,2023.0,real,1580.0,real,921.0,real,0.21160917966909923,0.40262071667547683,0.1054987212276215,31.67595482961382,98.8,real,2192.5,real,99.5,forward_filled_monthly,79.769,real,741.0,484.0,real,31.095783137909592,46.10913918768797,39.00557289776829,1553.0,1213.0,1564.0,1529.4285714285713,1299.9,1519.0,672.0,1510.0,1438.4285714285713,943.9666666666667,1990.0,1865.0,1938.0,2033.4285714285713,1693.1333333333334,1551.0,1475.0,1636.0,1524.7142857142858,1604.8333333333333,905.0,873.0,1027.0,897.4285714285714,921.4,98.99,100.21,109.85,100.10142857142857,102.85566666666666,2162.5,2128.5,2400.0,2147.214285714286,2166.383333333333,79.713,79.655,79.573,79.63514285714287,79.67513333333333,736.5,741.5,814.5,749.1428571428571,784.2333333333333,486.0,490.5,568.0,494.2857142857143,541.0833333333334,99.5,99.5,96.0,99.5,97.63333333333334,9,1,1,0,0,132.0
2022-09-21,1746.0,real,2021.0,real,2021.0,real,1605.0,real,934.0,real,0.220798762020838,0.3766782404184553,0.0967336683417086,31.287503704632446,98.65,real,2228.0,real,99.5,forward_filled_monthly,79.936,real,744.0,482.0,real,31.945015881699202,46.468420624813724,38.772502222779465,1729.0,1256.0,1592.0,1599.4285714285713,1305.0333333333333,1994.0,756.0,1622.0,1619.142857142857,957.2666666666667,2023.0,1922.0,1932.0,2047.5714285714287,1696.1,1580.0,1473.0,1614.0,1543.5714285714287,1604.5333333333333,921.0,874.0,1008.0,906.0,918.9333333333333,98.8,101.41,109.63,99.70714285714287,102.48966666666665,2192.5,2128.5,2400.0,2161.4285714285716,2160.65,79.769,79.355,79.095,79.71814285714287,79.70316666666668,741.0,754.5,807.5,747.6428571428571,782.1166666666667,484.0,502.5,567.0,491.35714285714283,538.25,99.5,99.5,96.0,99.5,97.75,9,2,1,0,0,133.0
2022-09-22,1720.0,real,1929.0,real,1998.0,real,1637.0,real,952.0,real,0.19967137623888115,0.4363215063518241,0.1053984575835476,31.671511328149286,98.83,real,2258.0,real,99.5,forward_filled_monthly,81.062,real,739.5,482.0,real,32.26872100833907,45.918931368033164,39.002906796889576,1746.0,1408.0,1556.0,1644.0,1310.5,2021.0,1079.0,1538.0,1740.5714285714287,970.3,2021.0,2074.0,1927.0,2036.7142857142858,1698.4666666666667,1605.0,1484.0,1591.0,1565.4285714285713,1606.0666666666666,934.0,884.0,985.0,915.7142857142857,917.8333333333334,98.65,101.43,110.41,99.33571428571429,102.10366666666667,2228.0,2128.5,2400.0,2179.9285714285716,2155.9166666666665,79.936,79.602,79.585,79.9267142857143,79.75240000000001,744.0,765.5,822.0,743.9285714285714,779.3666666666667,482.0,502.0,583.0,488.5,534.8833333333333,99.5,99.5,96.0,99.5,97.86666666666666,9,3,1,0,0,134.0
2022-09-23,1816.0,real,2206.0,real,1995.0,real,1652.0,real,966.0,real,0.13248665670173426,0.6259860552632657,0.22951929587000675,37.17232003901246,98.89,real,2305.5,real,99.5,forward_filled_monthly,81.255,real,737.5,481.0,real,33.843673979764134,47.94781477768446,42.303392023407476,1720.0,1595.0,1477.0,1675.5714285714287,1321.8,1929.0,1565.0,1314.0,1832.142857142857,1000.0333333333333,1998.0,2145.0,1907.0,2015.2857142857142,1701.4,1637.0,1505.0,1593.0,1586.4285714285713,1608.0333333333333,952.0,893.0,978.0,926.1428571428571,917.4333333333333,98.83,100.43,109.71,99.11571428571428,101.743,2258.0,2128.5,2400.0,2205.214285714286,2152.766666666667,81.062,79.459,79.651,80.18328571428572,79.80586666666666,739.5,755.0,829.5,741.4285714285714,776.3,482.0,498.0,589.0,486.07142857142856,531.2833333333333,99.5,99.5,96.0,99.5,97.98333333333333,9,4,1,0,0,135.0
2022-09-26,1813.0,real,2195.0,real,1992.0,real,1657.0,real,974.0,real,0.13457047634909075,0.6201033677094367,0.29131054131054124,39.91079510787975,99.01,real,2395.5,real,99.5,forward_filled_monthly,81.625,real,716.5,470.5,real,43.196210717317264,47.88441217113285,43.94647706472785,1816.0,1612.0,1404.0,1704.2857142857142,1335.4333333333334,2206.0,1637.0,1098.0,1911.857142857143,1036.6,1995.0,2090.0,1885.0,2001.2857142857142,1704.9666666666667,1652.0,1529.0,1607.0,1604.7142857142858,1609.7,966.0,900.0,970.0,936.7142857142857,917.5666666666667,98.89,100.39,107.6,98.91857142857143,101.45666666666666,2305.5,2132.0,2170.0,2242.8571428571427,2160.2833333333333,81.255,79.849,79.546,80.437,79.87516666666667,737.5,751.5,813.5,736.4285714285714,773.0666666666667,481.0,496.0,587.0,482.42857142857144,527.4,99.5,99.5,96.0,99.5,98.1,9,0,1,0,0,138.0
2022-09-27,1807.0,real,2160.0,real,1998.0,real,1671.0,real,983.0,real,0.12760201631746693,0.6397755467050577,0.3028118240807498,40.420510940626954,98.71,real,2309.5,real,99.5,forward_filled_monthly,81.727,real,702.5,469.0,real,40.90715258455476,47.75760695802965,44.25230656437617,1813.0,1553.0,1387.0,1740.5714285714287,1349.4333333333334,2195.0,1519.0,1059.0,2003.4285714285713,1073.3,1992.0,1990.0,1850.0,2002.4285714285713,1709.9,1657.0,1551.0,1626.0,1621.857142857143,1611.2,974.0,905.0,968.0,947.8571428571429,918.0666666666667,99.01,99.26,107.37,98.84,101.16799999999999,2395.5,2158.0,2171.5,2264.5,2164.883333333333,81.625,79.699,79.256,80.72671428571428,79.95753333333333,716.5,740.0,797.0,731.0714285714286,769.9166666666666,470.5,491.5,574.5,479.2142857142857,523.8833333333333,99.5,99.5,96.0,99.5,98.21666666666667,9,1,1,0,0,139.0
2022-09-28,1799.0,real,2107.0,real,2022.0,real,1680.0,real,992.0,real,0.12976755183229696,0.633662172720593,0.29053084648493543,39.8762404581713,98.52,real,2370.0,real,99.5,forward_filled_monthly,81.431,real,711.5,464.0,real,43.267344071667026,47.588533340558705,43.92574427490278,1807.0,1553.0,1394.0,1775.7142857142858,1362.9333333333334,2160.0,1519.0,1083.0,2087.4285714285716,1107.4333333333334,1998.0,1990.0,1805.0,2007.0,1717.1333333333334,1671.0,1551.0,1659.0,1640.2857142857142,1611.9,983.0,905.0,973.0,960.2857142857143,918.7,98.71,98.99,105.51,98.77285714285713,100.93499999999999,2309.5,2162.5,2182.0,2294.1428571428573,2171.15,81.727,79.713,79.36,80.97214285714286,80.02656666666667,702.5,736.5,792.0,727.5,767.2333333333333,469.0,486.0,567.0,476.07142857142856,520.45,99.5,99.5,96.0,99.5,98.33333333333333,9,2,1,0,0,140.0
2022-09-29,1757.0,real,1954.0,real,2063.0,real,1674.0,real,1000.0,real,0.06955102152293888,0.8036553071240466,0.33106060606060606,41.67244533078504,98.42,real,2385.0,real,99.5,forward_filled_monthly,81.489,real,721.5,470.0,real,44.345483543234955,46.70089684883627,45.00346719847102,1799.0,1729.0,1320.0,1779.7142857142858,1377.5,2107.0,1994.0,867.0,2081.714285714286,1143.6666666666667,2022.0,2023.0,1749.0,2012.7142857142858,1727.6,1680.0,1580.0,1698.0,1653.7142857142858,1611.1,992.0,921.0,968.0,971.5714285714286,919.7666666666667,98.52,98.8,106.05,98.71857142857142,100.68066666666667,2370.0,2192.5,2141.5,2321.6428571428573,2179.266666666667,81.431,79.769,79.76,81.21785714285714,80.0842,711.5,741.0,797.0,724.7142857142857,764.7166666666667,464.0,484.0,572.0,474.07142857142856,517.05,99.5,99.5,96.0,99.5,98.45,9,3,1,0,0,141.0
2022-09-30,1760.0,real,1955.0,real,2082.0,real,1663.0,real,1009.0,real,0.06927319744030386,0.8044396131339955,0.37607505863956225,43.66740360112467,98.31,real,2741.5,real,99.5,forward_filled_monthly,81.522,real,725.0,460.5,real,54.80877307637533,46.76429945538787,46.200442160674804,1757.0,1746.0,1279.0,1781.7142857142858,1393.5333333333333,1954.0,2021.0,756.0,2072.285714285714,1183.6333333333334,2063.0,2021.0,1688.0,2021.4285714285713,1740.7333333333333,1674.0,1605.0,1735.0,1662.0,1608.7,1000.0,934.0,960.0,982.2857142857143,921.4,98.42,98.65,105.64,98.66999999999999,100.43633333333332,2385.0,2228.0,2109.0,2395.0,2200.35,81.489,79.936,79.925,81.44442857142857,80.13743333333333,721.5,744.0,800.0,722.0,762.2166666666667,470.0,482.0,571.5,471.0,513.35,99.5,99.5,96.0,99.5,98.56666666666666,9,4,1,0,0,142.0
2022-10-01,1760.0,forward_filled,1955.0,forward_filled,2082.0,forward_filled,1663.0,forward_filled,1009.0,forward_filled,0.06668075748305588,0.8117581516120727,0.3858267716535433,44.09958169977192,98.31,forward_filled,2741.5,forward_filled,95.0,real,81.522,forward_filled,725.0,460.5,forward_filled,55.14635521729247,39.841222532310944,46.45974901986315,1760.0,1720.0,1270.0,1787.4285714285713,1409.8666666666666,1955.0,1929.0,747.0,2076.0,1223.9,2082.0,1998.0,1645.0,2033.4285714285713,1755.3,1663.0,1637.0,1751.0,1665.7142857142858,1605.7666666666667,1009.0,952.0,955.0,990.4285714285714,923.2,98.31,98.83,105.52,98.5957142857143,100.19599999999998,2741.5,2258.0,2101.5,2464.0714285714284,2221.6833333333334,81.522,81.062,79.855,81.51014285714287,80.193,725.0,739.5,797.5,719.9285714285714,759.8,460.5,482.0,568.0,467.92857142857144,509.76666666666665,99.5,99.5,96.0,98.85714285714286,98.53333333333333,10,5,0,1,0,143.0
2022-10-03,1788.0,real,2041.0,real,2082.0,real,1663.0,real,1012.0,real,0.034918995956589836,0.9014225904018961,0.4067663257277734,45.02758446742388,94.22,real,2741.5,forward_filled,95.0,forward_filled_monthly,81.509,real,722.0,463.0,real,51.02173330415655,40.43298019345924,47.01655068045433,1760.0,1816.0,1271.0,1783.4285714285713,1427.1,1955.0,2206.0,797.0,2052.4285714285716,1265.3666666666666,2082.0,1995.0,1572.0,2045.857142857143,1772.3,1663.0,1652.0,1765.0,1667.2857142857142,1602.3666666666666,1009.0,966.0,951.0,997.0,925.2333333333333,98.31,98.89,105.57,97.92857142857143,99.81766666666667,2741.5,2305.5,2134.0,2526.3571428571427,2241.9333333333334,81.522,81.255,79.857,81.54642857142858,80.24806666666667,725.0,737.5,804.0,717.7142857142857,757.0666666666667,460.5,481.0,570.5,465.35714285714283,506.18333333333334,95.0,99.5,96.0,98.21428571428571,98.5,10,0,0,1,0,145.0
2022-10-04,1865.0,real,2244.0,real,2110.0,real,1668.0,real,1017.0,real,0.054499296013794836,0.8461467954966702,0.5375103050288541,50.82191868366933,95.21,real,2741.5,forward_filled,95.0,forward_filled_monthly,81.479,real,728.5,477.5,real,51.232870543280896,42.06031376161704,50.493151210201596,1788.0,1813.0,1213.0,1790.857142857143,1448.8333333333333,2041.0,2195.0,680.0,2059.4285714285716,1317.5,2082.0,1992.0,1491.0,2062.714285714286,1792.9333333333334,1663.0,1657.0,1773.0,1668.857142857143,1598.8666666666666,1012.0,974.0,947.0,1003.1428571428571,927.5666666666667,94.22,99.01,105.55,97.38571428571429,99.473,2741.5,2395.5,2150.0,2575.785714285714,2261.65,81.509,81.625,79.798,81.52557142857142,80.3041,722.0,716.5,813.5,719.4285714285714,754.2333333333333,463.0,470.5,577.0,466.35714285714283,502.8666666666667,95.0,99.5,96.0,97.57142857142857,98.46666666666667,10,1,0,1,0,146.0
2022-10-05,1996.0,real,2553.0,real,2205.0,real,1676.0,real,1024.0,real,0.07280206570581703,0.7944775084715447,0.7773820124666073,61.45259437019638,95.26,real,2741.5,forward_filled,95.0,forward_filled_monthly,81.649,real,744.5,481.0,real,51.69746269076537,44.82889424770369,56.87155662211783,1865.0,1807.0,1123.0,1817.857142857143,1477.9333333333334,2244.0,2160.0,474.0,2115.5714285714284,1386.8,2110.0,1998.0,1424.0,2092.285714285714,1818.9666666666667,1668.0,1671.0,1763.0,1669.5714285714287,1595.9666666666667,1017.0,983.0,938.0,1009.0,930.4333333333333,95.21,98.71,105.35,96.89285714285714,99.13666666666667,2741.5,2309.5,2141.0,2637.5,2281.6666666666665,81.479,81.727,79.88,81.51442857142857,80.36306666666665,728.5,702.5,821.5,725.4285714285714,751.6666666666666,477.5,469.0,576.5,468.07142857142856,499.68333333333334,95.0,99.5,96.0,96.92857142857143,98.43333333333334,10,2,0,1,0,147.0
2022-10-06,1992.0,real,2506.0,real,2232.0,real,1690.0,real,1028.0,real,0.07212179036109781,0.7963979468879082,0.8410351201478743,64.27358377085226,95.46,real,2741.5,forward_filled,95.0,forward_filled_monthly,82.088,real,757.5,492.0,real,51.21138077684755,44.744357438968215,58.564150262511355,1996.0,1799.0,1082.0,1845.4285714285713,1508.2666666666667,2553.0,2107.0,411.0,2172.5714285714284,1456.6333333333334,2205.0,2022.0,1372.0,2122.285714285714,1847.6333333333334,1676.0,1680.0,1744.0,1671.0,1594.1666666666667,1024.0,992.0,933.0,1014.1428571428571,933.6,95.26,98.52,105.49,96.4557142857143,98.80233333333332,2741.5,2370.0,2157.5,2690.5714285714284,2301.133333333333,81.649,81.431,79.971,81.60828571428571,80.43363333333333,744.5,711.5,823.5,732.0,749.4666666666667,481.0,464.0,575.5,472.07142857142856,496.9,95.0,99.5,96.0,96.28571428571429,98.4,10,3,0,1,0,148.0
2022-10-07,1961.0,real,2396.0,real,2235.0,real,1706.0,real,1033.0,real,0.06605669228291534,0.8135199070453232,0.8123844731977818,63.003839459657684,95.62,real,2741.5,forward_filled,95.0,forward_filled_monthly,82.833,real,768.5,498.0,real,51.63114934436122,44.089197171268324,57.80230367579461,1992.0,1757.0,1082.0,1874.5714285714287,1537.5666666666666,2506.0,1954.0,411.0,2235.714285714286,1522.8,2232.0,2063.0,1372.0,2146.8571428571427,1876.4,1690.0,1674.0,1744.0,1675.5714285714287,1592.9,1028.0,1000.0,933.0,1018.8571428571429,936.9333333333333,95.46,98.42,105.28,96.05571428571429,98.48033333333333,2741.5,2385.0,2152.5,2741.5,2320.766666666667,82.088,81.489,79.971,81.8002857142857,80.52903333333332,757.5,721.5,823.5,738.7142857142857,747.6333333333333,492.0,470.0,573.0,476.07142857142856,494.4,95.0,99.5,96.0,95.64285714285714,98.36666666666666,10,4,0,1,0,149.0
2022-10-10,1944.0,real,2341.0,real,2228.0,real,1714.0,real,1034.0,real,0.06843447826066398,0.8068073434150129,0.9115044247787611,67.39665456310247,97.35,real,2741.5,real,95.0,forward_filled_monthly,82.385,real,786.5,514.0,real,54.156076324120164,43.72991573414257,60.437992737861485,1961.0,1760.0,1017.0,1900.857142857143,1568.4666666666667,2396.0,1955.0,337.0,2290.8571428571427,1589.6,2235.0,2082.0,1284.0,2167.714285714286,1907.8666666666666,1706.0,1663.0,1691.0,1682.857142857143,1593.6666666666667,1033.0,1009.0,919.0,1022.4285714285714,940.7666666666667,95.62,98.31,104.92,95.91857142857143,98.22800000000001,2741.5,2741.5,2122.0,2741.5,2341.4166666666665,82.833,81.522,79.683,81.92357142857142,80.61909999999999,768.5,725.0,822.0,747.5,746.45,498.0,460.5,573.0,483.7142857142857,492.43333333333334,95.0,99.5,96.0,95.0,98.33333333333333,10,0,0,1,0,152.0
2022-10-11,1904.0,real,2246.0,real,2196.0,real,1714.0,real,1032.0,real,0.07278106760101039,0.7945367867732713,0.9730569948186529,70.12455197441405,96.97,real,2741.5,real,95.0,forward_filled_monthly,82.274,real,773.0,497.5,real,54.00198765788551,42.884547646787865,62.07473118464843,1944.0,1760.0,965.0,1921.4285714285713,1599.7666666666667,2341.0,1955.0,302.0,2332.4285714285716,1654.4,2228.0,2082.0,1217.0,2184.0,1940.5,1714.0,1663.0,1626.0,1690.142857142857,1596.6,1034.0,1009.0,902.0,1025.7142857142858,945.1,97.35,98.31,104.76,95.72714285714285,97.96833333333333,2741.5,2741.5,2121.5,2741.5,2362.0833333333335,82.385,81.522,79.511,82.03099999999999,80.71119999999999,786.5,725.0,797.0,754.3571428571429,745.65,514.0,460.5,546.5,489.0,490.8,95.0,95.0,96.0,95.0,98.3,10,1,0,1,0,153.0
2022-10-12,1873.0,real,2199.0,real,2147.0,real,1708.0,real,1024.0,real,0.07367033547553595,0.7920263559573762,0.8692614770459082,65.52452432236782,96.13,real,2741.5,real,95.0,forward_filled_monthly,82.177,real,763.0,489.5,real,59.155348465880174,42.22938737908798,59.314714593420696,1904.0,1788.0,1002.0,1933.5714285714287,1628.8,2246.0,2041.0,469.0,2355.0,1712.0666666666666,2196.0,2082.0,1230.0,2193.285714285714,1971.0666666666666,1714.0,1663.0,1559.0,1696.5714285714287,1601.5666666666666,1032.0,1012.0,880.0,1027.4285714285713,949.9,96.97,94.22,96.29,96.0,97.963,2741.5,2741.5,2135.5,2741.5,2382.2833333333333,82.274,81.509,79.701,82.12642857142858,80.79373333333334,773.0,722.0,770.5,760.2142857142857,745.4,497.5,463.0,526.5,492.7857142857143,489.56666666666666,95.0,95.0,99.5,95.0,98.15,10,2,0,1,0,154.0
2022-10-13,1818.0,real,2094.0,real,2088.0,real,1696.0,real,1020.0,real,0.06539313444330466,0.8153931514257932,0.6740331491712708,56.872361628287685,95.4,real,2741.5,real,95.0,forward_filled_monthly,82.192,real,761.0,478.0,real,59.36185879407958,41.067006258975255,54.123416976972614,1873.0,1865.0,1086.0,1926.857142857143,1653.2,2199.0,2244.0,733.0,2333.5714285714284,1757.4333333333334,2147.0,2110.0,1271.0,2190.1428571428573,1998.3,1708.0,1668.0,1514.0,1700.5714285714287,1607.6333333333334,1024.0,1017.0,869.0,1027.857142857143,954.9333333333333,96.13,95.21,95.55,96.02714285714285,97.95800000000001,2741.5,2741.5,2129.5,2741.5,2402.6833333333334,82.177,81.479,79.722,82.2282857142857,80.87606666666667,763.0,728.5,761.0,764.8571428571429,745.4,489.5,477.5,528.5,492.85714285714283,487.8833333333333,95.0,95.0,99.5,95.0,98.0,10,3,0,1,0,155.0
2022-10-14,1838.0,real,2166.0,real,2081.0,real,1690.0,real,1012.0,real,0.02791765382838226,0.9211875965769528,0.6222418358340689,54.577065274465,95.93,real,2741.5,real,95.0,forward_filled_monthly,82.367,real,760.5,481.0,real,59.840719183810975,41.48969030265261,52.746239164679,1818.0,1996.0,1133.0,1904.2857142857142,1676.7,2094.0,2553.0,844.0,2278.285714285714,1801.5,2088.0,2205.0,1327.0,2172.4285714285716,2023.4333333333334,1696.0,1676.0,1498.0,1702.5714285714287,1614.0333333333333,1020.0,1024.0,863.0,1026.142857142857,959.9,95.4,95.26,95.55,96.12285714285714,97.97066666666666,2741.5,2741.5,2128.0,2741.5,2423.133333333333,82.192,81.649,79.791,82.33085714285714,80.96193333333332,761.0,744.5,773.5,767.1428571428571,744.9666666666667,478.0,481.0,529.5,492.85714285714283,486.26666666666665,95.0,95.0,99.5,95.0,97.85,10,4,0,1,0,156.0
2022-10-17,1843.0,real,2186.0,real,2088.0,real,1678.0,real,996.0,real,0.03049120600853884,0.91392237887995,0.6543985637342908,56.00219268569112,94.93,real,2741.5,real,95.0,forward_filled_monthly,82.189,real,755.0,471.0,real,57.525083482123016,41.595361313571956,53.60131561141467,1838.0,1992.0,1114.0,1883.0,1701.0,2166.0,2506.0,728.0,2232.5714285714284,1850.1,2081.0,2232.0,1413.0,2151.8571428571427,2045.9333333333334,1690.0,1690.0,1487.0,1700.857142857143,1620.4,1012.0,1028.0,859.0,1021.5714285714286,964.4666666666667,95.93,95.46,97.44,96.04714285714284,97.88699999999999,2741.5,2741.5,2128.5,2741.5,2443.5666666666666,82.367,82.088,79.895,82.34528571428572,81.0384,760.5,757.5,777.5,766.7857142857143,744.2166666666667,481.0,492.0,522.0,489.85714285714283,484.56666666666666,95.0,95.0,99.5,95.0,97.7,10,0,0,1,0,159.0
2022-10-18,1875.0,real,2247.0,real,2136.0,real,1678.0,real,990.0,real,0.0326895694505573,0.9077163306379341,0.6548984995586937,56.02434892775098,95.21,real,2741.5,real,95.0,forward_filled_monthly,82.298,real,753.0,470.0,real,57.95824005669456,42.271655783455714,53.61460935665059,1843.0,1961.0,1133.0,1870.7142857142858,1725.7333333333333,2186.0,2396.0,656.0,2211.285714285714,1903.1333333333334,2088.0,2235.0,1577.0,2137.714285714286,2064.5666666666666,1678.0,1706.0,1482.0,1696.857142857143,1626.9333333333334,996.0,1033.0,861.0,1015.4285714285714,968.7666666666667,94.93,95.62,97.19,95.98857142857142,97.821,2741.5,2741.5,2128.0,2741.5,2464.016666666667,82.189,82.833,79.65,82.26885714285713,81.12666666666665,755.0,768.5,757.5,764.5714285714286,744.0666666666667,471.0,498.0,512.0,485.85714285714283,483.1666666666667,95.0,95.0,99.5,95.0,97.55,10,1,0,1,0,160.0
2022-10-19,1871.0,real,2209.0,real,2164.0,real,1678.0,real,972.0,real,0.032327206544996656,0.9087392923693944,0.5882852292020373,53.07217052728529,94.86,real,2741.5,real,95.0,forward_filled_monthly,83.021,real,747.0,470.0,real,56.7413145322268,42.18711897472024,51.84330231637117,1875.0,1944.0,1178.0,1860.2857142857142,1748.8333333333333,2247.0,2341.0,652.0,2192.4285714285716,1955.0333333333333,2136.0,2228.0,1757.0,2128.5714285714284,2078.133333333333,1678.0,1714.0,1477.0,1691.7142857142858,1633.6333333333334,990.0,1034.0,867.0,1006.5714285714286,972.2666666666667,95.21,97.35,98.37,95.63285714285715,97.704,2741.5,2741.5,2129.0,2741.5,2484.4333333333334,82.298,82.385,79.69,82.35971428571429,81.2377,753.0,786.5,740.5,758.9285714285714,744.2833333333333,470.0,514.0,492.5,479.57142857142856,482.4166666666667,95.0,95.0,99.5,95.0,97.4,10,2,0,1,0,161.0
2022-10-20,1837.0,real,2111.0,real,2161.0,real,1676.0,real,966.0,real,0.032991235108541475,0.9068647191206455,0.5144270403957132,49.798910581870246,94.76,real,2741.5,real,95.0,forward_filled_monthly,82.825,real,751.5,480.5,real,55.31195254089394,41.468556100468746,49.879346349122144,1871.0,1904.0,1213.0,1850.7142857142858,1769.6333333333334,2209.0,2246.0,672.0,2173.1428571428573,2003.0,2164.0,2196.0,1865.0,2123.5714285714284,2088.0,1678.0,1714.0,1475.0,1686.2857142857142,1640.3333333333333,972.0,1032.0,873.0,997.1428571428571,975.3666666666667,94.86,96.97,100.21,95.31714285714285,97.52233333333334,2741.5,2741.5,2128.5,2741.5,2504.866666666667,83.021,82.274,79.655,82.43842857142856,81.34336666666667,747.0,773.0,741.5,755.8571428571429,744.6166666666667,470.0,497.5,490.5,477.14285714285717,482.0833333333333,95.0,95.0,99.5,95.0,97.25,10,3,0,1,0,162.0
2022-10-21,1819.0,real,2071.0,real,2144.0,real,1678.0,real,961.0,real,0.032873813511984935,0.907196203932918,0.4482484076433122,46.86599452568586,94.86,real,2741.5,real,95.0,forward_filled_monthly,82.542,real,740.0,480.5,real,54.52310989806205,41.08814046115913,48.11959671541152,1837.0,1873.0,1256.0,1843.0,1788.4,2111.0,2199.0,756.0,2154.8571428571427,2046.8333333333333,2161.0,2147.0,1922.0,2123.1428571428573,2095.4,1676.0,1708.0,1473.0,1682.0,1647.1666666666667,966.0,1024.0,874.0,988.1428571428571,978.2666666666667,94.76,96.13,101.41,95.13571428571429,97.304,2741.5,2741.5,2128.5,2741.5,2525.3,82.825,82.177,79.355,82.49057142857143,81.44959999999999,751.5,763.0,754.5,752.5714285714286,744.1333333333333,480.5,489.5,502.5,475.85714285714283,481.35,95.0,95.0,99.5,95.0,97.1,10,4,0,1,0,163.0
2022-10-24,1797.0,real,2036.0,real,2113.0,real,1670.0,real,959.0,real,0.028435229603427932,0.9197264640965641,0.27627840909090917,39.24459848047895,94.51,real,2851.5,real,95.0,forward_filled_monthly,82.762,real,744.5,475.0,real,57.091208709679556,40.623188013114046,43.54675908828737,1819.0,1818.0,1408.0,1840.0,1801.3666666666666,2071.0,2094.0,1079.0,2146.5714285714284,2078.733333333333,2144.0,2088.0,2074.0,2126.714285714286,2096.7,1678.0,1696.0,1484.0,1678.2857142857142,1653.3666666666666,961.0,1020.0,884.0,979.4285714285714,980.7666666666667,94.86,95.4,101.43,95.00857142857144,97.07333333333334,2741.5,2741.5,2128.5,2757.214285714286,2549.4,82.542,82.192,79.602,82.572,81.55493333333334,740.0,761.0,765.5,750.2142857142857,743.4333333333333,480.5,478.0,502.0,475.42857142857144,480.45,95.0,95.0,99.5,95.0,96.95,10,0,0,1,0,166.0
2022-10-25,1755.0,real,1955.0,real,2073.0,real,1658.0,real,953.0,real,0.025571867049245734,0.9278098254762095,0.10031347962382453,31.446154398228813,94.61,real,2839.5,real,95.0,forward_filled_monthly,82.523,real,742.5,468.5,real,57.57465479722443,39.735551521391606,38.867692638937285,1797.0,1838.0,1595.0,1828.142857142857,1806.7,2036.0,2166.0,1565.0,2116.4285714285716,2091.733333333333,2113.0,2081.0,2145.0,2125.5714285714284,2094.3,1670.0,1690.0,1505.0,1673.7142857142858,1658.4666666666667,959.0,1012.0,893.0,971.0,982.7666666666667,94.51,95.93,100.43,94.82000000000001,96.87933333333332,2851.5,2741.5,2128.5,2771.214285714286,2573.1,82.762,82.367,79.459,82.5942857142857,81.65706666666667,744.5,760.5,755.0,747.6428571428571,743.0166666666667,475.0,481.0,498.0,473.64285714285717,479.46666666666664,95.0,95.0,99.5,95.0,96.8,10,1,0,1,0,167.0
2022-10-26,1706.0,real,1885.0,real,2007.0,real,1632.0,real,940.0,real,0.024312717162267378,0.9313644446957421,0.058312655086848686,29.584754615033525,93.56,real,2839.5,real,95.0,forward_filled_monthly,81.929,real,740.0,471.5,real,56.67432463125971,38.6999756143821,37.75085276902011,1755.0,1843.0,1612.0,1808.5714285714287,1809.8333333333333,1955.0,2186.0,1637.0,2073.4285714285716,2100.0,2073.0,2088.0,2090.0,2114.0,2091.5333333333333,1658.0,1678.0,1529.0,1667.142857142857,1661.9,953.0,996.0,900.0,963.0,984.1,94.61,94.93,100.39,94.62428571428572,96.65166666666667,2839.5,2741.5,2132.0,2785.214285714286,2596.6833333333334,82.523,82.189,79.849,82.55714285714285,81.72640000000001,742.5,755.0,751.5,745.5,742.6333333333333,468.5,471.0,496.0,473.7142857142857,478.65,95.0,95.0,99.5,95.0,96.65,10,2,0,1,0,168.0
2022-10-27,1612.0,real,1748.0,real,1900.0,real,1572.0,real,922.0,real,0.0201798837288832,0.9430315617763684,0.03799098518995492,28.684135344882222,92.81,real,3260.0,real,95.0,forward_filled_monthly,82.393,real,746.0,474.5,real,66.768337736618,36.713360609098544,37.21048120692933,1706.0,1875.0,1553.0,1771.0,1811.8,1885.0,2247.0,1519.0,2002.142857142857,2107.633333333333,2007.0,2136.0,1990.0,2080.285714285714,2088.5333333333333,1632.0,1678.0,1551.0,1652.0,1662.6,940.0,990.0,905.0,953.2857142857143,984.6666666666666,93.56,95.21,99.26,94.28142857142858,96.43666666666667,2839.5,2741.5,2158.0,2859.285714285714,2633.4166666666665,81.929,82.298,79.699,82.57071428571429,81.8162,740.0,753.0,740.0,744.5,742.8333333333334,471.5,470.0,491.5,474.35714285714283,478.0833333333333,95.0,95.0,99.5,95.0,96.5,10,3,0,1,0,169.0
2022-10-28,1534.0,real,1670.0,real,1817.0,real,1483.0,real,897.0,real,0.018690259305772665,0.9472368177661699,-0.012234385061171915,26.458238726732592,93.01,real,3260.0,real,95.0,forward_filled_monthly,82.268,real,748.5,479.0,real,66.94839725464895,35.064892838756876,35.874943236039556,1612.0,1871.0,1553.0,1722.857142857143,1811.1666666666667,1748.0,2209.0,1519.0,1925.142857142857,2112.6666666666665,1900.0,2164.0,1990.0,2030.7142857142858,2082.766666666667,1572.0,1678.0,1551.0,1624.142857142857,1660.3333333333333,922.0,972.0,905.0,942.5714285714286,984.4,92.81,94.86,98.99,94.01714285714286,96.23733333333332,3260.0,2741.5,2162.5,2933.3571428571427,2670.0,82.393,83.021,79.713,82.46314285714287,81.90136666666666,746.0,747.0,736.5,744.7142857142857,743.2333333333333,474.5,470.0,486.0,475.64285714285717,477.85,95.0,95.0,99.5,95.0,96.35,10,4,0,1,0,170.0
2022-10-31,1463.0,real,1559.0,real,1745.0,real,1437.0,real,883.0,real,0.02141330242267852,0.9395495825139814,-0.15384615384615385,20.182263942423123,92.43,real,3298.5,real,95.0,forward_filled_monthly,82.78,real,739.5,471.5,real,66.46512895188717,33.56436448370228,32.10935836545387,1534.0,1837.0,1729.0,1669.4285714285713,1802.3,1670.0,2111.0,1994.0,1846.2857142857142,2098.1666666666665,1817.0,2161.0,2023.0,1971.2857142857142,2073.5,1483.0,1676.0,1580.0,1590.0,1655.5666666666666,897.0,966.0,921.0,930.7142857142857,983.1333333333333,93.01,94.76,98.8,93.6842857142857,96.025,3260.0,2741.5,2192.5,3012.9285714285716,2706.866666666667,82.268,82.825,79.769,82.45671428571428,82.00173333333333,748.5,751.5,741.0,743.0,743.1833333333333,479.0,480.5,484.0,474.35714285714283,477.43333333333334,95.0,95.0,99.5,95.0,96.2,10,0,0,1,0,173.0
2022-11-01,1377.0,real,1388.0,real,1696.0,real,1389.0,real,867.0,real,0.03053330059644055,0.9138035445515342,-0.21134020618556704,17.634232618290742,80.03,real,3080.0,real,98.8,real,82.66,real,735.5,478.0,real,50.12913346843844,37.59297694204351,30.580539570974445,1463.0,1819.0,1746.0,1606.2857142857142,1790.0,1559.0,2071.0,2021.0,1748.7142857142858,2077.0666666666666,1745.0,2144.0,2021.0,1907.2857142857142,2062.6666666666665,1437.0,1678.0,1605.0,1548.7142857142858,1648.3666666666666,883.0,961.0,934.0,917.2857142857143,980.9,92.43,94.86,98.65,91.5657142857143,95.40433333333334,3298.5,2741.5,2228.0,3061.285714285714,2735.266666666667,82.78,82.542,79.936,82.47357142857143,82.09253333333332,739.5,740.0,744.0,742.3571428571429,742.9,471.5,480.5,482.0,474.0,477.3,95.0,95.0,99.5,95.54285714285713,96.17666666666668,11,1,0,1,0,174.0
2022-11-02,1321.0,real,1286.0,real,1683.0,real,1332.0,real,855.0,real,0.025855878422161173,0.9270080525537232,-0.23197674418604652,16.719658969238292,82.1,real,3080.0,real,98.8,forward_filled_monthly,82.739,real,733.5,481.5,real,50.62161310111617,36.40946161974693,30.031795381542977,1377.0,1797.0,1720.0,1538.2857142857142,1776.7,1388.0,2036.0,1929.0,1641.5714285714287,2055.633333333333,1696.0,2113.0,1998.0,1845.857142857143,2052.1666666666665,1389.0,1670.0,1637.0,1500.4285714285713,1638.2,867.0,959.0,952.0,902.4285714285714,977.6666666666666,80.03,94.51,98.83,89.79285714285713,94.84666666666665,3080.0,2851.5,2258.0,3093.9285714285716,2762.6666666666665,82.66,82.762,81.062,82.47028571428572,82.14843333333333,735.5,744.5,739.5,740.7857142857143,742.7,478.0,475.0,482.0,474.92857142857144,477.28333333333336,98.8,95.0,99.5,96.08571428571429,96.15333333333334,11,2,0,1,0,175.0
2022-11-03,1290.0,real,1225.0,real,1699.0,real,1287.0,real,841.0,real,0.024842061256945026,0.9298700898837009,-0.289647577092511,14.16379305345658,83.37,real,3080.0,real,98.8,forward_filled_monthly,82.738,real,731.5,482.5,real,50.02616924203813,35.75430135204704,28.498275832073947,1321.0,1755.0,1816.0,1471.857142857143,1759.1666666666667,1286.0,1955.0,2206.0,1537.2857142857142,2022.9333333333334,1683.0,2073.0,1995.0,1792.4285714285713,2042.3,1332.0,1658.0,1652.0,1447.4285714285713,1626.0333333333333,855.0,953.0,966.0,886.4285714285714,973.5,82.1,94.61,98.89,88.18714285714285,94.32933333333334,3080.0,2839.5,2305.5,3128.285714285714,2788.483333333333,82.739,82.523,81.255,82.50099999999999,82.19786666666667,733.5,742.5,737.5,739.2142857142857,742.5,481.5,468.5,481.0,476.92857142857144,477.3333333333333,98.8,95.0,99.5,96.62857142857142,96.13000000000001,11,3,0,1,0,176.0
2022-11-04,1323.0,real,1343.0,real,1700.0,real,1268.0,real,836.0,real,0.06608156784571315,0.813449682559317,-0.2702702702702703,15.022559878047698,85.16,real,3080.0,real,98.8,forward_filled_monthly,81.982,real,741.5,484.5,real,48.577773938393726,36.45173002411467,29.01353592682862,1290.0,1706.0,1813.0,1417.142857142857,1742.8333333333333,1225.0,1885.0,2195.0,1459.857142857143,1994.5333333333333,1699.0,2007.0,1992.0,1748.5714285714287,2032.5666666666666,1287.0,1632.0,1657.0,1395.4285714285713,1613.0666666666666,841.0,940.0,974.0,871.5714285714286,968.9,83.37,93.56,99.01,86.98714285714287,93.86766666666668,3080.0,2839.5,2395.5,3162.6428571428573,2811.3,82.738,81.929,81.625,82.50857142857144,82.20976666666667,731.5,740.0,716.5,739.4285714285714,743.3333333333334,482.5,471.5,470.5,478.7857142857143,477.8,98.8,95.0,99.5,97.17142857142858,96.10666666666665,11,4,0,1,0,177.0
2022-11-07,1337.0,real,1404.0,real,1696.0,real,1251.0,real,826.0,real,0.07271035860278999,0.7947364004703121,-0.2600996126175982,15.473304837422738,87.14,real,3080.0,real,98.8,forward_filled_monthly,81.832,real,746.5,495.5,real,52.97017407534079,36.747608854688806,29.283982902453644,1323.0,1612.0,1807.0,1377.857142857143,1727.1666666666667,1343.0,1748.0,2160.0,1410.7142857142858,1969.3333333333333,1700.0,1900.0,1998.0,1719.4285714285713,2022.5,1268.0,1572.0,1671.0,1349.5714285714287,1599.0666666666666,836.0,922.0,983.0,857.8571428571429,963.6666666666666,85.16,92.81,98.71,86.17714285714285,93.482,3080.0,3260.0,2309.5,3136.9285714285716,2836.983333333333,81.982,82.393,81.727,82.42842857142857,82.21326666666667,741.5,746.0,702.5,739.5,744.8,484.5,474.5,469.0,481.7857142857143,478.68333333333334,98.8,95.0,99.5,97.71428571428571,96.08333333333333,11,0,0,1,0,180.0
2022-11-08,1356.0,real,1493.0,real,1669.0,real,1241.0,real,818.0,real,0.07984552681367535,0.7745935991094076,-0.2462479155086159,16.087186738070848,85.33,real,3080.0,real,98.8,forward_filled_monthly,81.38,real,747.0,498.0,real,49.80457949615479,37.1491586961823,29.65231204284251,1337.0,1534.0,1799.0,1352.4285714285713,1712.4,1404.0,1670.0,2107.0,1385.4285714285713,1948.8666666666666,1696.0,1817.0,2022.0,1698.2857142857142,2010.7333333333333,1251.0,1483.0,1680.0,1315.0,1584.4333333333334,826.0,897.0,992.0,846.5714285714286,957.8666666666667,87.14,93.01,98.52,85.08,93.04233333333333,3080.0,3260.0,2370.0,3111.214285714286,2860.65,81.832,82.268,81.431,82.30157142857142,82.21156666666667,746.5,748.5,711.5,739.2857142857143,745.9833333333333,495.5,479.0,464.0,484.5,479.81666666666666,98.8,95.0,99.5,98.25714285714285,96.06,11,1,0,1,0,181.0
2022-11-09,1393.0,real,1637.0,real,1641.0,real,1232.0,real,803.0,real,0.08526850471824712,0.7592843641358414,-0.2071713147410359,17.818990268088392,87.51,real,3080.0,real,98.8,forward_filled_monthly,81.355,real,738.0,489.5,real,51.13444283315385,37.93112417698539,30.691394160853037,1356.0,1463.0,1757.0,1342.4285714285713,1700.2666666666667,1493.0,1559.0,1954.0,1396.5714285714287,1938.3,1669.0,1745.0,2063.0,1683.4285714285713,1996.6666666666667,1241.0,1437.0,1674.0,1285.7142857142858,1569.7,818.0,883.0,1000.0,835.1428571428571,951.3,85.33,92.43,98.42,84.37714285714286,92.67866666666667,3080.0,3298.5,2385.0,3080.0,2883.8166666666666,81.38,82.78,81.489,82.09799999999998,82.20710000000001,747.0,739.5,721.5,739.0714285714286,746.5333333333333,498.0,471.5,470.0,487.07142857142856,480.46666666666664,98.8,95.0,99.5,98.8,96.03666666666666,11,2,0,1,0,182.0
2022-11-10,1390.0,real,1652.0,real,1619.0,real,1227.0,real,797.0,real,0.0673908592394868,0.8097535123095266,-0.2102272727272727,17.68355579517638,88.19,real,3080.0,real,98.8,forward_filled_monthly,80.64,real,729.0,487.5,real,42.487897052321046,37.86772157043379,30.61013347710583,1393.0,1377.0,1760.0,1344.2857142857142,1687.9333333333334,1637.0,1388.0,1955.0,1434.2857142857142,1928.2,1641.0,1696.0,2082.0,1672.4285714285713,1981.2333333333333,1232.0,1389.0,1663.0,1262.5714285714287,1555.1666666666667,803.0,867.0,1009.0,825.1428571428571,944.2333333333333,87.51,80.03,98.31,85.54285714285716,92.34133333333334,3080.0,3080.0,2741.5,3080.0,2895.1,81.355,82.66,81.522,81.80942857142858,82.1777,738.0,735.5,725.0,738.1428571428571,746.6666666666666,489.5,478.0,460.5,488.42857142857144,481.3666666666667,98.8,98.8,99.5,98.8,96.01333333333334,11,3,0,1,0,183.0
2022-11-11,1355.0,real,1544.0,real,1637.0,real,1213.0,real,787.0,real,0.06541329787282592,0.8153362294383084,-0.23011363636363635,16.802228502930436,90.79,real,3080.0,real,98.8,forward_filled_monthly,80.505,real,738.0,497.0,real,44.53253686633976,37.128024493998424,30.081337101758262,1390.0,1321.0,1760.0,1349.142857142857,1674.4333333333334,1652.0,1286.0,1955.0,1471.142857142857,1914.5,1619.0,1683.0,2082.0,1665.857142857143,1966.4,1227.0,1332.0,1663.0,1245.5714285714287,1540.1666666666667,797.0,855.0,1009.0,815.4285714285714,936.8333333333334,88.19,82.1,98.31,86.78428571428572,92.09066666666668,3080.0,3080.0,2741.5,3080.0,2906.383333333333,80.64,82.739,81.522,81.49028571428572,82.14380000000001,729.0,733.5,725.0,738.7857142857143,747.1,487.5,481.5,460.5,490.64285714285717,482.5833333333333,98.8,98.8,95.0,98.8,96.14,11,4,0,1,0,184.0
2022-11-14,1325.0,real,1446.0,real,1667.0,real,1197.0,real,780.0,real,0.06870506067259888,0.8060434808662584,-0.25894854586129756,15.524318012383983,92.09,real,3080.0,real,98.8,forward_filled_monthly,80.992,real,738.0,500.0,real,48.69852095184504,36.4939984284824,29.314590807430392,1355.0,1290.0,1788.0,1354.142857142857,1659.0,1544.0,1225.0,2041.0,1502.7142857142858,1894.6666666666667,1637.0,1699.0,2082.0,1661.2857142857142,1952.5666666666666,1213.0,1287.0,1663.0,1232.7142857142858,1524.6333333333334,787.0,841.0,1012.0,806.7142857142857,929.1,90.79,83.37,94.22,88.03,92.01966666666667,3080.0,3080.0,2741.5,3080.0,2917.6666666666665,80.505,82.738,81.509,81.24085714285714,82.12656666666666,738.0,731.5,722.0,739.7142857142857,747.6333333333333,497.0,482.5,463.0,493.14285714285717,483.81666666666666,98.8,98.8,95.0,98.8,96.26666666666667,11,0,0,1,0,187.0
2022-11-15,1300.0,real,1371.0,real,1681.0,real,1186.0,real,772.0,real,0.0662047164984487,0.8131020300896624,-0.30294906166219837,13.574295566987132,92.29,real,2680.0,real,98.8,forward_filled_monthly,81.091,real,718.0,495.0,real,40.031336021680694,35.96564337388571,28.14457734019228,1325.0,1323.0,1865.0,1350.857142857143,1640.1666666666667,1446.0,1343.0,2244.0,1506.7142857142858,1865.5666666666666,1667.0,1700.0,2110.0,1658.5714285714287,1938.2666666666667,1197.0,1268.0,1668.0,1221.0,1508.5666666666666,780.0,836.0,1017.0,797.5714285714286,920.9333333333333,92.09,85.16,95.21,89.04857142857144,91.92233333333334,3080.0,3080.0,2741.5,3022.8571428571427,2915.616666666667,80.992,81.982,81.479,81.11357142857142,82.11363333333333,738.0,741.5,728.5,736.3571428571429,747.2833333333333,500.0,484.5,477.5,494.64285714285717,484.4,98.8,98.8,95.0,98.8,96.39333333333335,11,1,0,1,0,188.0
2022-11-16,1288.0,real,1333.0,real,1688.0,real,1180.0,real,768.0,real,0.06447718316488416,0.8179789103192336,-0.35470941883767537,11.280371133676931,92.34,real,2772.0,real,98.8,forward_filled_monthly,81.495,real,724.5,500.0,real,41.88267162595445,35.7120329476793,26.768222680206158,1300.0,1337.0,1996.0,1343.857142857143,1616.5666666666666,1371.0,1404.0,2553.0,1496.5714285714287,1824.9,1681.0,1696.0,2205.0,1657.4285714285713,1921.0333333333333,1186.0,1251.0,1676.0,1210.857142857143,1492.0333333333333,772.0,826.0,1024.0,789.2857142857143,912.4,92.29,87.14,95.26,89.79142857142858,91.825,2680.0,3080.0,2741.5,2978.8571428571427,2916.633333333333,81.091,81.832,81.649,81.06542857142857,82.1085,718.0,746.5,744.5,733.2142857142857,746.6166666666667,495.0,495.5,481.0,495.2857142857143,485.03333333333336,98.8,98.8,95.0,98.8,96.52,11,2,0,1,0,189.0
2022-11-17,1228.0,real,1188.0,real,1650.0,real,1175.0,real,763.0,real,0.06656325364112942,0.8120898686055777,-0.38353413654618473,10.002912324599276,93.09,real,2802.0,real,98.8,forward_filled_monthly,81.54,real,708.0,493.5,real,42.93636026229654,34.44398081664725,26.00174739475957,1288.0,1356.0,1992.0,1325.5714285714287,1591.1,1333.0,1493.0,2506.0,1453.0,1780.9666666666667,1688.0,1669.0,2232.0,1654.7142857142858,1901.6333333333334,1180.0,1241.0,1690.0,1201.4285714285713,1474.8666666666666,768.0,818.0,1028.0,781.4285714285714,903.5666666666667,92.34,85.33,95.46,90.9,91.74600000000001,2772.0,3080.0,2741.5,2939.1428571428573,2918.65,81.495,81.38,82.088,81.08828571428572,82.09023333333333,724.5,747.0,757.5,727.6428571428571,744.9666666666667,500.0,498.0,492.0,494.64285714285717,485.0833333333333,98.8,98.8,95.0,98.8,96.64666666666668,11,3,0,1,0,190.0
2022-11-18,1189.0,real,1122.0,real,1594.0,real,1170.0,real,763.0,real,0.03623389353656128,0.897710593714433,-0.39367669556348805,9.553412645390997,92.89,real,2720.5,real,98.8,forward_filled_monthly,81.645,real,692.5,489.0,real,41.009564298448836,33.61974693147641,25.7320475872346,1228.0,1393.0,1961.0,1296.4285714285713,1565.3666666666666,1188.0,1637.0,2396.0,1379.4285714285713,1738.5,1650.0,1641.0,2235.0,1648.0,1880.2666666666667,1175.0,1232.0,1706.0,1192.5714285714287,1457.0,763.0,803.0,1033.0,775.7142857142857,894.5666666666667,93.09,87.51,95.62,91.66857142857144,91.655,2802.0,3080.0,2741.5,2887.785714285714,2917.95,81.54,81.355,82.833,81.12971428571429,82.05063333333334,708.0,738.0,768.5,721.1428571428571,742.4333333333333,493.5,489.5,498.0,494.57142857142856,484.78333333333336,98.8,98.8,95.0,98.8,96.77333333333333,11,4,0,1,0,191.0
2022-11-21,1177.0,real,1129.0,real,1549.0,real,1164.0,real,757.0,real,0.0354196786351055,0.9000091476574348,-0.3945473251028807,9.514827935358884,91.54,real,2775.0,real,98.8,forward_filled_monthly,81.728,real,687.5,484.0,real,39.698770363814575,33.36613650527,25.70889676121533,1189.0,1390.0,1944.0,1266.0,1539.8,1122.0,1652.0,2341.0,1304.7142857142858,1698.1,1594.0,1619.0,2228.0,1638.0,1857.6333333333334,1170.0,1227.0,1714.0,1183.5714285714287,1438.6666666666667,763.0,797.0,1034.0,770.0,885.3333333333334,92.89,88.19,97.35,92.14714285714285,91.46133333333333,2720.5,3080.0,2741.5,2844.214285714286,2919.0666666666666,81.645,80.64,82.385,81.28514285714286,82.02873333333334,692.5,729.0,786.5,715.2142857142857,739.1333333333333,489.0,487.5,514.0,494.07142857142856,483.78333333333336,98.8,98.8,95.0,98.8,96.9,11,0,0,1,0,194.0
2022-11-22,1149.0,real,1092.0,real,1496.0,real,1160.0,real,753.0,real,0.035566357406368466,0.8995950689327169,-0.3965336134453782,9.426799266139946,91.45,real,2929.5,real,98.8,forward_filled_monthly,81.719,real,689.0,482.5,real,43.018843015033134,32.77437884412171,25.656079559683967,1177.0,1355.0,1904.0,1236.5714285714287,1514.6333333333334,1129.0,1544.0,2246.0,1240.142857142857,1659.6333333333334,1549.0,1637.0,2196.0,1617.857142857143,1834.3,1164.0,1213.0,1714.0,1176.0,1420.2,757.0,787.0,1032.0,765.1428571428571,876.0333333333333,91.54,90.79,96.97,92.24142857142859,91.27733333333335,2775.0,3080.0,2741.5,2822.714285714286,2925.3333333333335,81.728,80.505,82.274,81.45857142857143,82.01023333333335,687.5,738.0,773.0,708.2142857142857,736.3333333333334,484.0,497.0,497.5,492.0,483.28333333333336,98.8,98.8,95.0,98.8,97.02666666666667,11,1,0,1,0,195.0
2022-11-23,1184.0,real,1219.0,real,1464.0,real,1163.0,real,752.0,real,0.07026314435640518,0.8016449622582882,-0.3678590496529631,10.697603528076085,91.94,real,2940.5,real,98.8,forward_filled_monthly,81.633,real,693.5,485.0,real,44.2712243415209,33.514075920557076,26.418562116845653,1149.0,1325.0,1873.0,1216.4285714285713,1491.6666666666667,1092.0,1446.0,2199.0,1207.7142857142858,1626.9666666666667,1496.0,1667.0,2147.0,1588.857142857143,1811.5333333333333,1160.0,1197.0,1708.0,1171.142857142857,1402.0333333333333,753.0,780.0,1024.0,761.1428571428571,866.9666666666667,91.45,92.09,96.13,92.22,91.13766666666668,2929.5,3080.0,2741.5,2802.785714285714,2931.9666666666667,81.719,80.992,82.177,81.55014285714286,81.9921,689.0,738.0,763.0,701.8571428571429,734.0166666666667,482.5,500.0,489.5,489.85714285714283,483.1333333333333,98.8,98.8,95.0,98.8,97.15333333333334,11,2,0,1,0,196.0
2022-11-24,1242.0,real,1384.0,real,1466.0,real,1174.0,real,747.0,real,0.08989907603760594,0.7462121175515142,-0.3168316831683168,12.95904315357507,91.94,forward_filled,3000.0,real,98.8,forward_filled_monthly,81.642,real,678.0,470.5,real,46.033548376649016,34.739859647221394,27.77542589214504,1184.0,1300.0,1818.0,1208.142857142857,1472.4666666666667,1219.0,1371.0,2094.0,1209.5714285714287,1603.3,1464.0,1681.0,2088.0,1558.142857142857,1790.8,1163.0,1186.0,1696.0,1169.4285714285713,1384.6333333333334,752.0,772.0,1020.0,757.5714285714286,857.8666666666667,91.94,92.29,95.4,92.17,91.02233333333334,2940.5,2680.0,2741.5,2848.5,2940.5833333333335,81.633,81.091,82.192,81.62885714285713,81.97376666666666,693.5,718.0,761.0,696.1428571428571,731.25,485.0,495.0,478.0,486.35714285714283,482.8833333333333,98.8,98.8,95.0,98.8,97.28,11,3,0,1,0,197.0
2022-11-25,1324.0,real,1613.0,real,1479.0,real,1182.0,real,745.0,real,0.10641426422085962,0.6995892286186747,-0.279651795429815,14.606787828557477,92.74,real,3194.0,real,98.8,forward_filled_monthly,81.713,real,686.0,477.0,real,50.16791458183062,36.472864226298526,28.764072697134488,1242.0,1288.0,1838.0,1213.2857142857142,1455.3333333333333,1384.0,1333.0,2166.0,1249.5714285714287,1584.8666666666666,1466.0,1688.0,2081.0,1528.2857142857142,1770.7333333333333,1174.0,1180.0,1690.0,1169.7142857142858,1367.7,747.0,768.0,1012.0,754.2857142857143,848.9666666666667,91.94,92.34,95.93,92.22714285714287,90.916,3000.0,2772.0,2741.5,2908.785714285714,2955.6666666666665,81.642,81.495,82.367,81.66,81.95196666666668,678.0,724.5,760.5,690.6428571428571,728.7666666666667,470.5,500.0,481.0,483.07142857142856,482.75,98.8,98.8,95.0,98.8,97.40666666666667,11,4,0,1,0,198.0
2022-11-28,1347.0,real,1669.0,real,1496.0,real,1180.0,real,746.0,real,0.08669794987818372,0.7552489960741632,-0.2691264243081931,15.07325304060561,93.04,real,3096.0,real,98.8,forward_filled_monthly,81.65,real,670.0,462.5,real,49.228803599386715,36.95895087652749,29.043951824363365,1324.0,1228.0,1843.0,1230.2857142857142,1438.8,1613.0,1188.0,2186.0,1318.2857142857142,1567.6333333333334,1479.0,1650.0,2088.0,1506.2857142857142,1751.0,1182.0,1175.0,1678.0,1170.4285714285713,1351.1,745.0,763.0,996.0,751.8571428571429,840.6333333333333,92.74,93.09,94.93,92.22,90.85300000000001,3194.0,2802.0,2741.5,2950.785714285714,2967.483333333333,81.713,81.54,82.189,81.67571428571429,81.934,686.0,708.0,755.0,685.2142857142857,725.9333333333333,477.0,493.5,471.0,478.64285714285717,482.46666666666664,98.8,98.8,95.0,98.8,97.53333333333333,11,0,0,1,0,201.0
2022-11-29,1327.0,real,1589.0,real,1524.0,real,1177.0,real,745.0,real,0.08514377297088664,0.7596364857307673,-0.2922666666666667,14.047719790151703,92.9,real,3096.0,real,98.8,forward_filled_monthly,81.626,real,676.0,459.0,real,48.89228821308005,36.53626683285013,28.42863187409102,1347.0,1189.0,1875.0,1250.0,1420.5333333333333,1669.0,1122.0,2247.0,1385.0,1545.7,1496.0,1594.0,2136.0,1496.2857142857142,1730.6,1180.0,1170.0,1678.0,1171.4285714285713,1334.4,746.0,763.0,990.0,749.2857142857143,832.4666666666667,93.04,92.89,95.21,92.22142857142856,90.77600000000001,3096.0,2720.5,2741.5,3004.4285714285716,2979.3,81.65,81.645,82.298,81.673,81.91159999999999,670.0,692.5,753.0,682.8571428571429,723.3666666666667,462.5,489.0,470.0,474.35714285714283,482.1,98.8,98.8,95.0,98.8,97.66,11,1,0,1,0,202.0
2022-11-30,1355.0,real,1643.0,real,1568.0,real,1172.0,real,744.0,real,0.08317783956956927,0.76518637675241,-0.2757883484767504,14.778008736720599,93.25,real,3332.0,real,98.8,forward_filled_monthly,81.374,real,680.5,460.5,real,54.201753826044694,37.128024493998424,28.86680524203236,1327.0,1177.0,1871.0,1275.4285714285713,1403.3333333333333,1589.0,1129.0,2209.0,1458.4285714285713,1526.8333333333333,1524.0,1549.0,2164.0,1499.0,1710.7333333333333,1177.0,1164.0,1678.0,1172.5714285714287,1317.5333333333333,745.0,757.0,972.0,747.4285714285714,824.8666666666667,92.9,91.54,94.86,92.46571428571428,90.72233333333334,3096.0,2775.0,2741.5,3084.0,2998.983333333333,81.626,81.728,83.021,81.62242857142857,81.8567,676.0,687.5,747.0,681.8571428571429,721.15,459.0,484.0,470.0,471.0,481.78333333333336,98.8,98.8,95.0,98.8,97.78666666666666,11,2,0,1,0,203.0
2022-12-01,1338.0,real,1570.0,real,1602.0,real,1165.0,real,742.0,real,0.08538288927431166,0.7589614529831585,-0.27163854109961894,14.961920615528939,103.1,real,3332.0,real,90.8,real,81.13,real,686.5,453.0,real,62.31818486971916,24.46105074918037,28.977152369317363,1355.0,1149.0,1837.0,1302.4285714285713,1386.7,1643.0,1092.0,2111.0,1526.7142857142858,1508.8,1568.0,1496.0,2161.0,1514.142857142857,1692.1,1172.0,1160.0,1676.0,1173.2857142857142,1300.5,744.0,753.0,966.0,745.8571428571429,817.4,93.25,91.45,94.76,94.13,91.00033333333333,3332.0,2929.5,2741.5,3141.5,3018.6666666666665,81.374,81.719,82.825,81.5382857142857,81.80019999999999,680.5,689.0,751.5,681.5,718.9833333333333,460.5,482.5,480.5,466.7857142857143,480.8666666666667,98.8,98.8,95.0,97.65714285714286,97.64666666666668,12,3,0,1,0,204.0
2022-12-02,1324.0,real,1519.0,real,1618.0,real,1162.0,real,741.0,real,0.08644292531787585,0.7559689383248023,-0.2721275426058274,14.940248962468003,107.44,real,2840.0,real,90.8,forward_filled_monthly,81.438,real,685.5,457.0,real,55.87264996043197,24.165171918606223,28.964149377480805,1338.0,1184.0,1819.0,1322.4285714285713,1370.2,1570.0,1219.0,2071.0,1569.5714285714287,1490.4,1602.0,1464.0,2144.0,1536.142857142857,1674.5666666666666,1165.0,1163.0,1678.0,1173.142857142857,1283.3,742.0,752.0,961.0,744.2857142857143,810.0666666666667,103.1,91.94,94.86,96.34428571428573,91.41966666666667,3332.0,2940.5,2741.5,3127.1428571428573,3021.95,81.13,81.633,82.542,81.51042857142856,81.7634,686.5,693.5,740.0,680.3571428571429,717.1666666666666,453.0,485.0,480.5,462.7857142857143,480.0833333333333,90.8,98.8,95.0,96.51428571428572,97.50666666666666,12,4,0,1,0,205.0
2022-12-05,1323.0,real,1502.0,real,1638.0,real,1158.0,real,737.0,real,0.07507183564167669,0.7880698774806979,-0.26377295492487474,15.310509019727608,107.68,real,2420.0,real,90.8,forward_filled_monthly,81.9,real,684.5,456.5,real,46.069855014155735,24.144037716422357,29.186305411836564,1324.0,1242.0,1797.0,1334.0,1354.4,1519.0,1384.0,2036.0,1586.4285714285713,1472.6,1618.0,1466.0,2113.0,1560.7142857142858,1658.7333333333333,1162.0,1174.0,1670.0,1170.857142857143,1266.2333333333333,741.0,747.0,959.0,742.8571428571429,802.6666666666666,107.44,91.94,94.51,98.59285714285714,91.85866666666666,2840.0,3000.0,2851.5,3044.285714285714,3007.5666666666666,81.438,81.642,82.762,81.54728571428572,81.73466666666667,685.5,678.0,744.5,681.2857142857143,715.1666666666666,457.0,470.5,475.0,460.7857142857143,479.46666666666664,90.8,98.8,95.0,95.37142857142855,97.36666666666666,12,0,0,1,0,208.0
2022-12-06,1340.0,real,1540.0,real,1657.0,real,1158.0,real,732.0,real,0.036968379920800154,0.8956371158505976,-0.23646723646723644,16.520648558114377,108.49,real,2420.0,real,90.8,forward_filled_monthly,82.49,real,669.5,447.0,real,46.83637861942181,24.5033191535481,29.912389134868626,1323.0,1324.0,1755.0,1336.2857142857142,1340.5666666666666,1502.0,1613.0,1955.0,1576.0,1458.7666666666667,1638.0,1479.0,2073.0,1586.142857142857,1644.8666666666666,1158.0,1182.0,1658.0,1167.4285714285713,1249.5666666666666,737.0,745.0,953.0,741.0,795.3,107.68,92.74,94.61,100.84285714285714,92.32133333333334,2420.0,3194.0,2839.5,2933.714285714286,2993.5833333333335,81.9,81.713,82.523,81.65828571428573,81.73356666666668,684.5,686.0,742.5,678.9285714285714,712.7333333333333,456.5,477.0,468.5,456.5,478.75,90.8,98.8,95.0,94.22857142857143,97.22666666666666,12,1,0,1,0,209.0
2022-12-07,1373.0,real,1635.0,real,1659.0,real,1158.0,real,735.0,real,0.04285655542823565,0.8790146136027214,-0.19519343493552166,18.34982801041641,107.09,real,2420.0,real,90.8,forward_filled_monthly,82.217,real,648.5,436.0,real,46.67445435863888,25.200747825615732,31.009896806249845,1340.0,1347.0,1706.0,1340.0,1329.4666666666667,1540.0,1669.0,1885.0,1571.142857142857,1450.4333333333334,1657.0,1496.0,2007.0,1609.4285714285713,1633.2666666666667,1158.0,1180.0,1632.0,1164.2857142857142,1233.7666666666667,732.0,746.0,940.0,739.4285714285714,788.4666666666667,108.49,93.04,93.56,102.85000000000001,92.77233333333334,2420.0,3096.0,2839.5,2837.1428571428573,2979.6,82.49,81.65,81.929,81.73928571428571,81.74316666666665,669.5,670.0,740.0,675.8571428571429,709.6833333333333,447.0,462.5,471.5,452.7142857142857,477.56666666666666,90.8,98.8,95.0,93.08571428571427,97.08666666666666,12,2,0,1,0,210.0
2022-12-08,1385.0,real,1675.0,real,1661.0,real,1153.0,real,733.0,real,0.03847938121694018,0.8913715122846179,-0.140818858560794,20.759609860916747,109.49,real,2420.0,real,90.8,forward_filled_monthly,82.29,real,635.0,436.0,real,43.328162769209136,25.454358251822146,32.45576591655005,1373.0,1327.0,1612.0,1348.2857142857142,1321.9,1635.0,1589.0,1748.0,1583.4285714285713,1448.0,1659.0,1524.0,1900.0,1629.0,1625.3,1158.0,1177.0,1572.0,1160.857142857143,1219.8,735.0,745.0,922.0,737.7142857142857,782.1666666666666,107.09,92.9,92.81,105.22,93.32833333333333,2420.0,3096.0,3260.0,2740.5714285714284,2951.6,82.217,81.626,82.393,81.83414285714287,81.73973333333333,648.5,676.0,746.0,670.0,705.9833333333333,436.0,459.0,474.5,449.42857142857144,476.28333333333336,90.8,98.8,95.0,91.94285714285714,96.94666666666667,12,3,0,1,0,211.0
2022-12-09,1386.0,real,1683.0,real,1659.0,real,1152.0,real,732.0,real,0.03676150502352699,0.896221130107749,-0.09647979139504559,22.72463628407058,110.48,real,2420.0,real,90.8,forward_filled_monthly,82.42,real,633.0,441.5,real,43.954942415778575,25.47549245400601,33.634781770442345,1385.0,1355.0,1534.0,1352.7142857142858,1316.9666666666667,1675.0,1643.0,1670.0,1589.142857142857,1448.4333333333334,1661.0,1568.0,1817.0,1642.0,1620.0333333333333,1153.0,1172.0,1483.0,1158.0,1208.7666666666667,733.0,744.0,897.0,736.0,776.6666666666666,109.49,93.25,93.01,107.68142857142857,93.91066666666667,2420.0,3332.0,3260.0,2610.285714285714,2923.6,82.29,81.374,82.268,81.98357142857142,81.7448,635.0,680.5,748.5,663.2142857142857,702.1333333333333,436.0,460.5,479.0,446.7142857142857,475.03333333333336,90.8,98.8,95.0,90.8,96.80666666666666,12,4,0,1,0,212.0
2022-12-12,1361.0,real,1619.0,real,1643.0,real,1153.0,real,729.0,real,0.03540976912698518,0.9000371225064856,-0.06971975393028029,23.910592238134296,109.47,real,2420.0,real,90.8,forward_filled_monthly,82.647,real,631.0,434.0,real,43.208721544882856,24.94713739940932,34.34635534288058,1386.0,1338.0,1463.0,1356.0,1313.5666666666666,1683.0,1570.0,1559.0,1596.142857142857,1450.4333333333334,1659.0,1602.0,1745.0,1647.857142857143,1616.6333333333334,1152.0,1165.0,1437.0,1156.2857142857142,1199.3,732.0,742.0,883.0,734.1428571428571,771.5333333333333,110.48,103.1,92.43,108.59142857142857,94.47866666666665,2420.0,3332.0,3298.5,2480.0,2894.3166666666666,82.42,81.13,82.78,82.20028571428573,81.74036666666666,633.0,686.5,739.5,655.2857142857143,698.5166666666667,441.5,453.0,471.5,444.0,473.78333333333336,90.8,90.8,95.0,90.8,96.66666666666667,12,0,0,1,0,215.0
2022-12-13,1357.0,real,1601.0,real,1633.0,real,1167.0,real,726.0,real,0.03244359757683314,0.9084107168733191,-0.014524328249818419,26.356752629688863,109.23,real,2610.0,real,90.8,forward_filled_monthly,82.403,real,636.0,446.0,real,63.434262182259715,24.862600590673853,35.814051577813316,1361.0,1324.0,1377.0,1360.7142857142858,1312.9,1619.0,1519.0,1388.0,1607.857142857143,1457.5333333333333,1643.0,1618.0,1696.0,1650.0,1614.5333333333333,1153.0,1162.0,1389.0,1157.0,1191.9,729.0,741.0,867.0,732.0,766.8333333333334,109.47,107.44,80.03,108.84714285714287,95.452,2420.0,2840.0,3080.0,2447.1428571428573,2878.65,82.647,81.438,82.66,82.33814285714286,81.7318,631.0,685.5,735.5,648.2142857142857,695.2,434.0,457.0,478.0,442.42857142857144,472.71666666666664,90.8,90.8,98.8,90.8,96.39999999999999,12,1,0,1,0,216.0
2022-12-14,1401.0,real,1723.0,real,1643.0,real,1170.0,real,719.0,real,0.039812825106309034,0.8876071587899809,0.060560181680545,29.6843608861092,109.26,real,2472.5,real,90.8,forward_filled_monthly,82.496,real,639.5,445.0,real,58.340855628153946,25.79250548676403,37.81061653166552,1357.0,1323.0,1321.0,1371.857142857143,1315.5666666666666,1601.0,1502.0,1286.0,1639.4285714285713,1472.1,1633.0,1638.0,1683.0,1650.7142857142858,1613.2,1167.0,1158.0,1332.0,1158.7142857142858,1186.5,726.0,737.0,855.0,729.4285714285714,762.3,109.23,107.68,82.1,109.07285714285715,96.35733333333334,2610.0,2420.0,3080.0,2454.6428571428573,2858.4,82.403,81.9,82.739,82.42328571428573,81.72370000000001,636.0,684.5,733.5,641.7857142857143,692.0666666666667,446.0,456.5,481.5,440.7857142857143,471.5,90.8,90.8,98.8,90.8,96.13333333333334,12,2,0,1,0,217.0
2022-12-15,1528.0,real,2095.0,real,1658.0,real,1167.0,real,713.0,real,0.08415382720513621,0.7624311333589981,0.18449612403100768,35.176975347002966,110.5,real,2390.5,real,90.8,forward_filled_monthly,82.862,real,642.5,448.5,real,56.455667977155244,28.476549164115205,41.10618520820178,1401.0,1340.0,1290.0,1398.7142857142858,1323.5,1723.0,1540.0,1225.0,1718.7142857142858,1501.1,1643.0,1657.0,1699.0,1650.857142857143,1611.8333333333333,1170.0,1158.0,1287.0,1160.0,1182.5,719.0,732.0,841.0,726.7142857142857,758.0333333333333,109.26,108.49,83.37,109.36,97.26166666666667,2472.5,2420.0,3080.0,2450.4285714285716,2835.4166666666665,82.496,82.49,82.738,82.47642857142857,81.72783333333332,639.5,669.5,731.5,637.9285714285714,689.1,445.0,447.0,482.5,441.0,470.3666666666667,90.8,90.8,98.8,90.8,95.86666666666666,12,3,0,1,0,218.0
2022-12-16,1560.0,real,2208.0,real,1652.0,real,1157.0,real,705.0,real,0.08398991310189063,0.7628938679609504,0.17913832199546476,34.93952735265268,110.27,real,2417.0,real,90.8,forward_filled_monthly,82.733,real,640.0,441.0,real,54.567377462989775,29.152843633998966,40.96371641159161,1528.0,1373.0,1323.0,1425.4285714285713,1331.4,2095.0,1635.0,1343.0,1800.5714285714287,1529.9333333333334,1658.0,1659.0,1700.0,1649.857142857143,1610.2333333333333,1167.0,1158.0,1268.0,1159.857142857143,1178.8,713.0,735.0,836.0,722.4285714285714,753.6666666666666,110.5,107.09,85.16,109.8142857142857,98.09866666666667,2390.5,2420.0,3080.0,2450.0,2813.3166666666666,82.862,82.217,81.982,82.55014285714286,81.75286666666666,642.5,648.5,741.5,636.7142857142857,685.7166666666667,448.5,436.0,484.5,441.7142857142857,468.9166666666667,90.8,90.8,98.8,90.8,95.6,12,4,0,1,0,219.0
2022-12-19,1548.0,real,2186.0,real,1645.0,real,1146.0,real,701.0,real,0.08647291409357924,0.7558842790800309,0.15781600598354517,33.99456127545419,109.56,real,2377.0,real,90.8,forward_filled_monthly,82.677,real,635.0,442.5,real,50.94685057769468,28.899233207792552,40.396736765272514,1560.0,1385.0,1337.0,1448.7142857142858,1338.4333333333334,2208.0,1675.0,1404.0,1873.5714285714287,1556.0,1652.0,1661.0,1696.0,1647.5714285714287,1608.5333333333333,1157.0,1153.0,1251.0,1158.857142857143,1175.3,705.0,733.0,826.0,717.8571428571429,749.5,110.27,109.49,87.14,109.82428571428572,98.846,2417.0,2420.0,3080.0,2443.8571428571427,2789.883333333333,82.733,82.29,81.832,82.60542857142858,81.78103333333334,640.0,635.0,746.5,636.7142857142857,682.0,441.0,436.0,495.5,442.64285714285717,467.15,90.8,90.8,98.8,90.8,95.33333333333333,12,0,0,1,0,222.0
2022-12-20,1596.0,real,2365.0,real,1622.0,real,1131.0,real,691.0,real,0.08589880295357165,0.7575050126507704,0.17699115044247793,34.84436863357339,109.86,real,2366.5,real,90.8,forward_filled_monthly,82.61,real,633.0,450.5,real,53.09254013981961,29.913674912618195,40.906621180144036,1548.0,1386.0,1356.0,1478.7142857142858,1346.4333333333334,2186.0,1683.0,1493.0,1971.0,1585.0666666666666,1645.0,1659.0,1669.0,1642.2857142857142,1606.9666666666667,1146.0,1152.0,1241.0,1155.857142857143,1171.6333333333334,701.0,732.0,818.0,712.0,745.2666666666667,109.56,110.48,85.33,109.7357142857143,99.66366666666667,2377.0,2420.0,3080.0,2436.214285714286,2766.1,82.677,82.42,81.38,82.63257142857142,81.82203333333334,635.0,633.0,747.0,636.7142857142857,678.2,442.5,441.5,498.0,443.92857142857144,465.56666666666666,90.8,90.8,98.8,90.8,95.06666666666665,12,1,0,1,0,223.0
2022-12-21,1723.0,real,2797.0,real,1598.0,real,1103.0,real,683.0,real,0.0875386778654769,0.7528755948667797,0.2368987796123474,37.49936527180291,110.74,real,2386.5,real,90.8,forward_filled_monthly,82.885,real,629.5,453.5,real,51.74839214863085,32.59771858996938,42.499619163081746,1596.0,1361.0,1393.0,1530.4285714285713,1357.4333333333334,2365.0,1619.0,1637.0,2139.285714285714,1623.7333333333333,1622.0,1643.0,1641.0,1635.857142857143,1605.5333333333333,1131.0,1153.0,1232.0,1148.7142857142858,1167.3333333333333,691.0,729.0,803.0,705.4285714285714,741.2666666666667,109.86,109.47,87.51,109.91714285714286,100.438,2366.5,2420.0,3080.0,2431.4285714285716,2742.983333333333,82.61,82.647,81.355,82.66657142857143,81.87303333333332,633.0,631.0,738.0,636.5,674.5833333333334,450.5,434.0,489.5,446.7142857142857,464.3666666666667,90.8,90.8,98.8,90.8,94.8,12,2,0,1,0,224.0
2022-12-22,1650.0,real,2626.0,real,1563.0,real,1083.0,real,671.0,real,0.09803025185009383,0.723257555811587,0.18705035971223016,35.290174404299364,110.43,real,2391.5,real,90.8,forward_filled_monthly,82.985,real,634.5,464.0,real,50.81177319315978,31.054921830547045,41.17410464257962,1723.0,1357.0,1390.0,1572.2857142857142,1366.1,2797.0,1601.0,1652.0,2285.714285714286,1656.2,1598.0,1633.0,1619.0,1625.857142857143,1603.6666666666667,1103.0,1167.0,1227.0,1136.7142857142858,1162.5333333333333,683.0,726.0,797.0,697.5714285714286,737.0666666666667,110.74,109.23,88.19,110.08857142857143,101.17933333333333,2386.5,2610.0,3080.0,2400.214285714286,2720.0333333333333,82.885,82.403,80.64,82.74971428571429,81.9512,629.5,636.0,729.0,636.2857142857143,671.4333333333333,453.5,446.0,487.5,449.2857142857143,463.5833333333333,90.8,90.8,98.8,90.8,94.53333333333333,12,3,0,1,0,225.0
2022-12-23,1515.0,real,2261.0,real,1535.0,real,1062.0,real,663.0,real,0.1276238816871004,0.6397138200878016,0.11808118081180807,32.23358644280868,110.48,real,2386.5,real,90.8,forward_filled_monthly,82.79,real,639.5,466.0,real,47.99252659043774,28.20180453572493,39.34015186568521,1650.0,1401.0,1355.0,1588.5714285714287,1371.4333333333334,2626.0,1723.0,1544.0,2362.5714285714284,1680.1,1563.0,1643.0,1637.0,1610.4285714285713,1600.2666666666667,1083.0,1170.0,1213.0,1121.2857142857142,1157.5,671.0,719.0,787.0,689.5714285714286,732.9333333333333,110.43,109.26,90.79,110.26285714285714,101.83566666666667,2391.5,2472.5,3080.0,2387.9285714285716,2696.9166666666665,82.985,82.496,80.505,82.79171428571429,82.02736666666667,634.5,639.5,738.0,636.2857142857143,668.15,464.0,445.0,497.0,452.2857142857143,462.55,90.8,90.8,98.8,90.8,94.26666666666667,12,4,0,1,0,226.0
2022-12-26,1515.0,forward_filled,2261.0,forward_filled,1535.0,forward_filled,1062.0,forward_filled,663.0,forward_filled,0.1036489530819283,0.7073957878091942,0.1433962264150943,33.35550299842421,110.48,forward_filled,2431.0,real,90.8,forward_filled_monthly,82.665,real,640.5,466.0,real,47.46099787614769,28.20180453572493,40.013301799054524,1515.0,1528.0,1325.0,1586.7142857142858,1377.7666666666667,2261.0,2095.0,1446.0,2386.285714285714,1707.2666666666667,1535.0,1658.0,1667.0,1592.857142857143,1595.8666666666666,1062.0,1167.0,1197.0,1106.2857142857142,1153.0,663.0,713.0,780.0,682.4285714285714,729.0333333333333,110.48,110.5,92.09,110.26,102.44866666666667,2386.5,2390.5,3080.0,2393.714285714286,2675.2833333333333,82.79,82.862,80.992,82.76357142857144,82.08313333333334,639.5,642.5,738.0,636.0,664.9,466.0,448.5,500.0,454.7857142857143,461.4166666666667,90.8,90.8,98.8,90.8,94.0,12,0,0,1,0,229.0
2022-12-27,1515.0,forward_filled,2261.0,forward_filled,1535.0,forward_filled,1062.0,forward_filled,663.0,forward_filled,0.102310080090349,0.7111754678279103,0.16538461538461546,34.32998821179539,110.64,real,2482.5,real,90.8,forward_filled_monthly,82.835,real,651.0,474.5,real,54.94805621486487,28.20180453572493,40.597992927077236,1515.0,1560.0,1300.0,1580.2857142857142,1384.9333333333334,2261.0,2208.0,1371.0,2393.8571428571427,1736.9333333333334,1535.0,1652.0,1681.0,1576.142857142857,1591.0,1062.0,1157.0,1186.0,1092.7142857142858,1148.8666666666666,663.0,705.0,772.0,676.4285714285714,725.4,110.48,110.27,92.29,110.31285714285715,103.06033333333333,2431.0,2417.0,2680.0,2403.0714285714284,2668.7,82.665,82.733,81.091,82.77814285714285,82.14126666666668,640.5,640.0,718.0,637.5714285714286,662.6666666666666,466.0,441.0,495.0,459.57142857142856,460.73333333333335,90.8,90.8,98.8,90.8,93.73333333333332,12,1,0,1,0,230.0
2022-12-28,1515.0,forward_filled,2261.0,forward_filled,1535.0,forward_filled,1062.0,forward_filled,663.0,forward_filled,0.10209116758979483,0.711793464612815,0.1762422360248448,34.81117811529233,110.8,real,2504.5,real,90.8,forward_filled_monthly,82.764,real,649.5,460.5,real,53.77448050429259,28.20180453572493,40.8867068691754,1515.0,1548.0,1288.0,1575.5714285714287,1392.5,2261.0,2186.0,1333.0,2404.5714285714284,1767.8666666666666,1535.0,1645.0,1688.0,1560.4285714285713,1585.9,1062.0,1146.0,1180.0,1080.7142857142858,1144.9333333333334,663.0,701.0,768.0,671.0,721.9,110.64,109.56,92.34,110.49,103.67566666666667,2482.5,2377.0,2772.0,2421.285714285714,2659.7833333333333,82.835,82.677,81.495,82.79057142857143,82.18356666666666,651.0,635.0,724.5,639.6428571428571,660.1666666666666,474.5,442.5,500.0,462.14285714285717,459.4166666666667,90.8,90.8,98.8,90.8,93.46666666666667,12,2,0,1,0,231.0
2022-12-29,1515.0,forward_filled,2261.0,forward_filled,1535.0,forward_filled,1062.0,forward_filled,663.0,forward_filled,0.09693617728828074,0.7263461622636393,0.23371335504885993,37.35819307679896,110.98,real,2452.0,real,90.8,forward_filled_monthly,82.787,real,642.0,460.0,real,51.61031014068184,28.20180453572493,42.41491584607938,1515.0,1596.0,1228.0,1564.0,1402.0666666666666,2261.0,2365.0,1188.0,2389.714285714286,1803.6333333333334,1535.0,1622.0,1650.0,1548.0,1582.0666666666666,1062.0,1131.0,1175.0,1070.857142857143,1141.1666666666667,663.0,691.0,763.0,667.0,718.5666666666667,110.8,109.86,93.09,110.64999999999999,104.27199999999999,2504.5,2366.5,2802.0,2433.5,2648.116666666667,82.764,82.61,81.54,82.81585714285714,82.22513333333333,649.5,633.0,708.0,640.9285714285714,657.9666666666667,460.5,450.5,493.5,463.5,458.3,90.8,90.8,98.8,90.8,93.2,12,3,0,1,0,232.0
2022-12-30,1515.0,forward_filled,2261.0,forward_filled,1535.0,forward_filled,1062.0,forward_filled,663.0,forward_filled,0.053751642114941135,0.8482574456630307,0.27417998317914205,39.15160007913147,111.28,real,2486.0,real,90.8,forward_filled_monthly,82.745,real,645.5,459.0,real,54.19273872055071,28.20180453572493,43.49096004747888,1515.0,1723.0,1189.0,1534.2857142857142,1412.9333333333334,2261.0,2797.0,1122.0,2313.1428571428573,1841.6,1535.0,1598.0,1594.0,1539.0,1580.1,1062.0,1103.0,1170.0,1065.0,1137.5666666666666,663.0,683.0,763.0,664.1428571428571,715.2333333333333,110.98,110.74,92.89,110.72714285714285,104.885,2452.0,2386.5,2720.5,2447.714285714286,2640.3,82.787,82.885,81.645,82.79585714285714,82.2618,642.0,629.5,692.5,643.2142857142857,656.4,460.0,453.5,489.0,464.2857142857143,457.3,90.8,90.8,98.8,90.8,92.93333333333334,12,4,0,1,0,233.0
2023-01-01,1515.0,forward_filled,2261.0,forward_filled,1535.0,forward_filled,1062.0,forward_filled,663.0,forward_filled,0.05253504670539566,0.8516919322717244,0.2871707731520816,39.72732814889537,111.28,forward_filled,2486.0,forward_filled,103.5,real,82.745,forward_filled,645.5,459.0,forward_filled,54.56920038703341,47.74026607418647,43.83639688933722,1515.0,1650.0,1177.0,1515.0,1424.2,2261.0,2626.0,1129.0,2261.0,1879.3333333333333,1535.0,1563.0,1549.0,1535.0,1579.6333333333334,1062.0,1083.0,1164.0,1062.0,1134.1666666666667,663.0,671.0,757.0,663.0,712.1,111.28,110.43,91.54,110.84857142857143,105.54300000000002,2486.0,2391.5,2775.0,2461.214285714286,2630.6666666666665,82.745,82.985,81.728,82.76157142857143,82.2957,645.5,634.5,687.5,644.7857142857143,655.0,459.0,464.0,484.0,463.57142857142856,456.46666666666664,90.8,90.8,98.8,92.61428571428571,93.08999999999999,1,6,0,0,0,235.0
2023-01-02,1515.0,forward_filled,2261.0,forward_filled,1535.0,forward_filled,1062.0,forward_filled,663.0,forward_filled,0.0,1.0,0.31853785900783294,41.11746006785239,111.28,forward_filled,2486.0,forward_filled,103.5,forward_filled,82.773,real,647.0,458.5,real,52.056939182075155,47.74026607418647,44.670476040711435,1515.0,1515.0,1149.0,1515.0,1436.4,2261.0,2261.0,1092.0,2261.0,1918.3,1535.0,1535.0,1496.0,1535.0,1580.9333333333334,1062.0,1062.0,1160.0,1062.0,1130.9,663.0,663.0,753.0,663.0,709.1,111.28,110.48,91.45,110.96285714285715,106.204,2486.0,2386.5,2929.5,2475.4285714285716,2615.883333333333,82.745,82.79,81.719,82.75914285714285,82.33083333333333,645.5,639.5,689.0,645.8571428571429,653.6,459.0,466.0,482.5,462.5,455.6666666666667,103.5,90.8,98.8,94.42857142857143,93.24666666666666,1,0,0,0,0,236.0
2023-01-03,1250.0,real,1635.0,real,1438.0,real,968.0,real,614.0,real,0.10464651043952951,0.7045796524208771,0.0557432432432432,29.470882977956116,117.79,real,2569.0,real,103.5,forward_filled_monthly,82.779,real,645.0,461.5,real,58.410854652372734,42.13970249546157,37.68252978677367,1515.0,1515.0,1184.0,1477.142857142857,1438.6,2261.0,2261.0,1219.0,2171.5714285714284,1932.1666666666667,1535.0,1535.0,1464.0,1521.142857142857,1580.0666666666666,1062.0,1062.0,1163.0,1048.5714285714287,1124.4,663.0,663.0,752.0,656.0,704.5,111.28,110.48,91.94,112.00714285714285,107.06566666666666,2486.0,2431.0,2940.5,2495.1428571428573,2603.5,82.773,82.665,81.633,82.77542857142858,82.36903333333333,647.0,640.5,693.5,646.5,651.9833333333333,458.5,466.0,485.0,461.85714285714283,454.8833333333333,103.5,90.8,98.8,96.24285714285715,93.40333333333334,1,1,0,0,0,237.0
2023-01-04,1176.0,real,1516.0,real,1378.0,real,912.0,real,590.0,real,0.1036729013436185,0.7073281811230017,-0.0531400966183575,24.64537234938416,115.35,real,2497.5,real,103.5,forward_filled_monthly,82.667,real,631.5,448.5,real,54.089863298019615,40.575771533855374,34.7872234096305,1250.0,1515.0,1242.0,1428.7142857142858,1436.4,1635.0,2261.0,1384.0,2065.1428571428573,1936.5666666666666,1438.0,1535.0,1466.0,1498.7142857142858,1577.1333333333334,968.0,1062.0,1174.0,1027.142857142857,1115.6666666666667,614.0,663.0,747.0,645.5714285714286,699.2666666666667,117.79,110.64,91.94,112.67999999999999,107.84599999999999,2569.0,2482.5,3000.0,2497.285714285714,2586.75,82.779,82.835,81.642,82.75142857142858,82.4032,645.0,651.0,678.0,643.7142857142857,650.4333333333333,461.5,474.5,470.5,458.14285714285717,454.15,103.5,90.8,98.8,98.05714285714286,93.55999999999999,1,2,0,0,0,238.0
2023-01-05,1146.0,real,1504.0,real,1332.0,real,871.0,real,571.0,real,0.10307873976967517,0.7090055176911801,-0.1344410876132931,21.042261013360104,114.97,real,2516.0,real,103.5,forward_filled_monthly,82.596,real,624.5,439.5,real,50.46800148936805,39.94174546833934,32.62535660801606,1176.0,1515.0,1324.0,1376.0,1430.4666666666667,1516.0,2261.0,1613.0,1957.0,1932.9333333333334,1378.0,1535.0,1479.0,1469.7142857142858,1572.2333333333333,912.0,1062.0,1182.0,999.8571428571429,1105.3,590.0,663.0,745.0,632.4285714285714,693.4666666666667,115.35,110.8,92.74,113.2757142857143,108.587,2497.5,2504.5,3194.0,2498.9285714285716,2564.15,82.667,82.764,81.713,82.72742857142858,82.43263333333333,631.5,649.5,686.0,640.1428571428571,648.3833333333333,448.5,460.5,477.0,455.14285714285717,452.9,103.5,90.8,98.8,99.87142857142855,93.71666666666667,1,3,0,0,0,239.0
2023-01-06,1130.0,real,1512.0,real,1299.0,real,839.0,real,552.0,real,0.10353664891828103,0.7077128259495002,-0.16109873793615437,19.860842670303864,116.57,real,2463.5,real,103.5,forward_filled_monthly,82.275,real,619.5,434.5,real,51.92825989766138,39.60359823339746,31.91650560218232,1146.0,1515.0,1347.0,1321.0,1423.2333333333333,1504.0,2261.0,1669.0,1850.0,1927.7,1332.0,1535.0,1496.0,1436.0,1565.6666666666667,871.0,1062.0,1180.0,968.0,1093.9333333333334,571.0,663.0,746.0,616.5714285714286,687.0,114.97,110.98,93.04,114.07428571428571,109.37133333333333,2516.0,2452.0,3096.0,2500.5714285714284,2543.0666666666666,82.596,82.787,81.65,82.65428571428572,82.45346666666666,624.5,642.0,670.0,636.9285714285714,646.7,439.5,460.0,462.5,451.5,451.96666666666664,103.5,90.8,98.8,101.68571428571428,93.87333333333332,1,4,0,0,0,240.0
2023-01-09,1139.0,real,1596.0,real,1250.0,real,825.0,real,542.0,real,0.10996648408103016,0.6895612016795877,-0.14167294649585527,20.721758244557332,117.41,real,2493.5,real,103.5,forward_filled_monthly,82.18,real,624.5,435.5,real,53.30748883861573,39.79380605305227,32.4330549467344,1130.0,1515.0,1327.0,1267.2857142857142,1416.9666666666667,1512.0,2261.0,1589.0,1755.0,1927.9333333333334,1299.0,1535.0,1524.0,1395.2857142857142,1556.5333333333333,839.0,1062.0,1177.0,934.1428571428571,1082.2,552.0,663.0,745.0,599.2857142857143,680.2333333333333,116.57,111.28,92.9,114.95000000000002,110.18833333333333,2463.5,2486.0,3096.0,2501.6428571428573,2522.983333333333,82.275,82.745,81.626,82.57357142857143,82.47193333333334,619.5,645.5,676.0,633.9285714285714,644.9833333333333,434.5,459.0,459.0,448.14285714285717,451.18333333333334,103.5,90.8,98.8,103.5,94.03,1,0,0,0,0,243.0
2023-01-10,1096.0,real,1536.0,real,1189.0,real,803.0,real,534.0,real,0.10845917693787206,0.6938163765370196,-0.19114391143911436,18.52929549090886,119.66,real,2517.5,real,103.5,forward_filled_monthly,81.63,real,626.0,436.0,real,52.05835288753583,38.88503535914597,31.117577294545317,1139.0,1515.0,1355.0,1207.4285714285713,1408.3333333333333,1596.0,2261.0,1643.0,1651.4285714285713,1924.3666666666666,1250.0,1535.0,1568.0,1345.857142857143,1543.9,825.0,1062.0,1172.0,897.1428571428571,1069.9,542.0,663.0,744.0,580.8571428571429,673.2333333333333,117.41,111.28,93.25,116.14714285714285,111.06866666666666,2493.5,2486.0,3332.0,2506.1428571428573,2495.8333333333335,82.18,82.745,81.374,82.41428571428571,82.48046666666666,624.5,645.5,680.5,631.1428571428571,643.1666666666666,435.5,459.0,460.5,444.85714285714283,450.3666666666667,103.5,103.5,98.8,103.5,94.18666666666667,1,1,0,0,0,244.0
2023-01-11,1043.0,real,1470.0,real,1126.0,real,762.0,real,521.0,real,0.10650426495040823,0.6993351537652088,-0.22047832585949179,17.229247855077787,121.02,real,2522.5,real,103.5,forward_filled_monthly,81.642,real,631.0,436.5,real,43.68284947270499,37.764922643400986,30.337548713046672,1096.0,1515.0,1338.0,1140.0,1398.5,1536.0,2261.0,1570.0,1538.4285714285713,1921.0333333333333,1189.0,1535.0,1602.0,1287.4285714285713,1528.0333333333333,803.0,1062.0,1165.0,854.2857142857143,1056.4666666666667,534.0,663.0,742.0,560.5714285714286,665.8666666666667,119.66,111.28,103.1,117.53857142857143,111.666,2517.5,2486.0,3332.0,2511.3571428571427,2468.85,81.63,82.773,81.13,82.25271428571429,82.49753333333335,626.0,647.0,686.5,628.8571428571429,641.3166666666667,436.0,458.5,453.0,441.7142857142857,449.81666666666666,103.5,103.5,90.8,103.5,94.60999999999999,1,2,0,0,0,245.0
2023-01-12,976.0,real,1349.0,real,1084.0,real,715.0,real,508.0,real,0.04785623683109157,0.8649003577941623,-0.2628398791540786,15.351861232609423,121.26,real,2534.0,real,103.5,forward_filled_monthly,81.11,real,647.0,446.5,real,47.64350232303089,36.34893109708186,29.211116739565654,1043.0,1250.0,1324.0,1100.857142857143,1386.9,1470.0,1635.0,1519.0,1497.5714285714287,1915.3666666666666,1126.0,1438.0,1618.0,1236.857142857143,1510.2333333333333,762.0,968.0,1162.0,818.1428571428571,1041.5666666666666,521.0,614.0,741.0,545.4285714285714,658.1,121.02,117.79,107.44,118.03428571428572,112.12666666666668,2522.5,2569.0,2840.0,2506.3571428571427,2458.65,81.642,82.779,81.438,82.01428571428572,82.4866,631.0,645.0,685.5,629.1428571428571,640.0333333333333,436.5,461.5,457.0,439.57142857142856,449.46666666666664,103.5,103.5,90.8,103.5,95.03333333333333,1,3,0,0,0,246.0
2023-01-13,946.0,real,1299.0,real,1069.0,real,686.0,real,500.0,real,0.04377971758660297,0.8764084981713391,-0.2849584278155707,14.371607579568632,122.33,real,2579.0,real,103.5,forward_filled_monthly,81.285,real,659.0,447.0,real,57.77961567213733,35.71490503156583,28.62296454774118,976.0,1176.0,1323.0,1068.0,1374.3333333333333,1349.0,1516.0,1502.0,1466.5714285714287,1908.6,1084.0,1378.0,1638.0,1192.7142857142858,1491.2666666666667,715.0,912.0,1158.0,785.8571428571429,1025.8333333333333,508.0,590.0,737.0,532.5714285714286,650.2,121.26,115.35,107.68,119.03142857142858,112.61500000000001,2534.0,2497.5,2420.0,2518.0,2463.95,81.11,82.667,81.9,81.81685714285716,82.46610000000001,647.0,631.5,684.5,633.0714285714286,639.1833333333333,446.5,448.5,456.5,439.35714285714283,449.15,103.5,103.5,90.8,103.5,95.45666666666666,1,4,0,0,0,247.0
2023-01-16,946.0,real,1311.0,real,1071.0,real,673.0,real,488.0,real,0.045094311059205285,0.8726973599884196,-0.29402985074626864,13.969578694121191,122.33,forward_filled,2571.5,real,103.5,forward_filled_monthly,81.656,real,663.0,452.0,real,56.95301194168729,35.71490503156583,28.381747216472714,946.0,1146.0,1340.0,1039.4285714285713,1361.2,1299.0,1504.0,1540.0,1439.0,1900.9666666666667,1069.0,1332.0,1657.0,1155.4285714285713,1471.7333333333333,686.0,871.0,1158.0,757.5714285714286,1009.6666666666666,500.0,571.0,732.0,520.7142857142857,642.0666666666667,122.33,114.97,108.49,120.08285714285714,113.07633333333334,2579.0,2516.0,2420.0,2525.9285714285716,2469.0,81.285,82.596,82.49,81.68257142857144,82.4383,659.0,624.5,669.5,638.5714285714286,638.9666666666667,447.0,439.5,447.0,441.14285714285717,449.31666666666666,103.5,103.5,90.8,103.5,95.88000000000001,1,0,0,0,0,250.0
2023-01-17,921.0,real,1240.0,real,1078.0,real,661.0,real,468.0,real,0.04544987563911371,0.8716935901413202,-0.32920611798980337,12.410630817679106,120.95,real,2431.5,real,103.5,forward_filled_monthly,81.635,real,668.5,456.0,real,53.90700467329954,35.18654997696915,27.446378490607465,946.0,1130.0,1373.0,1009.5714285714286,1346.1333333333334,1311.0,1512.0,1635.0,1400.142857142857,1887.8,1071.0,1299.0,1659.0,1123.857142857143,1452.3666666666666,673.0,839.0,1158.0,732.1428571428571,993.1,488.0,552.0,735.0,508.7142857142857,633.1666666666666,122.33,116.57,107.09,120.70857142857143,113.53833333333333,2571.5,2463.5,2420.0,2521.3571428571427,2469.383333333333,81.656,82.275,82.217,81.59114285714286,82.4189,663.0,619.5,648.5,645.5714285714286,639.6333333333333,452.0,434.5,436.0,444.2142857142857,449.98333333333335,103.5,103.5,90.8,103.5,96.30333333333333,1,1,0,0,0,251.0
2023-01-18,874.0,real,1107.0,real,1075.0,real,657.0,real,458.0,real,0.03701137937532802,0.8955157270556059,-0.3689530685920578,10.649118608113392,121.19,real,2481.0,real,103.5,forward_filled_monthly,81.445,real,676.5,459.5,real,53.29017333591211,34.19324247432737,26.389471164868034,921.0,1139.0,1385.0,971.7142857142857,1329.1,1240.0,1596.0,1675.0,1330.2857142857142,1868.8666666666666,1078.0,1250.0,1661.0,1098.857142857143,1432.8333333333333,661.0,825.0,1153.0,708.1428571428571,976.5666666666667,468.0,542.0,733.0,496.7142857142857,624.0,120.95,117.41,109.49,121.24857142857141,113.92833333333333,2431.5,2493.5,2420.0,2519.5714285714284,2471.4166666666665,81.635,82.18,82.29,81.48614285714287,82.39073333333334,668.5,624.5,635.0,653.0,641.0166666666667,456.0,435.5,436.0,447.64285714285717,450.76666666666665,103.5,103.5,90.8,103.5,96.72666666666666,1,2,0,0,0,252.0
2023-01-19,801.0,real,893.0,real,1071.0,real,654.0,real,449.0,real,0.06460913219104868,0.8176064141221935,-0.42207792207792205,8.294722192066525,121.79,real,2463.5,real,103.5,forward_filled_monthly,81.245,real,674.5,462.5,real,52.54455984901645,32.65044571490503,24.976833315239915,874.0,1096.0,1386.0,929.5714285714286,1309.6,1107.0,1536.0,1683.0,1238.4285714285713,1842.5333333333333,1075.0,1189.0,1659.0,1082.0,1413.2333333333333,657.0,803.0,1152.0,686.8571428571429,959.9666666666667,458.0,534.0,732.0,484.57142857142856,614.5666666666667,121.19,119.66,110.48,121.55285714285715,114.30533333333332,2481.0,2517.5,2420.0,2511.8571428571427,2472.866666666667,81.445,81.63,82.42,81.43114285714286,82.35156666666667,676.5,626.0,633.0,659.9285714285714,642.4,459.5,436.0,441.5,451.42857142857144,451.46666666666664,103.5,103.5,90.8,103.5,97.15,1,3,0,0,0,253.0
2023-01-20,763.0,real,787.0,real,1060.0,real,652.0,real,441.0,real,0.0651687667972922,0.8160265482556742,-0.4393828067597355,7.527801329201333,122.16,real,2475.0,real,103.5,forward_filled_monthly,80.984,real,687.5,466.5,real,53.85416249161244,31.847346031918068,24.5166807975208,801.0,1043.0,1361.0,889.5714285714286,1289.6666666666667,893.0,1470.0,1619.0,1140.857142857143,1814.8,1071.0,1126.0,1643.0,1072.5714285714287,1393.8,654.0,762.0,1153.0,671.1428571428571,943.2666666666667,449.0,521.0,729.0,473.14285714285717,604.9666666666667,121.79,121.02,109.47,121.71571428571428,114.72833333333334,2463.5,2522.5,2420.0,2505.0714285714284,2474.7,81.245,81.642,82.647,81.33714285714287,82.29613333333333,674.5,631.0,631.0,668.0,644.2833333333333,462.5,436.5,434.0,455.7142857142857,452.55,103.5,103.5,90.8,103.5,97.57333333333332,1,4,0,0,0,254.0
2023-01-23,740.0,real,735.0,real,1048.0,real,645.0,real,434.0,real,0.06550075362575744,0.8150893391328381,-0.4546794399410464,6.84988250257822,121.94,real,2475.0,forward_filled,103.5,forward_filled_monthly,81.483,real,695.5,472.0,real,49.78345089864047,31.361259381689116,24.109929501546933,763.0,976.0,1357.0,855.8571428571429,1269.1,787.0,1349.0,1601.0,1053.142857142857,1785.9333333333334,1060.0,1084.0,1633.0,1067.4285714285713,1374.3,652.0,715.0,1167.0,661.1428571428571,925.8666666666667,441.0,508.0,726.0,462.57142857142856,595.2333333333333,122.16,121.26,109.23,121.81285714285715,115.15200000000002,2475.0,2534.0,2610.0,2496.6428571428573,2470.2,80.984,81.11,82.403,81.39042857142856,82.26546666666667,687.5,647.0,636.0,674.9285714285714,646.2666666666667,466.5,446.5,446.0,459.35714285714283,453.4166666666667,103.5,103.5,90.8,103.5,97.99666666666667,1,0,0,0,0,257.0
2023-01-24,721.0,real,685.0,real,1035.0,real,649.0,real,433.0,real,0.063034601508377,0.8220513631185353,-0.4853675945753033,5.489839574549973,121.97,real,2475.0,forward_filled,103.5,forward_filled_monthly,81.599,real,698.0,472.0,real,52.68831284835772,30.95970954019563,23.293903744729985,740.0,946.0,1401.0,823.7142857142857,1246.4333333333334,735.0,1299.0,1723.0,965.4285714285714,1751.3333333333333,1048.0,1069.0,1643.0,1062.5714285714287,1354.0333333333333,645.0,686.0,1170.0,655.8571428571429,908.5,434.0,500.0,719.0,453.0,585.7,121.94,122.33,109.26,121.76142857142857,115.57566666666666,2475.0,2579.0,2472.5,2481.785714285714,2470.2833333333333,81.483,81.285,82.496,81.43528571428571,82.23556666666667,695.5,659.0,639.5,680.5,648.2166666666667,472.0,447.0,445.0,462.92857142857144,454.31666666666666,103.5,103.5,90.8,103.5,98.42,1,1,0,0,0,258.0
2023-01-25,703.0,real,631.0,real,1035.0,real,648.0,real,433.0,real,0.047969584508957455,0.8645803737808226,-0.5399214659685864,3.0721116965050266,121.93,real,2475.0,forward_filled,103.5,forward_filled_monthly,81.519,real,699.5,471.5,real,53.58487328938073,30.579293900886018,21.843267017903017,721.0,946.0,1528.0,789.0,1218.9333333333334,685.0,1311.0,2095.0,868.2857142857143,1702.5333333333333,1035.0,1071.0,1658.0,1057.4285714285713,1333.2666666666667,649.0,673.0,1167.0,652.2857142857143,891.2,433.0,488.0,713.0,445.14285714285717,576.3666666666667,121.97,122.33,110.5,121.70428571428572,115.95666666666666,2475.0,2571.5,2390.5,2468.0,2473.1,81.599,81.656,82.862,81.41571428571429,82.19080000000001,698.0,663.0,642.5,685.7142857142857,650.1166666666667,472.0,452.0,448.5,465.7142857142857,455.0833333333333,103.5,103.5,90.8,103.5,98.84333333333332,1,2,0,0,0,259.0
2023-01-26,677.0,real,549.0,real,1045.0,real,645.0,real,432.0,real,0.04486396234944209,0.873347641546943,-0.566025641025641,1.9152223657035228,122.49,real,2475.0,forward_filled,103.5,forward_filled_monthly,81.445,real,700.0,470.0,real,53.52960746793464,30.029804644105457,21.149133419422114,703.0,921.0,1560.0,754.1428571428571,1189.5,631.0,1240.0,2208.0,769.5714285714286,1647.2333333333333,1035.0,1078.0,1652.0,1052.7142857142858,1313.0333333333333,648.0,661.0,1157.0,650.0,874.1333333333333,433.0,468.0,705.0,440.0,567.2666666666667,121.93,120.95,110.27,121.92428571428572,116.364,2475.0,2431.5,2417.0,2474.214285714286,2475.0333333333333,81.519,81.635,82.733,81.38857142857144,82.14786666666667,699.5,668.5,640.0,690.2142857142857,652.1166666666667,471.5,456.0,441.0,467.7142857142857,456.05,103.5,103.5,90.8,103.5,99.26666666666667,1,3,0,0,0,260.0
2023-01-27,676.0,real,534.0,real,1054.0,real,650.0,real,431.0,real,0.05448675933438939,0.8461821869318158,-0.5633074935400517,2.035685694605899,122.7,real,2475.0,forward_filled,103.5,forward_filled_monthly,81.515,real,706.5,473.0,real,55.184325122265335,30.00867044192159,21.22141141676354,677.0,874.0,1548.0,725.8571428571429,1160.4333333333334,549.0,1107.0,2186.0,687.7142857142857,1592.1666666666667,1045.0,1075.0,1645.0,1049.7142857142858,1293.3333333333333,645.0,657.0,1146.0,649.0,857.6,432.0,458.0,701.0,436.14285714285717,558.2666666666667,122.49,121.19,109.56,122.14,116.80199999999999,2475.0,2481.0,2377.0,2473.3571428571427,2478.3,81.445,81.445,82.677,81.39857142857143,82.10913333333333,700.0,676.5,635.0,694.5,654.5,470.0,459.5,442.5,469.64285714285717,457.06666666666666,103.5,103.5,90.8,103.5,99.69,1,4,0,0,0,261.0
2023-01-30,680.0,real,533.0,real,1060.0,real,658.0,real,432.0,real,0.04569103432337596,0.8710127916892051,-0.5739348370927319,1.5647012507770501,123.08,real,2679.5,real,103.5,forward_filled_monthly,81.525,real,697.5,468.5,real,60.234093094385784,30.093207250657063,20.93882075046623,676.0,801.0,1596.0,708.5714285714286,1129.9,534.0,893.0,2365.0,636.2857142857143,1531.1,1054.0,1071.0,1622.0,1048.142857142857,1274.6,650.0,654.0,1131.0,649.5714285714286,841.8333333333334,431.0,449.0,691.0,433.7142857142857,549.6333333333333,122.7,121.79,109.86,122.32428571428571,117.24266666666666,2475.0,2463.5,2366.5,2504.214285714286,2488.733333333333,81.515,81.245,82.61,81.43857142857144,82.07296666666666,706.5,674.5,633.0,697.7857142857143,656.65,473.0,462.5,450.5,470.5,457.6666666666667,103.5,103.5,90.8,103.5,100.11333333333333,1,0,0,0,0,264.0
2023-01-31,681.0,real,532.0,real,1052.0,real,670.0,real,433.0,real,0.04631676835196235,0.8692463251014454,-0.6047591410330818,0.1986244343278576,123.37,real,2666.5,real,103.5,forward_filled_monthly,81.769,real,690.0,461.0,real,58.92482412463307,30.114341452840932,20.119174660596713,680.0,763.0,1723.0,696.8571428571429,1095.1666666666667,533.0,787.0,2797.0,599.8571428571429,1455.6,1060.0,1060.0,1598.0,1047.0,1256.4,658.0,652.0,1103.0,652.1428571428571,827.4,432.0,441.0,683.0,432.57142857142856,541.3,123.08,122.16,110.74,122.49714285714286,117.66366666666667,2679.5,2475.0,2386.5,2531.5714285714284,2498.0666666666666,81.525,80.984,82.885,81.55071428571429,82.03576666666666,697.5,687.5,629.5,698.1428571428571,658.6666666666666,468.5,466.5,453.5,469.7142857142857,457.9166666666667,103.5,103.5,90.8,103.5,100.53666666666666,1,1,0,0,0,265.0
2023-02-01,668.0,real,499.0,real,1029.0,real,680.0,real,435.0,real,0.04615762665353819,0.869695587056434,-0.5951515151515152,0.6244168545986903,126.33,real,2666.5,real,90.0,real,81.758,real,703.5,464.5,real,61.11008442566225,9.070366055219878,20.374650112759216,681.0,740.0,1650.0,686.5714285714286,1062.4333333333334,532.0,735.0,2626.0,566.1428571428571,1384.7,1052.0,1048.0,1563.0,1044.2857142857142,1238.6,670.0,645.0,1083.0,657.1428571428571,813.9666666666667,433.0,434.0,671.0,432.7142857142857,533.4333333333333,123.37,121.94,110.43,123.1242857142857,118.19366666666666,2666.5,2475.0,2391.5,2558.9285714285716,2507.233333333333,81.769,81.483,82.985,81.59,81.99486666666667,690.0,695.5,634.5,699.2857142857143,660.9666666666667,461.0,472.0,464.0,468.64285714285717,457.93333333333334,103.5,103.5,90.8,101.57142857142857,100.50999999999999,2,2,0,0,0,266.0
2023-02-02,640.0,real,445.0,real,988.0,real,684.0,real,436.0,real,0.050642435810504094,0.8570348315815297,-0.5775577557755776,1.404140115962988,123.95,real,2666.5,real,90.0,forward_filled_monthly,82.044,real,688.5,462.0,real,59.53338442286695,8.478608394071586,20.842484069577793,668.0,721.0,1515.0,675.0,1033.2666666666667,499.0,685.0,2261.0,531.8571428571429,1324.1666666666667,1029.0,1035.0,1535.0,1037.5714285714287,1220.3666666666666,680.0,649.0,1062.0,662.1428571428571,801.3666666666667,435.0,433.0,663.0,433.14285714285717,525.8666666666667,126.33,121.97,110.48,123.40714285714286,118.64266666666666,2666.5,2475.0,2386.5,2586.285714285714,2516.5666666666666,81.758,81.599,82.79,81.65357142857144,81.97,703.5,698.0,639.5,697.9285714285714,662.6,464.5,472.0,466.0,467.2142857142857,457.8,90.0,103.5,90.8,99.64285714285714,100.48333333333333,2,3,0,0,0,267.0
2023-02-03,621.0,real,429.0,real,940.0,real,682.0,real,436.0,real,0.05037784147914038,0.85778178959294,-0.5900990099009902,0.8483346533943019,125.26,real,2666.5,real,90.0,forward_filled_monthly,82.233,real,679.0,448.0,real,59.32250415612277,8.077058552578102,20.509000792036584,640.0,703.0,1515.0,663.2857142857143,1003.4666666666667,445.0,631.0,2261.0,503.0,1263.1,988.0,1035.0,1535.0,1024.0,1200.5333333333333,684.0,648.0,1062.0,667.0,788.7,436.0,433.0,663.0,433.57142857142856,518.3,123.95,121.93,110.48,123.88285714285713,119.13533333333334,2666.5,2475.0,2431.0,2613.6428571428573,2524.4166666666665,82.044,81.519,82.665,81.75557142857143,81.9556,688.5,699.5,640.5,695.0,663.8833333333333,462.0,471.5,466.0,463.85714285714283,457.2,90.0,103.5,90.8,97.71428571428571,100.45666666666666,2,4,0,0,0,268.0
2023-02-06,608.0,real,419.0,real,907.0,real,680.0,real,436.0,real,0.03752266786039087,0.8940723437900191,-0.5986798679867986,0.46804670532099923,124.34,real,2666.5,real,90.0,forward_filled_monthly,82.75,real,665.5,426.0,real,57.29839216509247,7.802313924187823,20.2808280231926,621.0,677.0,1515.0,653.4285714285714,973.2333333333333,429.0,549.0,2261.0,484.42857142857144,1201.7,940.0,1045.0,1535.0,1004.2857142857143,1179.6,682.0,645.0,1062.0,672.0,775.9666666666667,436.0,432.0,663.0,434.14285714285717,510.73333333333335,125.26,122.49,110.64,124.14714285714285,119.592,2666.5,2475.0,2482.5,2641.0,2530.55,82.233,81.445,82.835,81.94200000000001,81.95276666666668,679.0,700.0,651.0,690.0714285714286,664.3666666666667,448.0,470.0,474.5,457.57142857142856,455.5833333333333,90.0,103.5,90.8,95.78571428571429,100.43,2,0,0,0,0,271.0
2023-02-07,601.0,real,443.0,real,867.0,real,667.0,real,437.0,real,0.052055084481304366,0.8530468805301074,-0.6033003300330033,0.2632762717430603,122.75,real,2666.5,real,90.0,forward_filled_monthly,82.87,real,667.5,434.0,real,55.54332877129371,7.654374508900751,20.157965763045837,608.0,676.0,1515.0,642.7142857142857,942.7666666666667,419.0,534.0,2261.0,471.42857142857144,1141.1,907.0,1054.0,1535.0,977.5714285714286,1157.3333333333333,680.0,650.0,1062.0,674.4285714285714,762.8,436.0,431.0,663.0,435.0,503.2,124.34,122.7,110.8,124.15428571428572,119.99033333333334,2666.5,2475.0,2504.5,2668.3571428571427,2535.95,82.75,81.515,82.764,82.13557142857144,81.9563,665.5,706.5,649.5,684.5,664.9666666666667,426.0,473.0,460.5,452.0,454.7,90.0,103.5,90.8,93.85714285714286,100.40333333333334,2,1,0,0,0,272.0
2023-02-08,603.0,real,474.0,real,856.0,real,651.0,real,437.0,real,0.06328096109055115,0.8213558823701601,-0.601980198019802,0.3217821099081864,123.21,real,2666.5,real,90.0,forward_filled_monthly,82.655,real,674.0,449.0,real,56.98162050849185,7.696642913268486,20.193069265944914,601.0,680.0,1515.0,631.7142857142857,912.3666666666667,443.0,533.0,2261.0,463.0,1081.5333333333333,867.0,1060.0,1535.0,948.4285714285714,1134.7,667.0,658.0,1062.0,673.4285714285714,749.1,437.0,432.0,663.0,435.7142857142857,495.6666666666667,122.75,123.08,110.98,124.17285714285715,120.398,2666.5,2679.5,2452.0,2666.5,2543.1,82.87,81.525,82.787,82.29700000000001,81.95190000000001,667.5,697.5,642.0,681.1428571428571,666.0333333333333,434.0,468.5,460.0,449.2142857142857,454.3333333333333,90.0,103.5,90.8,91.92857142857143,100.37666666666665,2,2,0,0,0,273.0
2023-02-09,592.0,real,452.0,real,861.0,real,636.0,real,436.0,real,0.06399107041845226,0.8193512216931188,-0.6092409240924093,0.0,124.65,real,2666.5,real,90.0,forward_filled_monthly,82.54,real,682.0,453.0,real,56.93069948964297,7.4641666892459435,20.0,603.0,681.0,1515.0,619.0,881.6,474.0,532.0,2261.0,451.57142857142856,1021.2333333333333,856.0,1052.0,1535.0,921.1428571428571,1112.2333333333333,651.0,670.0,1062.0,668.5714285714286,734.9,437.0,433.0,663.0,436.14285714285717,488.1,123.21,123.37,111.28,124.35571428571428,120.84366666666666,2666.5,2666.5,2486.0,2666.5,2549.116666666667,82.655,81.769,82.745,82.40714285714286,81.94506666666668,674.0,690.0,645.5,680.0,667.25,449.0,461.0,459.0,448.07142857142856,454.1333333333333,90.0,103.5,90.8,90.0,100.35,2,3,0,0,0,274.0
2023-02-10,602.0,real,486.0,real,864.0,real,628.0,real,436.0,real,0.0701409262509401,0.8019899877641108,-0.6026402640264026,0.2925291908256258,125.14,real,2666.5,real,90.0,forward_filled_monthly,82.52,real,678.5,454.5,real,57.271123453645515,7.675508711084618,20.175517514495375,592.0,668.0,1515.0,609.5714285714286,851.1666666666666,452.0,499.0,2261.0,449.7142857142857,962.0666666666667,861.0,1029.0,1535.0,897.5714285714286,1089.8666666666666,636.0,680.0,1062.0,661.1428571428571,720.4333333333333,436.0,435.0,663.0,436.2857142857143,480.53333333333336,124.65,126.33,111.28,124.1857142857143,121.30566666666665,2666.5,2666.5,2486.0,2666.5,2555.133333333333,82.54,81.758,82.745,82.51599999999999,81.93756666666667,682.0,703.5,645.5,676.4285714285714,668.35,453.0,464.5,459.0,446.64285714285717,453.98333333333335,90.0,90.0,103.5,90.0,99.9,2,4,0,0,0,275.0
2023-02-13,616.0,real,534.0,real,863.0,real,625.0,real,435.0,real,0.06071419349060441,0.8286019469866126,-0.5933993399339934,0.702070057981494,123.76,real,2666.5,real,90.0,forward_filled_monthly,82.597,real,681.0,458.5,real,56.31237841216896,7.971387541658764,20.421242034788897,602.0,640.0,1515.0,606.1428571428571,821.2,486.0,445.0,2261.0,462.42857142857144,904.5,864.0,988.0,1535.0,879.7142857142857,1067.4666666666667,628.0,684.0,1062.0,652.7142857142857,705.8666666666667,436.0,436.0,663.0,436.14285714285717,472.93333333333334,125.14,123.95,111.28,124.15857142857143,121.72166666666666,2666.5,2666.5,2486.0,2666.5,2561.15,82.52,82.044,82.773,82.595,81.9317,678.5,688.5,647.0,675.3571428571429,669.4833333333333,454.5,462.0,458.5,446.14285714285717,453.98333333333335,90.0,90.0,103.5,90.0,99.45,2,0,0,0,0,278.0
2023-02-14,563.0,real,382.0,real,848.0,real,627.0,real,432.0,real,0.13348365255601044,0.6231715050162663,-0.5496,2.643176756623994,124.2,real,2666.5,real,90.0,forward_filled_monthly,82.915,real,680.5,458.5,real,49.9386611810668,6.851274825913784,21.585906053974398,616.0,621.0,1250.0,597.8571428571429,798.3,534.0,429.0,1635.0,455.7142857142857,862.7333333333333,863.0,940.0,1438.0,866.5714285714286,1047.8,625.0,682.0,968.0,644.8571428571429,694.5,435.0,436.0,614.0,435.57142857142856,466.8666666666667,123.76,125.26,117.79,124.00714285714287,121.93533333333333,2666.5,2666.5,2569.0,2666.5,2564.4,82.597,82.233,82.779,82.69242857142856,81.93623333333333,681.0,679.0,645.0,675.5714285714286,670.6666666666666,458.5,448.0,461.5,447.64285714285717,453.8833333333333,90.0,90.0,103.5,90.0,99.0,2,1,0,0,0,279.0
2023-02-15,541.0,real,317.0,real,830.0,real,640.0,real,431.0,real,0.14720048788144335,0.5844484530721062,-0.5399659863945578,3.0701386325910525,124.34,real,2361.5,real,90.0,forward_filled_monthly,82.765,real,675.5,455.5,real,46.662386857814276,6.386322377868697,21.84208317955463,563.0,608.0,1176.0,588.2857142857143,777.1333333333333,382.0,419.0,1516.0,441.14285714285717,822.7666666666667,848.0,907.0,1378.0,855.5714285714286,1029.5333333333333,627.0,680.0,912.0,639.1428571428571,685.4333333333333,432.0,436.0,590.0,434.85714285714283,461.56666666666666,124.2,124.34,115.35,124.00714285714285,122.235,2666.5,2666.5,2497.5,2622.9285714285716,2559.866666666667,82.915,82.75,82.667,82.69457142857142,81.93950000000001,680.5,665.5,631.5,677.0,672.1333333333333,458.5,426.0,448.5,451.85714285714283,454.1166666666667,90.0,90.0,103.5,90.0,98.55,2,2,0,0,0,280.0
2023-02-16,530.0,real,275.0,real,818.0,real,660.0,real,434.0,real,0.14622692698021347,0.5871968457191499,-0.537521815008726,3.1784598414681375,124.69,real,2405.0,real,90.0,forward_filled_monthly,82.715,real,672.0,458.0,real,47.74306210613851,6.153846153846154,21.907075904880884,541.0,601.0,1146.0,578.1428571428571,756.6,317.0,443.0,1504.0,417.14285714285717,781.8,830.0,867.0,1332.0,848.5714285714286,1012.4,640.0,667.0,871.0,638.1428571428571,678.4,431.0,437.0,571.0,434.42857142857144,457.0,124.34,122.75,114.97,124.28428571428572,122.559,2361.5,2666.5,2516.0,2585.5714285714284,2556.1666666666665,82.765,82.87,82.596,82.67242857142857,81.94346666666667,675.5,667.5,624.5,677.6428571428571,673.7166666666667,455.5,434.0,439.5,455.2857142857143,454.73333333333335,90.0,90.0,103.5,90.0,98.1,2,3,0,0,0,281.0
2023-02-17,538.0,real,271.0,real,811.0,real,695.0,real,438.0,real,0.13734140831753566,0.6122809407427092,-0.5238938053097345,3.7824283249143082,124.94,real,2405.0,real,90.0,forward_filled_monthly,82.765,real,660.0,458.0,real,47.88107319911036,6.322919771317094,22.269456994948584,530.0,603.0,1130.0,568.8571428571429,736.8666666666667,275.0,474.0,1512.0,388.14285714285717,740.4333333333333,818.0,856.0,1299.0,842.1428571428571,996.1333333333333,660.0,651.0,839.0,644.4285714285714,673.6,434.0,437.0,552.0,434.57142857142856,453.2,124.69,123.21,116.57,124.53142857142858,122.83800000000001,2405.0,2666.5,2463.5,2548.214285714286,2554.2166666666667,82.715,82.655,82.275,82.68814285714286,81.95980000000002,672.0,674.0,619.5,675.6428571428571,675.0666666666667,458.0,449.0,434.5,456.57142857142856,455.51666666666665,90.0,90.0,103.5,90.0,97.65,2,4,0,0,0,282.0
2023-02-20,552.0,real,284.0,real,809.0,real,727.0,real,448.0,real,0.14424502350501256,0.592791820755135,-0.5153643546971027,4.1604379877282005,124.94,forward_filled,2520.0,real,90.0,forward_filled_monthly,82.721,real,654.0,456.5,real,49.18332454316386,6.618798601891241,22.496262792636923,538.0,592.0,1139.0,563.1428571428571,717.3,271.0,452.0,1596.0,364.14285714285717,696.7,811.0,861.0,1250.0,834.7142857142857,981.4333333333333,695.0,636.0,825.0,657.4285714285714,670.3333333333334,438.0,436.0,542.0,436.2857142857143,450.06666666666666,124.94,124.65,117.41,124.57285714285715,123.089,2405.0,2666.5,2493.5,2527.285714285714,2555.1,82.765,82.54,82.18,82.71400000000001,81.97783333333334,660.0,682.0,624.5,671.6428571428571,676.05,458.0,453.0,435.5,457.07142857142856,456.21666666666664,90.0,90.0,103.5,90.0,97.2,2,0,0,0,0,285.0
2023-02-21,594.0,real,303.0,real,843.0,real,807.0,real,462.0,real,0.14302938006206403,0.596223619932573,-0.458029197080292,6.7014273881492326,126.34,real,2520.0,real,90.0,forward_filled_monthly,82.849,real,650.5,460.0,real,48.009755870464076,7.506435093613678,24.02085643288954,552.0,602.0,1096.0,562.0,700.5666666666667,284.0,486.0,1536.0,338.0,655.6,809.0,864.0,1189.0,831.7142857142857,969.9,727.0,628.0,803.0,683.0,670.4666666666667,448.0,436.0,534.0,440.0,447.6666666666667,124.94,125.14,119.66,124.74428571428572,123.31166666666667,2520.0,2666.5,2517.5,2506.3571428571427,2555.1833333333334,82.721,82.52,81.63,82.761,82.01846666666667,654.0,678.5,626.0,667.6428571428571,676.8666666666667,456.5,454.5,436.0,457.85714285714283,457.01666666666665,90.0,90.0,103.5,90.0,96.75,2,1,0,0,0,286.0
2023-02-22,674.0,real,390.0,real,951.0,real,872.0,real,473.0,real,0.18764163251119334,0.4702818463420898,-0.3537871524448706,11.321244294681279,125.77,real,2864.0,real,90.0,forward_filled_monthly,82.835,real,641.5,455.5,real,54.13725015555468,9.197171268323082,26.792746576808767,594.0,616.0,1043.0,570.2857142857143,688.2666666666667,303.0,534.0,1470.0,317.42857142857144,619.6,843.0,863.0,1126.0,844.2857142857143,964.0666666666667,807.0,625.0,762.0,718.2857142857143,674.1333333333333,462.0,435.0,521.0,445.42857142857144,446.06666666666666,126.34,123.76,121.02,125.03142857142858,123.47,2520.0,2666.5,2522.5,2534.5714285714284,2566.5666666666666,82.849,82.597,81.642,82.795,82.05823333333333,650.5,681.0,631.0,662.0,677.2166666666667,460.0,458.5,436.5,457.42857142857144,457.65,90.0,90.0,103.5,90.0,96.3,2,2,0,0,0,287.0
2023-02-23,816.0,real,573.0,real,1169.0,real,940.0,real,493.0,real,0.22813211764588978,0.3559759498349008,-0.16393442622950816,19.73517014761776,125.92,real,3008.0,real,90.0,forward_filled_monthly,82.618,real,633.0,450.5,real,56.92271360398256,12.198227978432277,31.841102088570658,674.0,563.0,976.0,606.4285714285714,682.9333333333333,390.0,382.0,1349.0,344.7142857142857,593.7333333333333,951.0,848.0,1084.0,890.1428571428571,966.9,872.0,627.0,715.0,763.0,681.6333333333333,473.0,432.0,508.0,454.14285714285717,445.56666666666666,125.77,124.2,121.26,125.27714285714285,123.62533333333333,2864.0,2666.5,2534.0,2583.3571428571427,2582.366666666667,82.835,82.915,81.11,82.75257142857143,82.1085,641.5,680.5,647.0,655.2142857142857,676.75,455.5,458.5,446.5,456.2857142857143,457.78333333333336,90.0,90.0,103.5,90.0,95.85,2,3,0,0,0,288.0
2023-02-24,883.0,real,636.0,real,1271.0,real,996.0,real,505.0,real,0.19993863326804373,0.4355670314618678,-0.06659619450317122,24.04902268335805,125.85,real,3008.0,real,90.0,forward_filled_monthly,82.925,real,638.0,456.0,real,55.03436674972432,13.614219524751404,34.429413610014834,816.0,541.0,946.0,655.2857142857143,680.8333333333334,573.0,317.0,1299.0,390.2857142857143,571.6333333333333,1169.0,830.0,1069.0,953.1428571428571,973.6333333333333,940.0,640.0,686.0,813.8571428571429,691.9666666666667,493.0,431.0,500.0,464.7142857142857,445.73333333333335,125.92,124.34,122.33,125.49285714285713,123.74266666666666,3008.0,2361.5,2579.0,2675.714285714286,2596.6666666666665,82.618,82.765,81.285,82.77542857142858,82.16316666666667,633.0,675.5,659.0,649.8571428571429,676.05,450.5,455.5,447.0,456.35714285714283,458.0833333333333,90.0,90.0,103.5,90.0,95.4,2,4,0,0,0,289.0
2023-02-27,935.0,real,701.0,real,1317.0,real,1050.0,real,517.0,real,0.16780018166915547,0.5262948780199692,-0.011627906976744207,26.48511672704119,125.74,real,2557.0,real,90.0,forward_filled_monthly,82.652,real,641.0,451.5,real,45.48334430535304,14.713198038312514,35.89107003622472,883.0,530.0,946.0,713.1428571428571,680.4666666666667,636.0,275.0,1311.0,451.14285714285717,551.3,1271.0,818.0,1071.0,1024.4285714285713,981.8333333333334,996.0,660.0,673.0,869.5714285714286,704.5333333333333,505.0,434.0,488.0,476.57142857142856,446.7,125.85,124.69,122.33,125.64285714285714,123.85633333333334,3008.0,2405.0,2571.5,2697.4285714285716,2596.1833333333334,82.925,82.715,81.656,82.76642857142858,82.19636666666666,638.0,672.0,663.0,645.4285714285714,675.3166666666667,456.0,458.0,452.0,455.42857142857144,458.06666666666666,90.0,90.0,103.5,90.0,94.95,2,0,0,0,0,292.0
2023-02-28,990.0,real,729.0,real,1421.0,real,1105.0,real,536.0,real,0.15982354471915253,0.5488131717536532,0.07491856677524433,30.320698272266437,125.75,real,2579.0,real,90.0,forward_filled_monthly,82.645,real,639.0,452.5,real,50.05163186929351,15.875579158425232,38.19241896335986,935.0,538.0,921.0,777.7142857142857,682.7666666666667,701.0,271.0,1240.0,516.5714285714286,534.2666666666667,1317.0,811.0,1078.0,1111.5714285714287,993.2666666666667,1050.0,695.0,661.0,928.1428571428571,719.3333333333334,517.0,438.0,468.0,490.57142857142856,448.96666666666664,125.74,124.94,120.95,125.75857142857141,124.01633333333334,2557.0,2405.0,2431.5,2722.285714285714,2601.1,82.652,82.765,81.635,82.74928571428572,82.23003333333334,641.0,660.0,668.5,642.4285714285714,674.3333333333334,451.5,458.0,456.0,454.64285714285717,457.95,90.0,90.0,103.5,90.0,94.5,2,1,0,0,0,293.0
2023-03-01,1099.0,real,929.0,real,1515.0,real,1156.0,real,556.0,real,0.1561251642809851,0.5592538145417814,0.257437070938215,38.4095848077912,126.8,real,2579.0,real,100.0,real,82.435,real,645.0,463.0,real,49.39560802707325,33.56382258108218,43.04575088467472,990.0,552.0,874.0,855.8571428571429,690.2666666666667,729.0,284.0,1107.0,608.7142857142857,528.3333333333334,1421.0,809.0,1075.0,1212.4285714285713,1007.9333333333333,1105.0,727.0,657.0,989.4285714285714,735.9666666666667,536.0,448.0,458.0,506.0,452.23333333333335,125.75,124.94,121.19,126.02428571428571,124.20333333333333,2579.0,2520.0,2481.0,2730.714285714286,2604.366666666667,82.645,82.721,81.445,82.70842857142858,82.26303333333334,639.0,654.0,676.5,641.1428571428571,673.2833333333333,452.5,456.5,459.5,455.57142857142856,458.06666666666666,90.0,90.0,103.5,91.42857142857143,94.38333333333334,3,2,0,0,0,294.0
2023-03-02,1145.0,real,1000.0,real,1556.0,real,1192.0,real,575.0,real,0.15488143676698954,0.5627648959236169,0.4294631710362047,46.03346717096789,127.02,real,2579.0,real,100.0,forward_filled_monthly,82.355,real,649.5,469.0,real,49.543859469092354,34.53599588154009,47.62008030258073,1099.0,594.0,801.0,934.5714285714286,701.7333333333333,929.0,303.0,893.0,708.2857142857143,531.9,1515.0,843.0,1071.0,1314.2857142857142,1024.1,1156.0,807.0,654.0,1044.4285714285713,753.9,556.0,462.0,449.0,522.1428571428571,456.43333333333334,126.8,126.34,121.79,126.12142857142855,124.37766666666667,2579.0,2520.0,2463.5,2739.1428571428573,2608.2166666666667,82.435,82.849,81.245,82.63785714285713,82.30003333333335,645.0,650.5,674.5,641.0,672.45,463.0,460.0,462.5,456.85714285714283,458.28333333333336,100.0,90.0,103.5,92.85714285714286,94.26666666666667,3,3,0,0,0,295.0
2023-03-03,1211.0,real,1195.0,real,1565.0,real,1189.0,real,584.0,real,0.1494865337680561,0.5779948745670187,0.5871559633027523,53.02212352646396,126.64,real,2579.0,real,100.0,forward_filled_monthly,81.71,real,648.0,468.0,real,48.790981119811846,35.93085322567535,51.81327411587837,1145.0,674.0,763.0,1011.2857142857143,716.6666666666666,1000.0,390.0,787.0,823.2857142857143,545.5,1556.0,951.0,1060.0,1402.0,1040.9333333333334,1192.0,872.0,652.0,1089.7142857142858,771.8,575.0,473.0,441.0,538.0,461.2,127.02,125.77,122.16,126.24571428571429,124.527,2579.0,2864.0,2475.0,2698.4285714285716,2611.6833333333334,82.355,82.835,80.984,82.47714285714287,82.32423333333334,649.5,641.5,687.5,641.9285714285714,671.1333333333333,469.0,455.5,466.5,458.64285714285717,458.3333333333333,100.0,90.0,103.5,94.28571428571429,94.15,3,4,0,0,0,296.0
2023-03-06,1258.0,real,1329.0,real,1582.0,real,1180.0,real,594.0,real,0.07909482849447033,0.7767128437689298,0.7,58.02316500026217,125.5,real,2579.0,real,100.0,forward_filled_monthly,81.815,real,649.5,475.0,real,48.21280869448009,36.924160728317126,54.8138990001573,1211.0,816.0,740.0,1074.4285714285713,733.9333333333333,1195.0,573.0,735.0,931.2857142857143,565.3,1565.0,1169.0,1048.0,1461.0,1058.7333333333333,1189.0,940.0,645.0,1124.0,789.6333333333333,584.0,493.0,434.0,552.4285714285714,466.53333333333336,126.64,125.92,121.94,126.18571428571428,124.64566666666666,2579.0,3008.0,2475.0,2637.1428571428573,2615.15,81.71,82.618,81.483,82.36242857142858,82.3353,648.0,633.0,695.5,644.2857142857143,669.6,468.0,450.5,472.0,462.14285714285717,458.43333333333334,100.0,90.0,103.5,95.71428571428571,94.03333333333333,3,0,0,0,0,299.0
2023-03-07,1298.0,real,1471.0,real,1580.0,real,1161.0,real,601.0,real,0.07923438986188094,0.7763188576962372,0.8002773925104023,62.46727577037162,127.33,real,2579.0,real,100.0,forward_filled_monthly,82.025,real,654.0,482.0,real,49.353187856989464,37.769528815671826,57.48036546222297,1258.0,883.0,721.0,1133.7142857142858,753.1666666666666,1329.0,636.0,685.0,1050.5714285714287,591.5,1582.0,1271.0,1035.0,1505.142857142857,1076.9,1180.0,996.0,649.0,1147.5714285714287,806.7,594.0,505.0,433.0,566.1428571428571,472.1333333333333,125.5,125.85,121.97,126.39714285714285,124.82433333333333,2579.0,3008.0,2475.0,2575.8571428571427,2618.616666666667,81.815,82.925,81.599,82.23385714285713,82.34949999999999,649.5,638.0,698.0,646.5714285714286,668.1333333333333,475.0,456.0,472.0,465.85714285714283,458.76666666666665,100.0,90.0,103.5,97.14285714285714,93.91666666666667,3,1,0,0,0,300.0
2023-03-08,1327.0,real,1550.0,real,1592.0,real,1161.0,real,612.0,real,0.08400174208743443,0.7628604743675456,0.8876244665718349,66.33833845814237,127.37,real,2579.0,real,100.0,forward_filled_monthly,81.955,real,643.0,476.0,real,49.4050272411568,38.38242067900398,59.803003074885424,1298.0,935.0,703.0,1189.7142857142858,773.9666666666667,1471.0,701.0,631.0,1171.857142857143,622.1333333333333,1580.0,1317.0,1035.0,1544.4285714285713,1095.4666666666667,1161.0,1050.0,648.0,1163.4285714285713,823.8,601.0,517.0,433.0,579.7142857142857,478.1,127.33,125.74,121.93,126.63,125.00566666666667,2579.0,2557.0,2475.0,2579.0,2622.0833333333335,82.025,82.652,81.519,82.13428571428572,82.36403333333334,654.0,641.0,699.5,646.8571428571429,666.25,482.0,451.5,471.5,469.35714285714283,458.9166666666667,100.0,90.0,103.5,98.57142857142857,93.8,3,2,0,0,0,301.0
2023-03-09,1379.0,real,1662.0,real,1624.0,real,1180.0,real,620.0,real,0.07946573121110523,0.7756657738857,1.0369276218611523,72.95518143562356,129.48,real,2579.0,real,100.0,forward_filled_monthly,82.025,real,636.5,477.5,real,50.3675581652115,39.48139919256509,63.77310886137413,1327.0,990.0,677.0,1245.2857142857142,797.3666666666667,1550.0,729.0,549.0,1305.142857142857,659.2333333333333,1592.0,1421.0,1045.0,1573.4285714285713,1114.7666666666667,1161.0,1105.0,645.0,1174.142857142857,841.6333333333333,612.0,536.0,432.0,591.7142857142857,484.3666666666667,127.37,125.75,122.49,127.16285714285713,125.23866666666666,2579.0,2579.0,2475.0,2579.0,2625.55,81.955,82.645,81.445,82.0457142857143,82.38336666666666,643.0,639.0,700.0,646.5,664.1333333333333,476.0,452.5,470.0,472.92857142857144,459.1666666666667,100.0,90.0,103.5,100.0,93.68333333333334,3,3,0,0,0,302.0
2023-03-10,1424.0,real,1744.0,real,1654.0,real,1209.0,real,631.0,real,0.05014366051087896,0.8584428897361711,1.106508875739645,76.03889544152027,129.44,real,2579.0,real,100.0,forward_filled_monthly,81.965,real,632.5,467.5,real,50.20248704650161,40.43243829083914,65.62333726491215,1379.0,1099.0,676.0,1291.7142857142858,822.3,1662.0,929.0,534.0,1421.5714285714287,699.5666666666667,1624.0,1515.0,1054.0,1593.2857142857142,1134.7666666666667,1180.0,1156.0,650.0,1181.7142857142858,860.2666666666667,620.0,556.0,431.0,602.4285714285714,491.03333333333336,129.48,126.8,122.7,127.53999999999999,125.46333333333334,2579.0,2579.0,2475.0,2579.0,2629.016666666667,82.025,82.435,81.515,81.97857142857143,82.39836666666666,636.5,645.0,706.5,644.7142857142857,661.6666666666666,477.5,463.0,473.0,473.57142857142856,458.98333333333335,100.0,100.0,103.5,100.0,93.56666666666666,3,4,0,0,0,303.0
2023-03-13,1465.0,real,1821.0,real,1680.0,real,1235.0,real,650.0,real,0.0535173545031961,0.8489188468641266,1.1544117647058822,78.16186393366698,130.49,real,2579.0,real,100.0,forward_filled_monthly,82.263,real,633.5,474.0,real,46.22583619395169,41.29894058037771,66.89711836020018,1424.0,1145.0,680.0,1337.4285714285713,848.4666666666667,1744.0,1000.0,533.0,1538.857142857143,742.5,1654.0,1556.0,1060.0,1611.0,1155.4333333333334,1209.0,1192.0,658.0,1187.857142857143,879.5,631.0,575.0,432.0,613.1428571428571,498.3,129.44,127.02,123.08,128.03571428571428,125.71033333333335,2579.0,2579.0,2679.5,2579.0,2625.6666666666665,81.965,82.355,81.525,81.96542857142857,82.42296666666667,632.5,649.5,697.5,642.4285714285714,659.5333333333333,467.5,469.0,468.5,474.2857142857143,459.1666666666667,100.0,100.0,103.5,100.0,93.45,3,0,0,0,0,306.0
2023-03-14,1587.0,real,2110.0,real,1743.0,real,1263.0,real,665.0,real,0.04228335518789896,0.8806327756754123,1.3303964757709252,85.96118470018598,130.04,real,2579.0,real,100.0,forward_filled_monthly,82.26,real,623.0,470.0,real,46.00986499959466,43.87731324680955,71.57671082011159,1465.0,1211.0,681.0,1391.142857142857,878.6666666666666,1821.0,1195.0,532.0,1669.5714285714287,795.1,1680.0,1565.0,1052.0,1636.4285714285713,1178.4666666666667,1235.0,1189.0,670.0,1198.4285714285713,899.2666666666667,650.0,584.0,433.0,624.7142857142857,506.03333333333336,130.49,126.64,123.37,128.52142857142857,125.93266666666666,2579.0,2579.0,2666.5,2579.0,2622.75,82.263,81.71,81.769,82.044,82.43933333333334,633.5,648.0,690.0,638.8571428571429,657.3,474.0,468.0,461.0,474.57142857142856,459.46666666666664,100.0,100.0,103.5,100.0,93.33333333333333,3,1,0,0,0,307.0
2023-03-15,1603.0,real,2104.0,real,1768.0,real,1296.0,real,676.0,real,0.05146070007084499,0.8547248461726884,1.3997005988023954,89.0326167734242,130.09,real,1728.0,real,100.0,forward_filled_monthly,82.908,real,613.0,463.0,real,26.536392250064523,44.21546048175143,73.41957006405451,1587.0,1258.0,668.0,1440.4285714285713,909.8333333333334,2110.0,1329.0,499.0,1780.2857142857142,848.6,1743.0,1582.0,1029.0,1663.0,1203.1,1263.0,1180.0,680.0,1215.0,919.8,665.0,594.0,435.0,636.4285714285714,514.0666666666667,130.04,125.5,126.33,129.17714285714285,126.05799999999999,2579.0,2579.0,2666.5,2457.4285714285716,2591.4666666666667,82.26,81.815,81.758,82.20014285714286,82.47766666666666,623.0,649.5,703.5,633.6428571428571,654.2833333333333,470.0,475.0,464.5,472.85714285714283,459.4166666666667,100.0,100.0,90.0,100.0,93.66666666666667,3,2,0,0,0,308.0
2023-03-16,1560.0,real,1976.0,real,1746.0,real,1312.0,real,688.0,real,0.06740086049091373,0.8097252784662732,1.4375,90.70781715269749,128.91,real,1676.0,real,100.0,forward_filled_monthly,82.625,real,598.0,452.5,real,26.253931656357082,43.30668978784512,74.42469029161849,1603.0,1298.0,640.0,1477.857142857143,940.5,2104.0,1471.0,445.0,1852.4285714285713,899.6333333333333,1768.0,1580.0,988.0,1686.7142857142858,1228.3666666666666,1296.0,1161.0,684.0,1236.5714285714287,940.7333333333333,676.0,601.0,436.0,648.8571428571429,522.4666666666667,130.09,127.33,123.95,129.40285714285716,126.22333333333334,1728.0,2579.0,2666.5,2328.4285714285716,2558.45,82.908,82.025,82.044,82.28585714285714,82.49703333333333,613.0,654.0,688.5,625.6428571428571,651.2666666666667,463.0,482.0,462.0,468.64285714285717,459.1,100.0,100.0,90.0,100.0,94.0,3,3,0,0,0,309.0
2023-03-17,1535.0,real,1913.0,real,1723.0,real,1318.0,real,694.0,real,0.07306748994570146,0.7937282076026171,1.471819645732689,92.22880112933171,130.0,real,1690.5,real,100.0,forward_filled_monthly,82.54,real,603.0,465.0,real,26.385584168920328,42.778334733248435,75.33728067759903,1560.0,1327.0,621.0,1507.5714285714287,970.9666666666667,1976.0,1550.0,429.0,1904.2857142857142,949.1,1746.0,1592.0,940.0,1705.4285714285713,1254.4666666666667,1312.0,1161.0,682.0,1259.0,961.9333333333333,688.0,612.0,436.0,660.5714285714286,531.0666666666667,128.91,127.37,125.26,129.77857142857144,126.38133333333333,1676.0,2579.0,2666.5,2201.5,2525.9166666666665,82.625,81.955,82.233,82.36942857142857,82.50726666666667,598.0,643.0,679.0,619.9285714285714,648.7333333333333,452.5,476.0,448.0,467.07142857142856,459.6666666666667,100.0,100.0,90.0,100.0,94.33333333333333,3,4,0,0,0,310.0
2023-03-20,1542.0,real,1945.0,real,1697.0,real,1329.0,real,703.0,real,0.07104309695371495,0.7994431318635171,1.536184210526316,95.08132100895557,128.26,real,1729.0,real,100.0,forward_filled_monthly,82.53,real,593.0,456.0,real,26.693377741297464,42.92627414853551,77.04879260537334,1535.0,1379.0,608.0,1530.857142857143,1002.1,1913.0,1662.0,419.0,1944.7142857142858,999.9666666666667,1723.0,1624.0,907.0,1715.857142857143,1280.8,1318.0,1180.0,680.0,1280.2857142857142,983.5666666666667,694.0,620.0,436.0,672.4285714285714,539.9666666666667,130.0,129.48,124.34,129.6042857142857,126.512,1690.5,2579.0,2666.5,2080.0714285714284,2494.6666666666665,82.54,82.025,82.75,82.44157142857144,82.49993333333333,603.0,636.5,665.5,613.7142857142857,646.3166666666667,465.0,477.5,426.0,464.0,460.6666666666667,100.0,100.0,90.0,100.0,94.66666666666667,3,0,0,0,0,313.0
2023-03-21,1512.0,real,1881.0,real,1658.0,real,1335.0,real,705.0,real,0.07307360903637584,0.7937109332196844,1.5158069883527454,94.1782397634287,128.01,real,1756.5,real,100.0,forward_filled_monthly,82.705,real,593.0,460.5,real,28.13748496536071,42.29224808301948,76.50694385805723,1542.0,1424.0,601.0,1543.4285714285713,1032.4666666666667,1945.0,1744.0,443.0,1964.2857142857142,1047.9,1697.0,1654.0,867.0,1716.4285714285713,1307.1666666666667,1329.0,1209.0,667.0,1298.2857142857142,1005.8333333333334,703.0,631.0,437.0,683.0,548.9,128.26,129.44,122.75,129.4,126.68733333333334,1729.0,2579.0,2666.5,1962.5714285714287,2464.3333333333335,82.53,81.965,82.87,82.54728571428572,82.49443333333333,593.0,632.5,667.5,608.0714285714286,643.8333333333334,456.0,467.5,434.0,463.0,461.55,100.0,100.0,90.0,100.0,95.0,3,1,0,0,0,314.0
2023-03-22,1456.0,real,1752.0,real,1606.0,real,1337.0,real,706.0,real,0.07736462538768574,0.7815972608511806,1.4145936981757878,89.69265171917466,127.73,real,1747.5,real,100.0,forward_filled_monthly,82.525,real,599.0,463.0,real,27.474708512439506,41.1087327607229,73.8155910315048,1512.0,1465.0,603.0,1542.142857142857,1060.9,1881.0,1821.0,474.0,1954.4285714285713,1090.5,1658.0,1680.0,856.0,1705.857142857143,1332.1666666666667,1335.0,1235.0,651.0,1312.857142857143,1028.7,705.0,650.0,437.0,691.0,557.8666666666667,128.01,130.49,123.21,129.00571428571428,126.83800000000001,1756.5,2579.0,2666.5,1843.7857142857142,2433.7,82.705,82.263,82.655,82.58471428571428,82.4901,593.0,633.5,674.0,603.1428571428571,641.3333333333334,460.5,474.0,449.0,461.42857142857144,462.01666666666665,100.0,100.0,90.0,100.0,95.33333333333333,3,2,0,0,0,315.0
2023-03-23,1484.0,real,1856.0,real,1584.0,real,1333.0,real,704.0,real,0.04513870992676375,0.8725720206069998,1.5067567567567566,93.7771500392065,126.66,real,1761.0,real,100.0,forward_filled_monthly,82.265,real,603.0,465.0,real,26.164297265564073,41.700490421871194,76.26629002352391,1456.0,1587.0,592.0,1527.4285714285713,1090.6333333333334,1752.0,2110.0,452.0,1918.142857142857,1137.3,1606.0,1743.0,861.0,1683.142857142857,1356.2666666666667,1337.0,1263.0,636.0,1322.857142857143,1051.9333333333334,706.0,665.0,436.0,696.5714285714286,566.8,127.73,130.04,124.65,128.52285714285713,126.905,1747.5,2579.0,2666.5,1726.9285714285713,2403.516666666667,82.525,82.26,82.54,82.58542857142857,82.48093333333333,599.0,623.0,682.0,600.2857142857143,638.7,463.0,470.0,453.0,460.7142857142857,462.4166666666667,100.0,100.0,90.0,100.0,95.66666666666667,3,3,0,0,0,316.0
2023-03-24,1489.0,real,1882.0,real,1572.0,real,1332.0,real,703.0,real,0.046466860373693526,0.868822610664696,1.4734219269102988,92.29981130281047,126.01,real,1766.5,real,100.0,forward_filled_monthly,82.339,real,600.0,463.0,real,25.56884273509452,41.80616143279053,75.37988678168628,1484.0,1603.0,602.0,1511.142857142857,1120.2,1856.0,2104.0,486.0,1886.4285714285713,1183.8333333333333,1584.0,1768.0,864.0,1655.142857142857,1379.8666666666666,1333.0,1296.0,628.0,1328.0,1075.4,704.0,676.0,436.0,700.4285714285714,575.7,126.66,130.09,125.14,127.93999999999998,126.934,1761.0,1728.0,2666.5,1732.4285714285713,2373.516666666667,82.265,82.908,82.52,82.50414285714285,82.47489999999999,603.0,613.0,678.5,598.4285714285714,636.0833333333334,465.0,463.0,454.5,460.7142857142857,462.7,100.0,100.0,90.0,100.0,96.0,3,4,0,0,0,317.0
2023-03-27,1456.0,real,1795.0,real,1565.0,real,1326.0,real,702.0,real,0.044337656675735124,0.8748334188022602,1.3636363636363638,87.43431578149826,126.01,real,1770.0,real,100.0,forward_filled_monthly,82.2,real,598.5,464.5,real,26.509264434334305,41.1087327607229,72.46058946889895,1489.0,1560.0,616.0,1496.2857142857142,1148.2,1882.0,1976.0,534.0,1860.5714285714287,1225.8666666666666,1572.0,1746.0,863.0,1629.2857142857142,1403.2666666666667,1332.0,1312.0,625.0,1330.0,1098.7666666666667,703.0,688.0,435.0,702.4285714285714,584.6,126.01,128.91,123.76,127.52571428571427,127.009,1766.5,1676.0,2666.5,1745.857142857143,2343.633333333333,82.339,82.625,82.597,82.44342857142858,82.46166666666667,600.0,598.0,681.0,598.5,633.3333333333334,463.0,452.5,458.5,462.42857142857144,462.9,100.0,100.0,90.0,100.0,96.33333333333333,3,0,0,0,0,320.0
2023-03-28,1402.0,real,1646.0,real,1561.0,real,1315.0,real,700.0,real,0.05162059057156838,0.8542734703255634,1.4902309058614565,93.0447545300053,126.01,real,1823.5,real,100.0,forward_filled_monthly,82.2,real,610.5,477.5,real,27.336526415177264,39.96748584279405,75.82685271800318,1456.0,1535.0,563.0,1477.2857142857142,1176.1666666666667,1795.0,1913.0,382.0,1822.4285714285713,1268.0,1565.0,1723.0,848.0,1606.142857142857,1427.0333333333333,1326.0,1318.0,627.0,1329.5714285714287,1121.7,702.0,694.0,432.0,703.2857142857143,593.5333333333333,126.01,130.0,124.2,126.95571428571428,127.06933333333333,1770.0,1690.5,2666.5,1764.857142857143,2315.5333333333333,82.2,82.54,82.915,82.39485714285715,82.43783333333334,598.5,603.0,680.5,599.5714285714286,631.0,464.5,465.0,458.5,464.2142857142857,463.53333333333336,100.0,100.0,90.0,100.0,96.66666666666667,3,1,0,0,0,321.0
2023-03-29,1407.0,real,1662.0,real,1598.0,real,1285.0,real,695.0,real,0.05084984105240914,0.8564493201450186,1.6007393715341958,97.94228776446336,126.01,real,1770.0,real,100.0,forward_filled_monthly,82.206,real,611.0,478.5,real,30.868553196982518,40.073156853713385,78.76537265867802,1402.0,1542.0,541.0,1458.0,1205.0333333333333,1646.0,1945.0,317.0,1782.0,1312.8333333333333,1561.0,1697.0,830.0,1592.0,1452.6333333333334,1315.0,1329.0,640.0,1323.2857142857142,1143.2,700.0,703.0,431.0,702.1428571428571,602.3333333333334,126.01,128.26,124.34,126.63428571428571,127.125,1823.5,1729.0,2361.5,1770.7142857142858,2295.8166666666666,82.2,82.53,82.765,82.34857142857143,82.4192,610.5,593.0,675.5,602.1428571428571,628.85,477.5,456.0,455.5,467.42857142857144,464.3,100.0,100.0,90.0,100.0,97.0,3,2,0,0,0,322.0
2023-03-30,1403.0,real,1676.0,real,1625.0,real,1237.0,real,691.0,real,0.05164253372921241,0.854211524110339,1.647169811320755,100.0,126.01,real,1796.5,real,100.0,forward_filled_monthly,82.1,real,608.0,476.0,real,30.508699055649224,39.98862004497792,80.0,1407.0,1512.0,530.0,1442.4285714285713,1234.1333333333334,1662.0,1881.0,275.0,1752.7142857142858,1359.5333333333333,1598.0,1658.0,818.0,1587.2857142857142,1479.5333333333333,1285.0,1335.0,660.0,1309.2857142857142,1162.4333333333334,695.0,705.0,434.0,700.1428571428571,610.9,126.01,128.01,124.69,126.34857142857143,127.169,1770.0,1756.5,2405.0,1776.4285714285713,2275.5333333333333,82.206,82.705,82.715,82.26214285714286,82.3987,611.0,593.0,672.0,604.2857142857143,626.7166666666667,478.5,460.5,458.0,469.64285714285717,464.9,100.0,100.0,90.0,100.0,97.33333333333333,3,3,0,0,0,323.0
2023-03-31,1389.0,real,1665.0,real,1635.0,real,1198.0,real,687.0,real,0.04596311592938926,0.8702446968690268,1.5817843866171004,97.10223747487701,127.06,real,1767.5,real,100.0,forward_filled_monthly,82.185,real,612.5,485.5,real,30.33731155541958,39.69274121440377,78.2613424849262,1403.0,1456.0,538.0,1432.857142857143,1262.5,1676.0,1752.0,271.0,1740.2857142857142,1406.0,1625.0,1606.0,811.0,1591.4285714285713,1507.0,1237.0,1337.0,695.0,1289.4285714285713,1179.2,691.0,706.0,438.0,697.4285714285714,619.2,126.01,127.73,124.94,126.25285714285714,127.23966666666666,1796.5,1747.5,2405.0,1779.2857142857142,2254.2833333333333,82.1,82.525,82.765,82.21357142857143,82.37936666666666,608.0,599.0,660.0,606.2142857142857,625.1333333333333,476.0,463.0,458.0,472.85714285714283,465.81666666666666,100.0,100.0,90.0,100.0,97.66666666666667,3,4,0,0,0,324.0
2023-04-01,1389.0,forward_filled,1665.0,forward_filled,1635.0,forward_filled,1198.0,forward_filled,687.0,forward_filled,0.036280101269680745,0.8975801478493806,1.516304347826087,94.20028182631806,127.06,forward_filled,1767.5,forward_filled,90.0,real,82.185,forward_filled,612.5,485.5,forward_filled,28.488318946492264,24.308125829788388,76.52016909579083,1389.0,1484.0,552.0,1419.2857142857142,1290.4,1665.0,1856.0,284.0,1713.0,1452.0333333333333,1635.0,1584.0,809.0,1598.7142857142858,1534.5333333333333,1198.0,1333.0,727.0,1270.142857142857,1194.9,687.0,704.0,448.0,695.0,627.1666666666666,127.06,126.66,124.94,126.31000000000002,127.31033333333333,1767.5,1761.0,2520.0,1780.2142857142858,2229.2,82.185,82.265,82.721,82.20214285714285,82.36149999999999,612.5,603.0,654.0,607.5714285714286,623.75,485.5,465.0,456.5,475.7857142857143,466.78333333333336,100.0,100.0,90.0,98.57142857142857,97.66666666666667,4,5,0,1,0,325.0
2023-04-03,1412.0,real,1723.0,real,1664.0,real,1187.0,real,683.0,real,0.039727128570031384,0.8878490827722249,1.3771043771043772,88.03119352439498,122.19,real,1840.5,real,90.0,forward_filled_monthly,82.205,real,636.5,509.5,real,26.234034335270078,24.79421248001734,72.81871611463698,1389.0,1489.0,594.0,1408.2857142857142,1317.6666666666667,1665.0,1882.0,303.0,1690.2857142857142,1499.3666666666666,1635.0,1572.0,843.0,1611.857142857143,1561.9,1198.0,1332.0,807.0,1249.4285714285713,1207.5666666666666,687.0,703.0,462.0,692.1428571428571,634.5333333333333,127.06,126.01,126.34,125.76428571428572,127.17200000000001,1767.5,1766.5,2520.0,1790.7857142857142,2206.55,82.185,82.339,82.849,82.18299999999999,82.34003333333334,612.5,600.0,650.5,612.7857142857143,623.2833333333333,485.5,463.0,460.0,482.42857142857144,468.43333333333334,90.0,100.0,90.0,97.14285714285714,97.66666666666667,4,0,0,1,0,327.0
2023-04-04,1473.0,real,1867.0,real,1724.0,real,1176.0,real,664.0,real,0.04996973321445866,0.8589338918933015,1.185459940652819,79.53786234830187,120.24,real,1850.0,real,90.0,forward_filled_monthly,82.11,real,636.5,513.0,real,20.720796814580584,26.08339881323326,67.72271740898113,1412.0,1456.0,674.0,1410.7142857142858,1344.3,1723.0,1795.0,390.0,1700.5714285714287,1548.6,1664.0,1565.0,951.0,1634.5714285714287,1587.6666666666667,1187.0,1326.0,872.0,1228.0,1217.7,683.0,702.0,473.0,686.7142857142857,640.9,122.19,126.01,125.77,124.94000000000001,126.98766666666667,1840.5,1770.0,2864.0,1802.2142857142858,2172.75,82.205,82.2,82.835,82.17014285714286,82.31586666666666,636.5,598.5,641.5,618.2142857142857,623.1166666666667,509.5,464.5,455.5,489.35714285714283,470.35,90.0,100.0,90.0,95.71428571428571,97.66666666666667,4,1,0,1,0,328.0
2023-04-05,1525.0,real,1957.0,real,1813.0,real,1170.0,real,653.0,real,0.032130709912564184,0.9092940084627216,0.8688725490196079,65.50728774304314,119.67,real,1850.0,forward_filled,90.0,forward_filled_monthly,81.945,real,635.5,516.0,real,18.577974856712647,27.18237732679437,59.30437264582588,1473.0,1402.0,816.0,1428.2857142857142,1367.9333333333334,1867.0,1646.0,573.0,1745.0,1594.7333333333333,1724.0,1561.0,1169.0,1670.5714285714287,1609.1333333333334,1176.0,1315.0,940.0,1207.2857142857142,1225.3666666666666,664.0,700.0,493.0,680.0,646.2333333333333,120.24,126.01,125.92,124.03428571428572,126.77933333333334,1850.0,1823.5,3008.0,1806.0,2134.15,82.11,82.2,82.618,82.13371428571429,82.29343333333334,636.5,610.5,633.0,621.7857142857143,623.2,513.0,477.5,450.5,494.85714285714283,472.53333333333336,90.0,100.0,90.0,94.28571428571429,97.66666666666667,4,2,0,1,0,329.0
2023-04-06,1560.0,real,2041.0,real,1851.0,real,1161.0,real,643.0,real,0.03187018699500772,0.9100294727465624,0.766704416761042,60.97938284279197,119.16,real,1850.0,real,90.0,forward_filled_monthly,81.84,real,637.0,516.5,real,18.305543857070145,27.922074403229736,56.587629705675184,1525.0,1407.0,883.0,1450.142857142857,1390.5,1957.0,1662.0,636.0,1799.142857142857,1641.5666666666666,1813.0,1598.0,1271.0,1706.7142857142858,1628.4666666666667,1170.0,1285.0,996.0,1189.5714285714287,1230.8666666666666,653.0,695.0,505.0,672.5714285714286,650.8333333333334,119.67,126.01,125.85,123.0557142857143,126.55633333333334,1850.0,1770.0,3008.0,1817.4285714285713,2095.55,81.945,82.206,82.925,82.08142857142856,82.25726666666667,635.5,611.0,638.0,625.5,623.1666666666666,516.0,478.5,456.0,500.2857142857143,474.55,90.0,100.0,90.0,92.85714285714286,97.66666666666667,4,3,0,1,0,330.0
2023-04-07,1560.0,forward_filled,2041.0,forward_filled,1851.0,forward_filled,1161.0,forward_filled,643.0,forward_filled,0.03296953458341601,0.9069259803767379,0.6684491978609626,56.62489111138793,119.16,forward_filled,1850.0,real,90.0,forward_filled_monthly,81.885,real,636.0,518.5,real,24.350023310342245,27.922074403229736,53.97493466683276,1560.0,1403.0,935.0,1472.5714285714287,1411.3333333333333,2041.0,1676.0,701.0,1851.2857142857142,1686.2333333333333,1851.0,1625.0,1317.0,1739.0,1646.2666666666667,1161.0,1237.0,1050.0,1178.7142857142858,1234.5666666666666,643.0,691.0,517.0,665.7142857142857,655.0333333333333,119.16,126.01,125.74,122.07714285714287,126.337,1850.0,1796.5,2557.0,1825.0714285714287,2071.983333333333,81.84,82.1,82.652,82.05071428571429,82.2317,637.0,608.0,641.0,629.5,623.0,516.5,476.0,451.5,506.35714285714283,476.78333333333336,90.0,100.0,90.0,91.42857142857143,97.66666666666667,4,4,0,1,0,331.0
2023-04-10,1560.0,forward_filled,2041.0,forward_filled,1851.0,forward_filled,1161.0,forward_filled,643.0,forward_filled,0.031864529515072404,0.9100454439880487,0.5757575757575757,52.516967822039895,119.75,real,1850.0,real,90.0,forward_filled_monthly,81.985,real,636.5,518.5,real,24.366672405266133,27.922074403229736,51.51018069322394,1560.0,1389.0,990.0,1497.0,1430.3333333333333,2041.0,1665.0,729.0,1905.0,1729.9666666666667,1851.0,1635.0,1421.0,1769.857142857143,1660.6,1161.0,1198.0,1105.0,1173.4285714285713,1236.4333333333334,643.0,687.0,536.0,659.4285714285714,658.6,119.16,127.06,125.75,121.03285714285714,126.137,1850.0,1767.5,2579.0,1836.857142857143,2047.6833333333334,81.885,82.185,82.645,82.02214285714285,82.20970000000001,636.0,612.5,639.0,632.9285714285714,622.9166666666666,518.5,485.5,452.5,511.07142857142856,478.98333333333335,90.0,100.0,90.0,90.0,97.66666666666667,4,0,0,1,0,334.0
2023-04-11,1507.0,real,1911.0,real,1852.0,real,1131.0,real,636.0,real,0.0472277129679267,0.8666747001715437,0.3712465878070974,43.45341459829444,121.05,real,1915.0,real,90.0,forward_filled_monthly,82.07,real,638.5,521.5,real,25.939135811234703,26.801961687484756,46.07204875897666,1560.0,1389.0,1099.0,1513.857142857143,1443.9333333333334,2041.0,1665.0,929.0,1940.142857142857,1762.7,1851.0,1635.0,1515.0,1800.857142857143,1671.8333333333333,1161.0,1198.0,1156.0,1163.857142857143,1235.6,643.0,687.0,556.0,652.1428571428571,661.2666666666667,119.75,127.06,126.8,120.17428571428572,125.94533333333334,1850.0,1767.5,2579.0,1857.9285714285713,2025.55,81.985,82.185,82.435,82.00571428571428,82.19753333333333,636.5,612.5,645.0,636.6428571428571,622.7,518.5,485.5,463.0,516.2142857142857,480.93333333333334,90.0,90.0,100.0,90.0,97.33333333333333,4,1,0,1,0,335.0
2023-04-12,1463.0,real,1822.0,real,1812.0,real,1118.0,real,631.0,real,0.052889444889385254,0.850691455196513,0.27772925764192147,39.30889743670363,120.5,real,1850.0,real,90.0,forward_filled_monthly,81.96,real,642.0,527.5,real,24.087055498648684,25.872056791394588,43.58533846202218,1507.0,1412.0,1145.0,1521.142857142857,1454.5333333333333,1911.0,1723.0,1000.0,1954.2857142857142,1790.1,1852.0,1664.0,1556.0,1822.0,1680.3666666666666,1131.0,1187.0,1192.0,1154.0,1233.1333333333334,636.0,683.0,575.0,644.7142857142857,663.1333333333333,121.05,122.19,127.02,119.93285714285715,125.72800000000001,1915.0,1840.5,2579.0,1859.2857142857142,2001.25,82.07,82.205,82.355,81.97071428571428,82.18436666666666,638.5,636.5,649.5,637.4285714285714,622.45,521.5,509.5,469.0,518.7857142857143,482.8833333333333,90.0,90.0,100.0,90.0,97.0,4,2,0,1,0,336.0
2023-04-13,1463.0,real,1888.0,real,1747.0,real,1105.0,real,628.0,real,0.044088136780420215,0.8755378212127394,0.20809248554913284,36.22272296501385,119.92,real,1770.0,real,90.0,forward_filled_monthly,81.675,real,643.0,528.5,real,22.24291006883582,25.872056791394588,41.733633779008315,1463.0,1473.0,1211.0,1519.7142857142858,1462.9333333333334,1822.0,1867.0,1195.0,1957.2857142857142,1813.2,1812.0,1724.0,1565.0,1825.2857142857142,1686.4333333333334,1118.0,1176.0,1189.0,1143.857142857143,1230.3333333333333,631.0,664.0,584.0,639.5714285714286,664.6,120.5,120.24,126.64,119.88714285714286,125.50399999999999,1850.0,1850.0,2579.0,1847.857142857143,1974.2833333333333,81.96,82.11,81.71,81.90857142857142,82.1832,642.0,636.5,648.0,638.3571428571429,622.2833333333333,527.5,513.0,468.0,521.0,484.9,90.0,90.0,100.0,90.0,96.66666666666667,4,3,0,1,0,337.0
2023-04-14,1435.0,real,1850.0,real,1702.0,real,1096.0,real,628.0,real,0.03960306979187269,0.8881993045542026,0.14069952305246414,33.23599003386031,119.11,real,1770.0,real,90.0,forward_filled_monthly,81.845,real,642.0,527.5,real,22.408932936826925,25.2802991302463,39.94159402031619,1463.0,1525.0,1258.0,1506.857142857143,1468.8333333333333,1888.0,1957.0,1329.0,1942.0,1830.5666666666666,1747.0,1813.0,1582.0,1809.4285714285713,1690.4333333333334,1105.0,1170.0,1180.0,1133.2857142857142,1227.5333333333333,628.0,653.0,594.0,636.0,665.7333333333333,119.92,119.67,125.5,119.80714285714285,125.291,1770.0,1850.0,2579.0,1836.4285714285713,1947.3166666666666,81.675,81.945,81.815,81.89428571428572,82.18419999999999,643.0,635.5,649.5,639.2857142857143,622.0333333333333,528.5,516.0,475.0,522.6428571428571,486.65,90.0,90.0,100.0,90.0,96.33333333333333,4,4,0,1,0,338.0
2023-04-17,1412.0,real,1801.0,real,1675.0,real,1098.0,real,630.0,real,0.0330783235657516,0.9066188657023988,0.08782742681047773,30.89279535692552,120.01,real,1844.5,real,90.0,forward_filled_monthly,82.005,real,640.5,527.5,real,23.49340867128549,24.79421248001734,38.535677214155314,1435.0,1560.0,1298.0,1485.7142857142858,1472.6333333333334,1850.0,2041.0,1471.0,1907.7142857142858,1841.5666666666666,1702.0,1851.0,1580.0,1784.2857142857142,1693.6,1096.0,1161.0,1161.0,1124.2857142857142,1225.4333333333334,628.0,643.0,601.0,634.1428571428571,666.7,119.11,119.16,127.33,119.92857142857143,125.047,1770.0,1850.0,2579.0,1835.642857142857,1922.8333333333333,81.845,81.84,82.025,81.91785714285713,82.18353333333334,642.0,637.0,654.0,639.7857142857143,621.5833333333334,527.5,516.5,482.0,524.2142857142857,488.1666666666667,90.0,90.0,100.0,90.0,96.0,4,0,0,1,0,341.0
2023-04-18,1368.0,real,1678.0,real,1644.0,real,1113.0,real,633.0,real,0.03698789342914,0.8955820286107838,0.030896759608138646,28.36973223243127,120.34,real,1705.0,real,90.0,forward_filled_monthly,82.105,real,635.5,519.5,real,20.688768342854363,23.864307583927168,37.021839339458765,1412.0,1560.0,1327.0,1458.2857142857142,1474.0,1801.0,2041.0,1550.0,1855.857142857143,1845.8333333333333,1675.0,1851.0,1592.0,1754.7142857142858,1695.3333333333333,1098.0,1161.0,1161.0,1117.4285714285713,1223.8333333333333,630.0,643.0,612.0,632.7142857142857,667.4,120.01,119.16,127.37,120.09714285714286,124.81266666666667,1844.5,1850.0,2579.0,1814.9285714285713,1893.7,82.005,81.885,81.955,81.94928571428571,82.18853333333333,640.5,636.0,643.0,639.7142857142857,621.3333333333334,527.5,518.5,476.0,524.3571428571429,489.6166666666667,90.0,90.0,100.0,90.0,95.66666666666667,4,1,0,1,0,342.0
2023-04-19,1372.0,real,1643.0,real,1657.0,real,1151.0,real,639.0,real,0.035250255400616076,0.9004874347079119,-0.005076142131979711,26.775478971021776,120.26,real,1698.0,real,90.0,forward_filled_monthly,82.28,real,634.5,519.0,real,19.301043715073185,23.94884439266264,36.065287382613064,1368.0,1560.0,1379.0,1431.4285714285713,1473.7666666666667,1678.0,2041.0,1662.0,1799.0,1845.2,1644.0,1851.0,1624.0,1727.0,1696.4333333333334,1113.0,1161.0,1180.0,1116.0,1222.8666666666666,633.0,643.0,620.0,632.1428571428571,668.0333333333333,120.34,119.75,129.48,120.16999999999999,124.50533333333333,1705.0,1850.0,2579.0,1793.2142857142858,1864.3333333333333,82.105,81.985,82.025,81.99142857142856,82.19703333333334,635.5,636.5,636.5,639.4285714285714,621.2666666666667,519.5,518.5,477.5,524.4285714285714,491.0,90.0,90.0,100.0,90.0,95.33333333333333,4,2,0,1,0,343.0
2023-04-20,1432.0,real,1778.0,real,1677.0,real,1179.0,real,650.0,real,0.051404110029778696,0.8548846016153793,0.00561797752808979,27.249422809890785,119.31,real,1644.5,real,90.0,forward_filled_monthly,82.14,real,618.0,510.5,real,17.612166868694935,25.216896523694686,36.34965368593447,1372.0,1507.0,1424.0,1420.7142857142858,1474.0333333333333,1643.0,1911.0,1744.0,1780.0,1846.3333333333333,1657.0,1852.0,1654.0,1702.0,1697.2,1151.0,1131.0,1209.0,1122.857142857143,1221.8666666666666,639.0,636.0,631.0,634.1428571428571,668.6666666666666,120.26,121.05,129.44,119.92142857142858,124.16766666666668,1698.0,1915.0,2579.0,1754.5714285714287,1833.1833333333334,82.28,82.07,81.965,82.00142857142858,82.20286666666668,634.5,638.5,632.5,636.5,620.7833333333333,519.0,521.5,467.5,522.8571428571429,492.43333333333334,90.0,90.0,100.0,90.0,95.0,4,3,0,1,0,344.0
2023-04-21,1504.0,real,1962.0,real,1692.0,real,1201.0,real,660.0,real,0.06313977998414302,0.8217544410163253,0.02662116040955631,28.180245489992096,117.21,real,1578.5,real,90.0,forward_filled_monthly,82.055,real,613.0,508.0,real,14.383714548696119,26.738559080933154,36.908147293995256,1432.0,1463.0,1465.0,1426.5714285714287,1475.3333333333333,1778.0,1822.0,1821.0,1800.0,1851.0333333333333,1677.0,1812.0,1680.0,1684.857142857143,1697.6,1179.0,1118.0,1235.0,1134.7142857142858,1220.7333333333333,650.0,631.0,650.0,638.2857142857143,669.0,119.31,120.5,130.49,119.45142857142858,123.725,1644.5,1850.0,2579.0,1715.7857142857142,1799.8333333333333,82.14,81.96,82.263,82.015,82.19593333333334,618.0,642.0,633.5,632.3571428571429,620.1,510.5,527.5,474.0,520.0714285714286,493.56666666666666,90.0,90.0,100.0,90.0,94.66666666666667,4,4,0,1,0,345.0
2023-04-24,1517.0,real,1993.0,real,1687.0,real,1212.0,real,664.0,real,0.062316610913348204,0.8240782728573413,-0.04410838059231259,25.04564149738532,116.76,real,1557.0,real,90.0,forward_filled_monthly,81.96,real,611.5,508.0,real,13.896887020326684,27.013303709323434,35.027384898431194,1504.0,1463.0,1587.0,1434.2857142857142,1473.0,1962.0,1888.0,2110.0,1815.0,1847.1333333333334,1692.0,1747.0,1743.0,1676.2857142857142,1695.7333333333333,1201.0,1105.0,1263.0,1150.0,1219.0333333333333,660.0,628.0,665.0,643.4285714285714,668.9666666666667,117.21,119.92,130.04,119.0,123.28233333333333,1578.5,1770.0,2579.0,1685.357142857143,1765.7666666666667,82.055,81.675,82.26,82.05571428571429,82.18593333333334,613.0,643.0,623.0,627.8571428571429,619.7166666666667,508.0,528.5,470.0,517.1428571428571,494.8333333333333,90.0,90.0,100.0,90.0,94.33333333333333,4,0,0,1,0,348.0
2023-04-25,1510.0,real,1986.0,real,1667.0,real,1216.0,real,667.0,real,0.06131358944443183,0.826909833601527,-0.05801621958827197,24.429271490910732,117.6,real,1526.5,real,90.0,forward_filled_monthly,81.99,real,617.0,510.5,real,29.787748721937124,26.865364294036365,34.657562894546444,1517.0,1435.0,1603.0,1445.0,1469.9,1993.0,1850.0,2104.0,1834.4285714285713,1843.2,1687.0,1702.0,1768.0,1671.2857142857142,1692.3666666666666,1212.0,1096.0,1296.0,1167.142857142857,1216.3666666666666,664.0,628.0,676.0,649.0,668.6666666666666,116.76,119.11,130.09,118.78428571428572,122.866,1557.0,1770.0,1728.0,1650.5714285714287,1759.05,81.96,81.845,82.908,82.07642857142856,82.15533333333333,611.5,642.0,613.0,624.2857142857143,619.85,508.0,527.5,463.0,514.7142857142857,496.4166666666667,90.0,90.0,100.0,90.0,94.0,4,1,0,1,0,349.0
2023-04-26,1536.0,real,2100.0,real,1640.0,real,1203.0,real,667.0,real,0.060788755097664994,0.828391457255217,-0.01538461538461533,26.318626276126757,116.71,real,1478.5,real,90.0,forward_filled_monthly,81.76,real,609.0,506.5,real,29.82584292198402,27.41485355081692,35.79117576567606,1510.0,1412.0,1560.0,1462.7142857142858,1469.1,1986.0,1801.0,1976.0,1877.142857142857,1847.3333333333333,1667.0,1675.0,1746.0,1666.2857142857142,1688.8333333333333,1216.0,1098.0,1312.0,1182.142857142857,1212.7333333333333,667.0,630.0,688.0,654.2857142857143,667.9666666666667,117.6,120.01,128.91,118.31285714285715,122.45933333333332,1526.5,1844.5,1676.0,1598.2857142857142,1752.4666666666667,81.99,82.005,82.625,82.04142857142857,82.12650000000001,617.0,640.5,598.0,619.7857142857143,620.2166666666667,510.5,527.5,452.5,511.7142857142857,498.21666666666664,90.0,90.0,100.0,90.0,93.66666666666667,4,2,0,1,0,350.0
2023-04-27,1581.0,real,2276.0,real,1612.0,real,1185.0,real,665.0,real,0.048311328882759116,0.8636156188045921,0.029967426710097778,28.32854589682954,116.21,real,1434.5,real,90.0,forward_filled_monthly,81.715,real,598.0,496.5,real,27.089535369280693,28.365892649090963,36.99712753809772,1536.0,1368.0,1535.0,1493.142857142857,1470.6333333333334,2100.0,1678.0,1913.0,1962.5714285714287,1859.4333333333334,1640.0,1644.0,1723.0,1661.7142857142858,1685.1333333333334,1203.0,1113.0,1318.0,1192.4285714285713,1208.3,667.0,633.0,694.0,658.8571428571429,667.0,116.71,120.34,130.0,117.72285714285715,121.99966666666666,1478.5,1705.0,1690.5,1559.642857142857,1743.9333333333334,81.76,82.105,82.54,81.98571428571428,82.099,609.0,635.5,603.0,614.4285714285714,620.05,506.5,519.5,465.0,508.42857142857144,499.26666666666665,90.0,90.0,100.0,90.0,93.33333333333333,4,3,0,1,0,351.0
2023-04-28,1576.0,real,2301.0,real,1586.0,real,1165.0,real,663.0,real,0.042128495090600744,0.8810699505375059,0.02204928664072625,27.977628400067957,116.14,real,1324.0,real,90.0,forward_filled_monthly,81.745,real,600.0,494.5,real,23.41980660226568,28.260221638171622,36.786577040040775,1581.0,1372.0,1542.0,1522.2857142857142,1471.7666666666667,2276.0,1643.0,1945.0,2056.5714285714284,1871.3,1612.0,1657.0,1697.0,1651.5714285714287,1681.4333333333334,1185.0,1151.0,1329.0,1194.4285714285713,1202.8333333333333,665.0,639.0,703.0,662.2857142857143,665.6666666666666,116.21,120.26,128.26,117.13428571428572,121.59566666666666,1434.5,1698.0,1729.0,1506.2142857142858,1730.4333333333334,81.715,82.28,82.53,81.90928571428572,82.07283333333334,598.0,634.5,593.0,609.5,620.2833333333333,496.5,519.0,456.0,504.92857142857144,500.55,90.0,90.0,100.0,90.0,93.0,4,4,0,1,0,352.0
2023-05-01,1576.0,forward_filled,2301.0,forward_filled,1586.0,forward_filled,1165.0,forward_filled,663.0,forward_filled,0.043113995179361556,0.8782878531934267,0.042328042328042326,28.876345790880354,103.61,real,1324.0,forward_filled,96.0,real,81.79,real,593.5,496.5,real,15.328142892051646,37.490990868940855,37.32580747452821,1576.0,1432.0,1512.0,1542.857142857143,1473.9,2301.0,1778.0,1881.0,2131.285714285714,1885.3,1586.0,1677.0,1658.0,1638.5714285714287,1679.0333333333333,1165.0,1179.0,1335.0,1192.4285714285713,1197.1666666666667,663.0,650.0,705.0,664.1428571428571,664.2666666666667,116.14,119.31,128.01,114.89142857142858,120.78233333333333,1324.0,1644.5,1756.5,1460.4285714285713,1716.0166666666667,81.745,82.14,82.705,81.85928571428572,82.04233333333333,600.0,618.0,593.0,606.0,620.3,494.5,510.5,460.5,502.92857142857144,501.75,90.0,90.0,100.0,90.85714285714286,92.86666666666666,5,0,0,1,0,355.0
2023-05-02,1552.0,real,2268.0,real,1563.0,real,1144.0,real,661.0,real,0.03579327938304628,0.8989544611480718,0.06593406593406592,29.922521614968566,106.01,real,1324.0,forward_filled,96.0,forward_filled_monthly,81.77,real,601.0,496.5,real,17.131981570457423,36.98377001652803,37.953512968981144,1576.0,1504.0,1456.0,1549.7142857142858,1477.1,2301.0,1962.0,1752.0,2175.0,1902.5,1586.0,1692.0,1606.0,1620.142857142857,1677.6,1165.0,1201.0,1337.0,1184.2857142857142,1190.7333333333333,663.0,660.0,706.0,664.2857142857143,662.7666666666667,103.61,117.21,127.73,113.29142857142857,120.05833333333334,1324.0,1578.5,1747.5,1424.0714285714287,1701.9,81.79,82.055,82.525,81.81857142857143,82.01716666666667,593.5,613.0,599.0,604.2857142857143,620.3666666666667,496.5,508.0,463.0,501.2857142857143,502.8666666666667,96.0,90.0,100.0,91.71428571428571,92.73333333333333,5,1,0,1,0,356.0
2023-05-03,1558.0,real,2325.0,real,1540.0,real,1123.0,real,657.0,real,0.0357215451491584,0.8991569691172289,0.049865229110512166,29.210380134192842,105.48,real,1324.0,forward_filled,96.0,forward_filled_monthly,81.78,real,586.0,484.0,real,17.03031633317962,37.11057522963124,37.52622808051571,1552.0,1517.0,1484.0,1555.5714285714287,1479.5666666666666,2268.0,1993.0,1856.0,2222.4285714285716,1918.1333333333334,1563.0,1687.0,1584.0,1599.142857142857,1676.1333333333334,1144.0,1212.0,1333.0,1171.5714285714287,1183.7333333333333,661.0,664.0,704.0,663.2857142857143,661.2,106.01,116.76,126.66,111.67999999999999,119.35233333333333,1324.0,1557.0,1761.0,1390.7857142857142,1687.3333333333333,81.77,81.96,82.265,81.79285714285716,82.001,601.0,611.5,603.0,600.6428571428571,619.8,496.5,508.0,465.0,497.85714285714283,503.5,96.0,90.0,100.0,92.57142857142857,92.6,5,2,0,1,0,357.0
2023-05-04,1545.0,real,2325.0,real,1514.0,real,1105.0,real,651.0,real,0.03531298198556024,0.9003103556113532,0.03760913364674279,28.66721238235509,103.87,real,1241.5,real,96.0,forward_filled_monthly,81.725,real,572.0,477.0,real,13.670844209008962,36.83583060124096,37.20032742941305,1558.0,1510.0,1489.0,1560.5714285714287,1481.4333333333334,2325.0,1986.0,1882.0,2270.8571428571427,1932.9,1540.0,1667.0,1572.0,1577.2857142857142,1674.2,1123.0,1216.0,1332.0,1155.7142857142858,1176.1666666666667,657.0,667.0,703.0,661.0,659.4666666666667,105.48,117.6,126.01,109.71857142857144,118.61433333333335,1324.0,1526.5,1766.5,1350.0714285714287,1669.8333333333333,81.78,81.99,82.339,81.755,81.98053333333334,586.0,617.0,600.0,594.2142857142857,618.8666666666667,484.0,510.5,463.0,493.07142857142856,503.96666666666664,96.0,90.0,100.0,93.42857142857143,92.46666666666667,5,3,0,1,0,358.0
2023-05-05,1558.0,real,2384.0,real,1501.0,real,1096.0,real,645.0,real,0.032082855866005525,0.9094291019217203,0.07005494505494503,30.105151446328794,103.55,real,1233.5,real,96.0,forward_filled_monthly,81.725,real,574.0,476.5,real,13.148719793194294,37.11057522963124,38.06309086779728,1545.0,1536.0,1456.0,1563.7142857142858,1484.8333333333333,2325.0,2100.0,1795.0,2311.4285714285716,1952.5333333333333,1514.0,1640.0,1565.0,1557.4285714285713,1672.0666666666666,1105.0,1203.0,1326.0,1140.4285714285713,1168.5,651.0,667.0,702.0,657.8571428571429,657.5666666666667,103.87,116.71,126.01,107.83857142857143,117.86566666666666,1241.5,1478.5,1770.0,1315.0714285714287,1651.95,81.725,81.76,82.2,81.75,81.96470000000001,572.0,609.0,598.5,589.2142857142857,618.05,477.0,506.5,464.5,488.7857142857143,504.3666666666667,96.0,90.0,100.0,94.28571428571429,92.33333333333333,5,4,0,1,0,359.0
2023-05-08,1558.0,forward_filled,2384.0,forward_filled,1501.0,forward_filled,1096.0,forward_filled,645.0,forward_filled,0.014630552149776151,0.9586974970956252,0.11126961483594866,31.931710287507897,107.4,real,1238.5,real,96.0,forward_filled_monthly,81.78,real,583.0,480.0,real,14.53476269219591,37.11057522963124,39.15902617250474,1558.0,1581.0,1402.0,1560.4285714285713,1490.0333333333333,2384.0,2276.0,1646.0,2326.8571428571427,1977.1333333333334,1501.0,1612.0,1561.0,1541.5714285714287,1670.0666666666666,1096.0,1185.0,1315.0,1127.7142857142858,1161.2,645.0,665.0,700.0,655.0,655.7333333333333,103.55,116.21,126.01,106.58,117.24533333333333,1233.5,1434.5,1823.5,1287.0714285714287,1632.45,81.725,81.715,82.2,81.75928571428571,81.9507,574.0,598.0,610.5,587.0714285714286,617.1333333333333,476.5,496.5,477.5,486.42857142857144,504.45,96.0,90.0,100.0,95.14285714285714,92.2,5,0,0,1,0,362.0
2023-05-09,1598.0,real,2509.0,real,1494.0,real,1097.0,real,640.0,real,0.022763487376249236,0.935737968475399,0.1357498223169864,33.0166283432871,106.05,real,1243.0,real,96.0,forward_filled_monthly,82.125,real,586.5,488.0,real,14.97844527235435,37.95594331698594,39.809977005972264,1558.0,1576.0,1407.0,1563.5714285714287,1496.4,2384.0,2301.0,1662.0,2356.5714285714284,2005.3666666666666,1501.0,1586.0,1598.0,1528.4285714285713,1666.6,1096.0,1165.0,1285.0,1118.0,1154.9333333333334,645.0,663.0,695.0,651.7142857142857,653.9,107.4,116.14,126.01,105.13857142857144,116.58,1238.5,1324.0,1770.0,1275.5,1614.8833333333334,81.78,81.745,82.206,81.81357142857142,81.948,583.0,600.0,611.0,585.1428571428571,616.3166666666667,480.0,494.5,478.5,485.5,504.76666666666665,96.0,90.0,100.0,96.0,92.06666666666666,5,1,0,1,1,0.0
2023-05-10,1640.0,real,2630.0,real,1481.0,real,1114.0,real,638.0,real,0.02543544822375097,0.9281949400555178,0.16892373485388457,34.48683551861433,106.85,real,1240.0,real,96.0,forward_filled_monthly,81.925,real,587.0,486.0,real,14.806108922626102,38.84357980870837,40.6921013111686,1598.0,1576.0,1403.0,1572.7142857142858,1504.3,2509.0,2301.0,1676.0,2403.5714285714284,2037.1666666666667,1494.0,1586.0,1625.0,1513.4285714285713,1661.8,1097.0,1165.0,1237.0,1110.7142857142858,1150.8333333333333,640.0,663.0,691.0,648.1428571428571,652.1333333333333,106.05,103.61,126.01,105.60142857142856,115.94133333333335,1243.0,1324.0,1796.5,1263.5,1596.3333333333333,82.125,81.79,82.1,81.83285714285715,81.94216666666667,586.5,593.5,608.0,584.2142857142857,615.6166666666667,488.0,496.5,476.0,484.0,505.1,96.0,96.0,100.0,96.0,91.93333333333334,5,2,0,1,0,1.0
2023-05-11,1608.0,real,2566.0,real,1445.0,real,1112.0,real,635.0,real,0.027822823392349684,0.9214553058417544,0.1576673866090712,33.987974736392765,104.8,real,1254.0,real,96.0,forward_filled_monthly,82.1,real,584.0,487.5,real,14.078051470931655,38.16728533882461,40.39278484183566,1640.0,1552.0,1389.0,1580.7142857142858,1511.6,2630.0,2268.0,1665.0,2446.1428571428573,2067.2,1481.0,1563.0,1635.0,1496.5714285714287,1655.4666666666667,1114.0,1144.0,1198.0,1106.142857142857,1147.9666666666667,638.0,661.0,687.0,644.4285714285714,650.4,106.85,106.01,127.06,105.42857142857143,115.19933333333333,1240.0,1324.0,1767.5,1253.5,1579.2166666666667,81.925,81.77,82.185,81.88,81.93933333333332,587.0,601.0,612.5,581.7857142857143,614.6666666666666,486.0,496.5,485.5,482.7142857142857,505.1666666666667,96.0,96.0,100.0,96.0,91.8,5,3,0,1,0,2.0
2023-05-12,1558.0,real,2456.0,real,1402.0,real,1105.0,real,632.0,real,0.03571727512023543,0.8991690235414356,0.12167026637868972,32.392648155756284,105.16,real,1250.0,real,96.0,forward_filled_monthly,82.201,real,582.0,481.5,real,14.172331828223184,37.11057522963124,39.43558889345377,1608.0,1558.0,1389.0,1580.7142857142858,1517.2333333333333,2566.0,2325.0,1665.0,2464.8571428571427,2093.5666666666666,1445.0,1540.0,1635.0,1476.857142857143,1647.7,1112.0,1123.0,1198.0,1103.5714285714287,1144.8666666666666,635.0,657.0,687.0,640.8571428571429,648.5666666666667,104.8,105.48,127.06,105.38285714285713,114.46933333333332,1254.0,1324.0,1767.5,1242.9285714285713,1561.9666666666667,82.1,81.78,82.185,81.94014285714286,81.93986666666666,584.0,586.0,612.5,581.2142857142857,613.65,487.5,484.0,485.5,482.35714285714283,505.03333333333336,96.0,96.0,90.0,96.0,92.0,5,4,0,1,0,3.0
2023-05-15,1522.0,real,2385.0,real,1366.0,real,1098.0,real,628.0,real,0.03842006999372668,0.8915389497089856,0.07790368271954673,30.452993155350118,106.77,real,1250.5,real,96.0,forward_filled_monthly,82.267,real,573.0,479.5,real,16.209752116104404,36.349743951012,38.27179589321007,1558.0,1545.0,1412.0,1577.4285714285713,1520.9,2456.0,2325.0,1723.0,2473.4285714285716,2115.633333333333,1402.0,1514.0,1664.0,1455.7142857142858,1637.7666666666667,1105.0,1105.0,1187.0,1102.5714285714287,1141.9,632.0,651.0,683.0,637.5714285714286,646.7333333333333,105.16,103.87,122.19,105.79714285714284,113.95533333333333,1250.0,1241.5,1840.5,1244.2142857142858,1542.3,82.201,81.725,82.205,82.01757142857142,81.94193333333334,582.0,572.0,636.5,581.3571428571429,611.5333333333333,481.5,477.0,509.5,482.7142857142857,504.03333333333336,96.0,96.0,90.0,96.0,92.2,5,0,0,1,0,6.0
2023-05-16,1476.0,real,2295.0,real,1314.0,real,1091.0,real,623.0,real,0.04001502849592088,0.8870363323439779,0.0020366598778003286,27.090705356809984,106.84,real,1243.0,real,96.0,forward_filled_monthly,82.292,real,580.5,482.5,real,16.934477468342834,35.3775706505541,36.25442321408599,1522.0,1558.0,1473.0,1565.7142857142858,1521.0,2385.0,2384.0,1867.0,2460.714285714286,2129.9,1366.0,1501.0,1724.0,1429.0,1624.1,1098.0,1096.0,1176.0,1101.857142857143,1139.0666666666666,628.0,645.0,664.0,634.4285714285714,645.3666666666667,106.77,103.55,120.24,106.26714285714286,113.50866666666667,1250.5,1233.5,1850.0,1245.5714285714287,1522.0666666666666,82.267,81.725,82.11,82.09857142857143,81.94800000000001,573.0,574.0,636.5,582.2857142857143,609.6666666666666,479.5,476.5,513.0,483.57142857142856,503.01666666666665,96.0,96.0,90.0,96.0,92.4,5,1,0,1,0,7.0
2023-05-17,1425.0,real,2184.0,real,1260.0,real,1090.0,real,617.0,real,0.04311550538025478,0.878283589849423,-0.06557377049180324,24.09433464697007,107.38,real,1239.5,real,96.0,forward_filled_monthly,82.405,real,583.0,482.0,real,17.50623666058275,34.29972633917685,34.456600788182044,1476.0,1558.0,1525.0,1546.7142857142858,1517.6666666666667,2295.0,2384.0,1957.0,2432.1428571428573,2137.4666666666667,1314.0,1501.0,1813.0,1394.5714285714287,1605.6666666666667,1091.0,1096.0,1170.0,1101.0,1136.4,623.0,645.0,653.0,630.4285714285714,644.1666666666666,106.84,107.4,119.67,106.26428571428572,113.09899999999999,1243.0,1238.5,1850.0,1245.7142857142858,1501.7166666666667,82.292,81.78,81.945,82.18785714285714,81.96333333333332,580.5,583.0,635.5,582.2857142857143,607.9166666666666,482.5,480.0,516.0,483.85714285714283,501.8833333333333,96.0,96.0,90.0,96.0,92.6,5,2,0,1,0,8.0
2023-05-18,1402.0,real,2142.0,real,1235.0,real,1085.0,real,614.0,real,0.03258521345214166,0.9080109308610512,-0.10128205128205126,22.511808902440244,107.27,real,1475.0,real,96.0,forward_filled_monthly,82.725,real,595.0,492.0,real,24.749764218403627,33.813639688947895,33.50708534146415,1425.0,1598.0,1560.0,1518.7142857142858,1512.4,2184.0,2509.0,2041.0,2379.714285714286,2140.8333333333335,1260.0,1494.0,1851.0,1357.5714285714287,1585.1333333333334,1090.0,1097.0,1161.0,1099.2857142857142,1133.8666666666666,617.0,640.0,643.0,626.7142857142857,643.2,107.38,106.05,119.16,106.43857142857142,112.70266666666666,1239.5,1243.0,1850.0,1278.857142857143,1489.2166666666667,82.405,82.125,81.84,82.27357142857143,81.99283333333332,583.0,586.5,637.0,583.5,606.5166666666667,482.0,488.0,516.5,484.42857142857144,501.06666666666666,96.0,96.0,90.0,96.0,92.8,5,3,0,1,0,9.0
2023-05-19,1384.0,real,2105.0,real,1222.0,real,1077.0,real,612.0,real,0.011993850420413649,0.9661409879304281,-0.11282051282051286,22.000445374631607,107.1,real,1463.0,real,96.0,forward_filled_monthly,82.905,real,589.0,489.5,real,24.281863699895478,33.43322404963828,33.20026722477897,1402.0,1640.0,1560.0,1482.142857142857,1506.5333333333333,2142.0,2630.0,2041.0,2304.714285714286,2142.9666666666667,1235.0,1481.0,1851.0,1320.5714285714287,1564.1666666666667,1085.0,1114.0,1161.0,1094.0,1131.0666666666666,614.0,638.0,643.0,623.0,642.1666666666666,107.27,106.85,119.16,106.47428571428573,112.30066666666667,1475.0,1240.0,1850.0,1310.7142857142858,1476.3166666666666,82.725,81.925,81.885,82.41357142857143,82.02683333333333,595.0,587.0,636.0,583.7857142857143,604.95,492.0,486.0,518.5,484.92857142857144,500.1,96.0,96.0,90.0,96.0,93.0,5,4,0,1,0,10.0
2023-05-22,1365.0,real,2065.0,real,1220.0,real,1063.0,real,609.0,real,0.012656918488510254,0.9642691261901467,-0.125,21.460672761944714,107.16,real,1463.0,real,96.0,forward_filled_monthly,82.845,real,589.5,486.5,real,23.97824492640118,33.0316742081448,32.87640365716683,1384.0,1608.0,1560.0,1447.4285714285713,1500.0333333333333,2105.0,2566.0,2041.0,2233.1428571428573,2143.766666666667,1222.0,1445.0,1851.0,1288.4285714285713,1543.1333333333334,1077.0,1112.0,1161.0,1087.0,1127.8,612.0,635.0,643.0,619.2857142857143,641.0333333333333,107.1,104.8,119.75,106.81142857142856,111.881,1463.0,1254.0,1850.0,1340.5714285714287,1463.4166666666667,82.905,82.1,81.985,82.52,82.0555,589.0,584.0,636.5,584.5714285714286,603.3833333333333,489.5,487.5,518.5,484.7857142857143,499.03333333333336,96.0,96.0,90.0,96.0,93.2,5,0,0,1,0,13.0
2023-05-23,1348.0,real,2040.0,real,1212.0,real,1043.0,real,604.0,real,0.01297653125937314,0.9633668494160578,-0.10550763105507632,22.324538929526764,106.54,real,1398.5,real,96.0,forward_filled_monthly,82.835,real,585.0,487.0,real,19.502581146957144,32.67239277101905,33.39472335771606,1365.0,1558.0,1507.0,1417.4285714285713,1494.7333333333333,2065.0,2456.0,1911.0,2173.714285714286,2148.0666666666666,1220.0,1402.0,1852.0,1261.2857142857142,1521.8,1063.0,1105.0,1131.0,1078.142857142857,1124.8666666666666,609.0,632.0,636.0,615.2857142857143,639.9666666666667,107.16,105.16,121.05,107.00857142857141,111.39733333333334,1463.0,1250.0,1915.0,1361.7857142857142,1446.2,82.845,82.201,82.07,82.61057142857143,82.08099999999999,589.5,582.0,638.5,585.0,601.6,486.5,481.5,521.5,485.57142857142856,497.8833333333333,96.0,96.0,90.0,96.0,93.4,5,1,0,1,0,14.0
2023-05-24,1295.0,real,1930.0,real,1184.0,real,1014.0,real,600.0,real,0.016771301360933133,0.9526540956158867,-0.11483253588516751,21.911276189559178,105.56,real,1369.5,real,96.0,forward_filled_monthly,82.675,real,596.0,492.0,real,19.734775033246287,31.552280055274068,33.146765713735505,1348.0,1522.0,1463.0,1385.0,1489.1333333333334,2040.0,2385.0,1822.0,2108.714285714286,2151.6666666666665,1212.0,1366.0,1812.0,1235.2857142857142,1500.8666666666666,1043.0,1098.0,1118.0,1066.142857142857,1121.4,604.0,628.0,631.0,611.2857142857143,638.9333333333333,106.54,106.77,120.5,106.83571428571429,110.89933333333333,1398.5,1250.5,1850.0,1378.7857142857142,1430.1833333333334,82.835,82.267,81.96,82.66885714285715,82.10483333333333,585.0,573.0,642.0,588.2857142857143,600.0666666666667,487.0,479.5,527.5,487.35714285714283,496.7,96.0,96.0,90.0,96.0,93.6,5,2,0,1,0,15.0
2023-05-25,1215.0,real,1758.0,real,1141.0,real,980.0,real,594.0,real,0.028226494633229716,0.9203157293973264,-0.16951469583048528,19.48786279734692,105.6,real,1333.0,real,96.0,forward_filled_monthly,82.742,real,589.0,489.5,real,20.795838741453558,29.86154388056466,31.692717678408155,1295.0,1476.0,1463.0,1347.7142857142858,1480.8666666666666,1930.0,2295.0,1888.0,2032.0,2147.3333333333335,1184.0,1314.0,1747.0,1210.5714285714287,1480.6666666666667,1014.0,1091.0,1105.0,1050.2857142857142,1117.2333333333333,600.0,623.0,628.0,607.1428571428571,637.8,105.56,106.84,119.92,106.65857142857143,110.422,1369.5,1243.0,1770.0,1391.642857142857,1415.6166666666666,82.675,82.292,81.675,82.73314285714285,82.1404,596.0,580.5,643.0,589.5,598.2666666666667,492.0,482.5,528.5,488.35714285714283,495.4,96.0,96.0,90.0,96.0,93.8,5,3,0,1,0,16.0
2023-05-26,1172.0,real,1683.0,real,1119.0,real,946.0,real,588.0,real,0.02792450576887691,0.9211682533362272,-0.18327526132404182,18.878019683343258,105.41,real,1300.0,real,96.0,forward_filled_monthly,82.575,real,585.0,485.0,real,20.107621703967848,28.952773186658355,31.326811810005957,1215.0,1425.0,1435.0,1311.5714285714287,1472.1,1758.0,2184.0,1850.0,1960.4285714285713,2141.766666666667,1141.0,1260.0,1702.0,1190.4285714285713,1461.2333333333333,980.0,1090.0,1096.0,1029.7142857142858,1112.2333333333333,594.0,617.0,628.0,603.0,636.4666666666667,105.6,107.38,119.11,106.37714285714286,109.96533333333333,1333.0,1239.5,1770.0,1400.2857142857142,1399.95,82.742,82.405,81.845,82.75742857142858,82.16473333333333,589.0,583.0,642.0,589.7857142857143,596.3666666666667,489.5,482.0,527.5,488.7857142857143,493.98333333333335,96.0,96.0,90.0,96.0,94.0,5,4,0,1,0,17.0
2023-05-29,1172.0,forward_filled,1683.0,forward_filled,1119.0,forward_filled,946.0,forward_filled,588.0,forward_filled,0.030680777491703438,0.9133872126979878,-0.16997167138810199,19.46761047579727,105.41,forward_filled,1280.0,real,96.0,forward_filled_monthly,82.614,real,588.5,489.0,real,17.361274570421024,28.952773186658355,31.680566285478363,1172.0,1402.0,1412.0,1278.7142857142858,1464.1,1683.0,2142.0,1801.0,1894.857142857143,2137.8333333333335,1119.0,1235.0,1675.0,1173.857142857143,1442.7,946.0,1085.0,1098.0,1009.8571428571429,1107.1666666666667,588.0,614.0,630.0,599.2857142857143,635.0666666666667,105.41,107.27,120.01,106.11142857142856,109.47866666666667,1300.0,1475.0,1844.5,1372.4285714285713,1381.1333333333334,82.575,82.725,82.005,82.74157142857143,82.18503333333334,585.0,595.0,640.5,588.8571428571429,594.6333333333333,485.0,492.0,527.5,488.35714285714283,492.7,96.0,96.0,90.0,96.0,94.2,5,0,0,1,0,20.0
2023-05-30,1123.0,real,1594.0,real,1090.0,real,910.0,real,582.0,real,0.03050491852411394,0.9138836680227951,-0.17909356725146197,19.06334472221807,105.2,real,1325.0,real,96.0,forward_filled_monthly,82.693,real,584.5,483.5,real,21.625430993499066,27.917197279648846,31.438006833330842,1172.0,1384.0,1368.0,1241.4285714285713,1455.9333333333334,1683.0,2105.0,1678.0,1821.857142857143,2135.0333333333333,1119.0,1222.0,1644.0,1155.0,1424.2333333333333,946.0,1077.0,1113.0,986.0,1100.4,588.0,612.0,633.0,595.0,633.3666666666667,105.41,107.1,120.34,105.84,108.97399999999999,1280.0,1463.0,1705.0,1352.7142857142858,1368.4666666666667,82.614,82.905,82.105,82.71128571428572,82.20463333333332,588.5,589.0,635.5,588.2142857142857,592.9333333333333,489.0,489.5,519.5,487.5,491.5,96.0,96.0,90.0,96.0,94.4,5,1,0,1,0,21.0
2023-05-31,977.0,real,1218.0,real,1045.0,real,881.0,real,572.0,real,0.07898535755070733,0.777021883641549,-0.28790087463556846,14.241203714092473,105.07,real,1223.0,real,96.0,forward_filled_monthly,82.69,real,577.0,467.5,real,18.451701278566716,24.83160376080418,28.544722228455484,1123.0,1365.0,1372.0,1186.0,1442.7666666666667,1594.0,2065.0,1643.0,1700.857142857143,2120.866666666667,1090.0,1220.0,1657.0,1130.0,1403.8333333333333,910.0,1063.0,1151.0,960.0,1091.4,582.0,609.0,639.0,589.7142857142857,631.1333333333333,105.2,107.16,120.26,105.54142857142857,108.46766666666667,1325.0,1463.0,1698.0,1318.4285714285713,1352.6333333333334,82.693,82.845,82.28,82.68914285714285,82.2183,584.5,589.5,634.5,586.4285714285714,591.0166666666667,483.5,486.5,519.0,484.7857142857143,489.78333333333336,96.0,96.0,90.0,96.0,94.6,5,2,0,1,0,22.0
2023-06-01,937.0,real,1144.0,real,1030.0,real,847.0,real,559.0,real,0.07513923361691484,0.7878796109043222,-0.3456703910614525,11.680964325083094,104.5,real,1223.0,real,95.5,real,82.277,real,574.0,470.5,real,19.91200151333671,23.21700490421871,27.00857859504986,977.0,1348.0,1432.0,1127.2857142857142,1426.2666666666667,1218.0,2040.0,1778.0,1572.857142857143,2099.733333333333,1045.0,1212.0,1677.0,1104.0,1382.2666666666667,881.0,1043.0,1179.0,932.0,1080.3333333333333,572.0,604.0,650.0,583.2857142857143,628.1,105.07,106.54,119.31,105.25,107.97399999999999,1223.0,1398.5,1644.5,1293.357142857143,1338.5833333333333,82.69,82.835,82.14,82.60942857142858,82.22286666666666,577.0,585.0,618.0,584.8571428571429,589.55,467.5,487.0,510.5,482.42857142857144,488.45,96.0,96.0,90.0,95.92857142857143,94.78333333333333,6,3,1,0,0,23.0
2023-06-02,919.0,real,1116.0,real,1030.0,real,819.0,real,545.0,real,0.07740155286587483,0.7814930134338897,-0.38896276595744683,9.762325390400521,106.33,real,1223.0,real,95.5,forward_filled_monthly,82.403,real,583.5,484.5,real,24.04656051028831,22.836589264909097,25.85739523424031,937.0,1295.0,1504.0,1073.5714285714287,1406.7666666666667,1144.0,1930.0,1962.0,1456.5714285714287,2071.5333333333333,1030.0,1184.0,1692.0,1082.0,1360.2,847.0,1014.0,1201.0,904.1428571428571,1067.6,559.0,600.0,660.0,575.4285714285714,624.2666666666667,104.5,105.56,117.21,105.36,107.61133333333333,1223.0,1369.5,1578.5,1272.4285714285713,1326.7333333333333,82.277,82.675,82.055,82.57057142857143,82.23446666666668,574.0,596.0,613.0,583.0714285714286,588.5666666666667,470.5,492.0,508.0,481.35714285714283,487.6666666666667,95.5,96.0,90.0,95.85714285714286,94.96666666666667,6,4,1,0,0,24.0
2023-06-05,939.0,real,1178.0,real,1048.0,real,803.0,real,537.0,real,0.09037584437618269,0.7448661857310886,-0.3810151615029663,10.114548694861321,107.38,real,1223.0,real,95.5,forward_filled_monthly,82.525,real,594.5,494.5,real,25.601933847537733,23.259273308586447,26.068729216916793,919.0,1215.0,1517.0,1034.142857142857,1387.5,1116.0,1758.0,1993.0,1373.7142857142858,2044.3666666666666,1030.0,1141.0,1687.0,1068.7142857142858,1338.9,819.0,980.0,1212.0,878.8571428571429,1053.9666666666667,545.0,594.0,664.0,567.2857142857143,620.0333333333333,106.33,105.6,116.76,105.61428571428571,107.29866666666666,1223.0,1333.0,1557.0,1256.7142857142858,1315.6,82.403,82.742,81.96,82.53957142857143,82.25330000000001,583.5,589.0,611.5,583.8571428571429,588.0,484.5,489.5,508.0,482.07142857142856,487.21666666666664,95.5,96.0,90.0,95.78571428571429,95.15,6,0,1,0,0,27.0
2023-06-06,1016.0,real,1383.0,real,1108.0,real,781.0,real,526.0,real,0.12457893140550455,0.6483098092590793,-0.3271523178807947,12.501651485005999,108.59,real,1223.0,real,95.5,forward_filled_monthly,82.515,real,591.5,486.5,real,26.754772922882115,24.88660687674425,27.5009908910036,939.0,1172.0,1510.0,1011.8571428571429,1371.0333333333333,1178.0,1683.0,1986.0,1330.857142857143,2024.2666666666667,1048.0,1119.0,1667.0,1067.142857142857,1320.2666666666667,803.0,946.0,1216.0,855.2857142857143,1039.4666666666667,537.0,588.0,667.0,558.4285714285714,615.3333333333334,107.38,105.41,117.6,106.06857142857143,106.99833333333335,1223.0,1300.0,1526.5,1245.7142857142858,1305.4833333333333,82.525,82.575,81.99,82.53099999999999,82.27080000000001,594.5,585.0,617.0,584.7857142857143,587.15,494.5,485.0,510.5,482.2857142857143,486.4166666666667,95.5,96.0,90.0,95.71428571428571,95.33333333333333,6,1,1,0,0,28.0
2023-06-07,1020.0,real,1387.0,real,1139.0,real,766.0,real,515.0,real,0.12466352870639218,0.6480709884524657,-0.3359375,12.11230826919309,109.18,real,1223.0,real,95.5,forward_filled_monthly,82.51,real,595.0,486.0,real,29.123964725339423,24.971143685479717,27.267384961515855,1016.0,1172.0,1536.0,990.1428571428571,1353.8333333333333,1383.0,1683.0,2100.0,1288.5714285714287,2000.5,1108.0,1119.0,1640.0,1070.0,1303.5666666666666,781.0,946.0,1203.0,829.5714285714286,1024.9,526.0,588.0,667.0,548.0,610.2666666666667,108.59,105.41,116.71,106.60714285714286,106.74733333333333,1223.0,1280.0,1478.5,1237.5714285714287,1296.9666666666667,82.515,82.614,81.76,82.51614285714285,82.2958,591.5,588.5,609.0,585.7142857142857,586.6833333333333,486.5,489.0,506.5,481.85714285714283,485.73333333333335,95.5,96.0,90.0,95.64285714285714,95.51666666666667,6,2,1,0,0,29.0
2023-06-08,1040.0,real,1460.0,real,1146.0,real,747.0,real,505.0,real,0.12642234935071334,0.6431057831733566,-0.3421884882985452,11.83527589204476,111.43,real,1223.0,real,95.5,forward_filled_monthly,82.516,real,598.5,489.5,real,32.33077923868577,25.39382772915707,27.10116553522686,1020.0,1123.0,1581.0,978.2857142857143,1335.8,1387.0,1594.0,2276.0,1269.4285714285713,1973.3,1139.0,1090.0,1612.0,1078.0,1288.0333333333333,766.0,910.0,1185.0,806.2857142857143,1010.3,515.0,582.0,665.0,537.0,604.9333333333333,109.18,105.2,116.21,107.49714285714286,106.588,1223.0,1325.0,1434.5,1223.0,1289.9166666666667,82.51,82.693,81.715,82.49085714285715,82.32249999999999,595.0,584.5,598.0,587.7142857142857,586.7,486.0,483.5,496.5,482.7142857142857,485.5,95.5,96.0,90.0,95.57142857142857,95.7,6,3,1,0,0,30.0
2023-06-09,1055.0,real,1514.0,real,1146.0,real,736.0,real,501.0,real,0.07504756000518421,0.7881384083561201,-0.33058375634517767,12.349576403526887,112.96,real,1223.0,real,95.5,forward_filled_monthly,82.445,real,593.0,486.0,real,37.31671346513905,25.710840761915083,27.409745842116134,1040.0,977.0,1576.0,989.4285714285714,1318.4333333333334,1460.0,1218.0,2301.0,1311.7142857142858,1947.0666666666666,1146.0,1045.0,1586.0,1092.4285714285713,1273.3666666666666,747.0,881.0,1165.0,785.5714285714286,996.0,505.0,572.0,663.0,526.8571428571429,599.5333333333333,111.43,105.07,116.14,108.62428571428572,106.482,1223.0,1223.0,1324.0,1223.0,1286.55,82.516,82.69,81.745,82.45585714285714,82.34583333333333,598.5,577.0,600.0,590.0,586.4666666666667,489.5,467.5,494.5,485.35714285714283,485.21666666666664,95.5,96.0,90.0,95.5,95.88333333333334,6,4,1,0,0,31.0
2023-06-12,1056.0,real,1532.0,real,1144.0,real,726.0,real,491.0,real,0.06399601852178012,0.8193372530438171,-0.3299492385786802,12.377697071299783,111.14,real,1223.0,real,95.5,forward_filled_monthly,82.415,real,586.5,479.5,real,45.052227935123426,25.731974964098953,27.42661824277987,1055.0,937.0,1576.0,1006.4285714285714,1301.1,1514.0,1144.0,2301.0,1367.142857142857,1921.4333333333334,1146.0,1030.0,1586.0,1108.7142857142858,1258.6333333333334,736.0,847.0,1165.0,768.2857142857143,981.3666666666667,501.0,559.0,663.0,517.1428571428571,593.8,112.96,104.5,103.61,109.57285714285715,106.73299999999999,1223.0,1223.0,1324.0,1223.0,1283.1833333333334,82.445,82.277,81.79,82.47557142857144,82.36666666666666,593.0,574.0,593.5,591.7857142857143,586.2333333333333,486.0,470.5,496.5,486.64285714285717,484.65,95.5,95.5,96.0,95.5,95.86666666666666,6,0,1,0,0,34.0
2023-06-13,1074.0,real,1587.0,real,1144.0,real,722.0,real,481.0,real,0.05686674231512869,0.83946342109386,-0.3079896907216495,13.35090409927511,112.45,real,1223.0,real,95.5,forward_filled_monthly,82.24,real,585.0,480.5,real,44.13010924790684,26.11239060340857,28.01054245956507,1056.0,919.0,1552.0,1028.5714285714287,1285.1666666666667,1532.0,1116.0,2268.0,1434.4285714285713,1898.7333333333333,1144.0,1030.0,1563.0,1125.0,1244.6666666666667,726.0,819.0,1144.0,754.4285714285714,967.3,491.0,545.0,661.0,508.0,587.8,111.14,106.33,106.01,110.44714285714285,106.94766666666666,1223.0,1223.0,1324.0,1223.0,1279.8166666666666,82.415,82.403,81.77,82.45228571428571,82.38233333333332,586.5,583.5,601.0,592.0,585.7,479.5,484.5,496.5,486.07142857142856,484.1166666666667,95.5,95.5,96.0,95.5,95.85,6,1,1,0,0,35.0
2023-06-14,1079.0,real,1580.0,real,1163.0,real,729.0,real,476.0,real,0.06077214346186794,0.8284383524187577,-0.30744544287548137,13.375024169155406,112.75,real,1223.0,real,95.5,forward_filled_monthly,81.96,real,594.5,492.0,real,44.762051696839634,26.218061614327905,28.025014501493246,1074.0,939.0,1558.0,1048.5714285714287,1269.2,1587.0,1178.0,2325.0,1491.857142857143,1873.9,1144.0,1048.0,1540.0,1141.4285714285713,1232.1,722.0,803.0,1123.0,743.8571428571429,954.1666666666666,481.0,537.0,657.0,499.2857142857143,581.7666666666667,112.45,107.38,105.48,111.21428571428571,107.19,1223.0,1223.0,1324.0,1223.0,1276.45,82.24,82.525,81.78,82.37157142857143,82.38833333333332,585.0,594.5,586.0,592.0,585.9833333333333,480.5,494.5,484.0,485.7142857142857,484.3833333333333,95.5,95.5,96.0,95.5,95.83333333333333,6,2,1,0,0,36.0
2023-06-15,1094.0,real,1599.0,real,1184.0,real,740.0,real,471.0,real,0.020877371890127602,0.9410625310446058,-0.2919093851132686,14.06355385563414,112.93,real,1425.5,real,95.5,forward_filled_monthly,81.905,real,592.5,490.0,real,58.553341449750995,26.53507464708592,28.438132313380486,1079.0,1016.0,1545.0,1059.7142857142858,1254.1666666666667,1580.0,1383.0,2325.0,1522.7142857142858,1849.7,1163.0,1108.0,1514.0,1152.2857142857142,1221.1,729.0,781.0,1105.0,738.0,942.0,476.0,526.0,651.0,491.42857142857144,575.7666666666667,112.75,108.59,103.87,111.8342857142857,107.49199999999999,1223.0,1223.0,1241.5,1251.9285714285713,1282.5833333333333,81.96,82.515,81.725,82.28442857142856,82.39433333333334,594.5,591.5,572.0,592.1428571428571,586.6666666666666,492.0,486.5,477.0,486.2142857142857,484.81666666666666,95.5,95.5,96.0,95.5,95.81666666666666,6,3,1,0,0,37.0
2023-06-16,1076.0,real,1528.0,real,1193.0,real,748.0,real,464.0,real,0.0322945531125725,0.9088314740228092,-0.3093709884467266,13.289687508545489,113.02,real,1429.5,real,95.5,forward_filled_monthly,81.915,real,601.5,500.0,real,59.46961571794235,26.154659007776303,27.973812505127295,1094.0,1020.0,1558.0,1067.7142857142858,1238.1,1599.0,1387.0,2384.0,1542.857142857143,1821.1666666666667,1184.0,1139.0,1501.0,1160.0,1210.8333333333333,740.0,766.0,1096.0,735.4285714285714,930.4,471.0,515.0,645.0,484.14285714285717,569.7333333333333,112.93,109.18,103.55,112.38285714285715,107.80766666666666,1425.5,1223.0,1233.5,1281.4285714285713,1289.1166666666666,81.905,82.51,81.725,82.19942857142857,82.40066666666667,592.5,595.0,574.0,593.0714285714286,587.5833333333334,490.0,486.0,476.5,488.2142857142857,485.6,95.5,95.5,96.0,95.5,95.8,6,4,1,0,0,38.0
2023-06-19,1065.0,real,1492.0,real,1193.0,real,751.0,real,460.0,real,0.030010301688145526,0.9152799867054396,-0.3164313222079589,12.976786419642474,113.02,forward_filled,1477.5,real,95.5,forward_filled_monthly,81.915,real,611.0,505.5,real,58.32351301382889,25.92218278375376,27.786071851785483,1076.0,1040.0,1558.0,1071.2857142857142,1221.6666666666667,1528.0,1460.0,2384.0,1547.4285714285713,1791.4333333333334,1193.0,1146.0,1501.0,1166.7142857142858,1200.5666666666666,748.0,747.0,1096.0,736.0,918.9,464.0,505.0,645.0,477.7142857142857,563.5666666666667,113.02,111.43,107.4,112.61,107.99499999999999,1429.5,1223.0,1238.5,1317.7857142857142,1297.0833333333333,81.915,82.516,81.78,82.11357142857143,82.40516666666667,601.5,598.5,583.0,594.8571428571429,588.5166666666667,500.0,489.5,480.0,490.5,486.45,95.5,95.5,96.0,95.5,95.78333333333333,6,0,1,0,0,41.0
2023-06-20,1078.0,real,1540.0,real,1174.0,real,759.0,real,458.0,real,0.029157689882162885,0.9176869363019005,-0.3254067584480601,12.579011488897972,113.08,real,1477.5,real,95.5,forward_filled_monthly,82.005,real,610.0,506.5,real,59.16480488423468,26.19692741214404,27.547406893338785,1065.0,1055.0,1598.0,1074.5714285714287,1204.3333333333333,1492.0,1514.0,2509.0,1551.142857142857,1759.1333333333334,1193.0,1146.0,1494.0,1170.7142857142858,1189.9,751.0,736.0,1097.0,739.2857142857143,907.6333333333333,460.0,501.0,640.0,471.57142857142856,557.5,113.02,112.96,106.05,112.62714285714286,108.22933333333332,1477.5,1223.0,1243.0,1354.142857142857,1304.9,81.915,82.445,82.125,82.05071428571429,82.40116666666668,611.0,593.0,586.5,597.2857142857143,589.3,505.5,486.0,488.0,493.42857142857144,487.06666666666666,95.5,95.5,96.0,95.5,95.76666666666667,6,1,1,0,0,42.0
2023-06-21,1138.0,real,1730.0,real,1157.0,real,761.0,real,455.0,real,0.0544381683056791,0.8463193609143073,-0.3060975609756098,13.43475983158234,112.85,real,1477.5,real,95.5,forward_filled_monthly,81.94,real,608.0,498.5,real,58.539724703139306,27.464979543176092,28.060855898949406,1078.0,1056.0,1640.0,1086.2857142857142,1187.6,1540.0,1532.0,2630.0,1579.4285714285713,1729.1333333333334,1174.0,1144.0,1481.0,1172.5714285714287,1179.1,759.0,726.0,1114.0,744.2857142857143,895.8666666666667,458.0,491.0,638.0,466.42857142857144,551.4,113.08,111.14,106.85,112.87142857142858,108.42933333333333,1477.5,1223.0,1240.0,1390.5,1312.8166666666666,82.005,82.415,81.925,81.98285714285714,82.40166666666667,610.0,586.5,587.0,600.3571428571429,590.0,506.5,479.5,486.0,496.14285714285717,487.48333333333335,95.5,95.5,96.0,95.5,95.75,6,2,1,0,0,43.0
2023-06-22,1216.0,real,1991.0,real,1140.0,real,751.0,real,456.0,real,0.07422778458918435,0.7904526598042987,-0.24378109452736318,16.196511735622813,112.85,real,1477.5,forward_filled,95.5,forward_filled_monthly,81.96,real,613.5,498.5,real,59.4035488194409,29.11344731351776,29.71790704137369,1138.0,1074.0,1608.0,1106.5714285714287,1174.5333333333333,1730.0,1587.0,2566.0,1637.142857142857,1709.9666666666667,1157.0,1144.0,1445.0,1172.0,1168.9333333333334,761.0,722.0,1112.0,748.4285714285714,883.8333333333334,455.0,481.0,635.0,462.85714285714283,545.4333333333333,112.85,112.45,104.8,112.92857142857143,108.69766666666666,1477.5,1223.0,1254.0,1426.857142857143,1320.2666666666667,81.94,82.24,82.1,81.94285714285715,82.397,608.0,585.0,584.0,604.4285714285714,590.9833333333333,498.5,480.5,487.5,498.7142857142857,487.85,95.5,95.5,96.0,95.5,95.73333333333333,6,3,1,0,0,44.0
2023-06-23,1240.0,real,2080.0,real,1127.0,real,743.0,real,455.0,real,0.07215717059740803,0.7962980673824732,-0.20410783055198978,17.954758288554096,112.65,real,1477.5,forward_filled,95.5,forward_filled_monthly,81.985,real,598.5,490.0,real,59.17938262871054,29.62066816593058,30.772854973132457,1216.0,1079.0,1558.0,1129.5714285714287,1163.9333333333334,1991.0,1580.0,2456.0,1708.5714285714287,1697.4333333333334,1140.0,1163.0,1402.0,1166.857142857143,1159.7666666666667,751.0,729.0,1105.0,750.4285714285714,871.7666666666667,456.0,476.0,632.0,459.85714285714283,539.5333333333333,112.85,112.75,105.16,112.91428571428571,108.94733333333333,1477.5,1223.0,1250.0,1463.2142857142858,1327.85,81.96,81.96,82.201,81.94642857142857,82.3898,613.5,594.5,582.0,605.0,591.5333333333333,498.5,492.0,481.5,498.42857142857144,488.1333333333333,95.5,95.5,96.0,95.5,95.71666666666667,6,4,1,0,0,45.0
2023-06-26,1233.0,real,2075.0,real,1113.0,real,741.0,real,454.0,real,0.07335789000758604,0.7929083992128426,-0.18988173455978974,18.58523286345879,112.46,real,1430.0,real,95.5,forward_filled_monthly,81.975,real,598.5,488.0,real,55.6728053933397,29.472728750643505,31.151139718075274,1240.0,1094.0,1522.0,1149.4285714285713,1154.3,2080.0,1599.0,2385.0,1776.5714285714287,1687.1,1127.0,1184.0,1366.0,1156.7142857142858,1151.3333333333333,743.0,740.0,1098.0,750.5714285714286,859.8666666666667,455.0,471.0,628.0,457.42857142857144,533.7333333333333,112.65,112.93,106.77,112.84714285714287,109.137,1477.5,1425.5,1250.5,1463.857142857143,1333.8333333333333,81.985,81.905,82.267,81.95642857142856,82.38006666666665,598.5,592.5,573.0,605.8571428571429,592.3833333333333,490.0,490.0,479.5,498.14285714285717,488.4166666666667,95.5,95.5,96.0,95.5,95.7,6,0,1,0,0,48.0
2023-06-27,1183.0,real,1937.0,real,1089.0,real,746.0,real,454.0,real,0.07793472613794275,0.7799878487352041,-0.198509485094851,18.202866727734772,112.6,real,1446.0,real,95.5,forward_filled_monthly,82.011,real,594.0,480.0,real,56.81080209114271,28.416018641450137,30.921720036640863,1233.0,1076.0,1476.0,1164.7142857142858,1144.5333333333333,2075.0,1528.0,2295.0,1835.0,1675.1666666666667,1113.0,1193.0,1314.0,1141.857142857143,1143.8333333333333,741.0,748.0,1091.0,750.2857142857143,848.3666666666667,454.0,464.0,623.0,456.0,528.1,112.46,113.02,106.84,112.78714285714285,109.329,1430.0,1429.5,1243.0,1466.2142857142858,1340.6,81.975,81.915,82.292,81.97014285714286,82.3707,598.5,601.5,580.5,604.7857142857143,592.8333333333334,488.0,500.0,482.5,495.2857142857143,488.3333333333333,95.5,95.5,96.0,95.5,95.68333333333334,6,1,1,0,0,49.0
2023-06-28,1138.0,real,1822.0,real,1058.0,real,752.0,real,452.0,real,0.08354219120696,0.7641578007692558,-0.2014035087719298,18.07460888745513,112.64,real,1474.0,real,95.5,forward_filled_monthly,82.03,real,588.5,481.0,real,57.8563403009261,27.464979543176092,30.84476533247308,1183.0,1065.0,1425.0,1175.142857142857,1134.9666666666667,1937.0,1492.0,2184.0,1882.142857142857,1663.1,1089.0,1193.0,1260.0,1122.5714285714287,1137.1,746.0,751.0,1090.0,750.4285714285714,837.1,454.0,460.0,617.0,454.85714285714283,522.6,112.6,113.02,107.38,112.73285714285714,109.50433333333334,1446.0,1477.5,1239.5,1465.7142857142858,1348.4166666666667,82.011,81.915,82.405,81.98657142857142,82.3582,594.0,611.0,583.0,601.5714285714286,593.0166666666667,480.0,505.5,482.0,491.7857142857143,488.3,95.5,95.5,96.0,95.5,95.66666666666667,6,2,1,0,0,50.0
2023-06-29,1112.0,real,1759.0,real,1041.0,real,750.0,real,448.0,real,0.08722540204336623,0.7537599822378191,-0.2068473609129815,17.83334730969301,112.62,real,1476.0,real,95.5,forward_filled_monthly,82.105,real,594.0,486.5,real,47.53233166805179,26.91549028639554,30.700008385815806,1138.0,1078.0,1402.0,1180.0,1125.3,1822.0,1540.0,2142.0,1913.4285714285713,1650.3333333333333,1058.0,1174.0,1235.0,1103.5714285714287,1130.6333333333334,752.0,759.0,1085.0,749.1428571428571,825.9333333333333,452.0,458.0,614.0,453.42857142857144,517.0666666666667,112.64,113.08,107.27,112.66714285714286,109.68266666666666,1474.0,1477.5,1475.0,1465.5,1348.45,82.03,82.005,82.725,82.00085714285714,82.33753333333333,588.5,610.0,595.0,599.2857142857143,592.9833333333333,481.0,506.5,492.0,488.92857142857144,488.1166666666667,95.5,95.5,96.0,95.5,95.65,6,3,1,0,0,51.0
2023-06-30,1091.0,real,1704.0,real,1030.0,real,749.0,real,446.0,real,0.07625142371467249,0.7847398637319263,-0.21170520231213874,17.61805665702433,112.57,real,1617.0,real,95.5,forward_filled_monthly,82.096,real,596.0,491.0,real,53.39093015115731,26.471672040534315,30.570833994214595,1112.0,1138.0,1384.0,1173.2857142857142,1115.5333333333333,1759.0,1730.0,2105.0,1909.7142857142858,1636.9666666666667,1041.0,1157.0,1222.0,1085.4285714285713,1124.2333333333333,750.0,761.0,1077.0,747.4285714285714,815.0,448.0,455.0,612.0,452.14285714285717,511.53333333333336,112.62,112.85,107.1,112.62714285714286,109.865,1476.0,1477.5,1463.0,1485.4285714285713,1353.5833333333333,82.105,81.94,82.905,82.02314285714286,82.31056666666667,594.0,608.0,589.0,597.5714285714286,593.2166666666667,486.5,498.5,489.5,487.85714285714283,488.1666666666667,95.5,95.5,96.0,95.5,95.63333333333334,6,4,1,0,0,52.0
2023-07-01,1091.0,forward_filled,1704.0,forward_filled,1030.0,forward_filled,749.0,forward_filled,446.0,forward_filled,0.03859071389100187,0.8910572166895705,-0.20073260073260069,18.10434230561343,112.57,forward_filled,1617.0,forward_filled,93.5,real,82.096,forward_filled,596.0,491.0,forward_filled,53.34543208874396,23.39474896361124,30.86260538336806,1091.0,1216.0,1365.0,1155.4285714285713,1106.4,1704.0,1991.0,2065.0,1868.7142857142858,1624.9333333333334,1030.0,1140.0,1220.0,1069.7142857142858,1117.9,749.0,751.0,1063.0,747.1428571428571,804.5333333333333,446.0,456.0,609.0,450.7142857142857,506.1,112.57,112.85,107.16,112.58714285714287,110.04533333333333,1617.0,1477.5,1463.0,1505.357142857143,1358.7166666666667,82.096,81.96,82.845,82.04257142857143,82.28559999999999,596.0,613.5,589.5,595.0714285714286,593.4333333333333,491.0,498.5,486.5,486.7857142857143,488.31666666666666,95.5,95.5,96.0,95.21428571428571,95.55,7,5,1,0,0,53.0
2023-07-03,1068.0,real,1651.0,real,1014.0,real,747.0,real,444.0,real,0.025322885826310298,0.9285127071978391,-0.20771513353115723,17.79488921318795,110.87,real,1617.0,real,93.5,forward_filled_monthly,81.945,real,598.5,500.0,real,55.394765845364155,22.908662313382283,30.67693352791277,1091.0,1240.0,1348.0,1130.857142857143,1097.0666666666666,1704.0,2080.0,2040.0,1807.4285714285713,1611.9666666666667,1030.0,1127.0,1212.0,1053.5714285714287,1111.3,749.0,743.0,1043.0,747.7142857142857,794.6666666666666,446.0,455.0,604.0,449.14285714285717,500.76666666666665,112.57,112.65,106.54,112.33285714285715,110.18966666666667,1617.0,1477.5,1398.5,1525.2857142857142,1366.0,82.096,81.985,82.835,82.03685714285714,82.25593333333335,596.0,598.5,585.0,595.0714285714286,593.8833333333333,491.0,490.0,487.0,488.2142857142857,488.75,93.5,95.5,96.0,94.92857142857143,95.46666666666667,7,0,1,0,0,55.0
2023-07-04,1044.0,real,1601.0,real,988.0,real,747.0,real,435.0,real,0.021808510168227553,0.9384338987796105,-0.19382239382239386,18.410590046849315,110.87,forward_filled,1617.0,real,93.5,forward_filled_monthly,81.974,real,592.0,496.0,real,57.491501141153,22.401441460969462,31.04635402810959,1068.0,1233.0,1295.0,1103.857142857143,1088.7,1651.0,2075.0,1930.0,1739.7142857142858,1601.0,1014.0,1113.0,1184.0,1035.7142857142858,1104.7666666666667,747.0,741.0,1014.0,748.5714285714286,785.7666666666667,444.0,454.0,600.0,446.42857142857144,495.26666666666665,110.87,112.46,105.56,112.10571428571428,110.36666666666666,1617.0,1430.0,1369.5,1552.0,1374.25,81.945,81.975,82.675,82.03671428571428,82.23256666666666,598.5,598.5,596.0,594.1428571428571,593.75,500.0,488.0,492.0,489.35714285714283,488.8833333333333,93.5,95.5,96.0,94.64285714285714,95.38333333333334,7,1,1,0,0,56.0
2023-07-05,994.0,real,1475.0,real,969.0,real,737.0,real,430.0,real,0.024904145538674694,0.9296948240290561,-0.18189300411522635,18.93927879663862,111.84,real,1617.0,real,93.5,forward_filled_monthly,82.403,real,593.0,500.0,real,59.95328789493946,21.344731351776087,31.363567277983172,1044.0,1183.0,1215.0,1076.857142857143,1081.3333333333333,1601.0,1937.0,1758.0,1673.7142857142858,1591.5666666666666,988.0,1089.0,1141.0,1018.5714285714286,1099.0333333333333,747.0,746.0,980.0,747.2857142857143,777.6666666666666,435.0,454.0,594.0,443.0,489.8,110.87,112.6,105.6,111.99714285714286,110.57466666666667,1617.0,1446.0,1333.0,1576.4285714285713,1383.7166666666667,81.974,82.011,82.742,82.09271428571428,82.22126666666666,592.0,594.0,589.0,594.0,593.8833333333333,496.0,480.0,489.5,492.2142857142857,489.23333333333335,93.5,95.5,96.0,94.35714285714286,95.3,7,2,1,0,0,57.0
2023-07-06,993.0,real,1479.0,real,971.0,real,728.0,real,427.0,real,0.026954066579397175,0.9239078332940909,-0.15273037542662116,20.231713202791422,112.27,real,1617.0,real,93.5,forward_filled_monthly,82.766,real,592.0,501.0,real,62.11388335170929,21.323597149592217,32.13902792167485,994.0,1138.0,1172.0,1056.142857142857,1075.3666666666666,1475.0,1822.0,1683.0,1624.7142857142858,1584.7666666666667,969.0,1058.0,1119.0,1006.1428571428571,1094.1,737.0,752.0,946.0,743.8571428571429,770.4,430.0,452.0,588.0,439.42857142857144,484.43333333333334,111.84,112.64,105.41,111.9442857142857,110.80333333333333,1617.0,1474.0,1300.0,1596.857142857143,1394.2833333333333,82.403,82.03,82.575,82.19785714285715,82.22763333333334,593.0,588.5,585.0,594.5,594.1166666666667,500.0,481.0,485.0,495.07142857142856,489.76666666666665,93.5,95.5,96.0,94.07142857142857,95.21666666666667,7,3,1,0,0,58.0
2023-07-07,1009.0,real,1522.0,real,984.0,real,724.0,real,424.0,real,0.034462142929405463,0.9027123006800173,-0.13907849829351537,20.836739447297656,110.54,real,1617.0,real,93.5,forward_filled_monthly,82.615,real,591.5,502.5,real,61.916517993462186,21.6617443845341,32.50204366837859,993.0,1112.0,1172.0,1041.4285714285713,1069.9333333333334,1479.0,1759.0,1683.0,1590.857142857143,1579.4,971.0,1041.0,1119.0,998.0,1089.6,728.0,750.0,946.0,740.1428571428571,763.0,427.0,448.0,588.0,436.0,478.96666666666664,112.27,112.62,105.41,111.64714285714285,110.97433333333333,1617.0,1476.0,1280.0,1617.0,1405.5166666666667,82.766,82.105,82.614,82.27071428571428,82.22766666666666,592.0,594.0,588.5,594.1428571428571,594.2166666666667,501.0,486.5,489.0,497.35714285714283,490.21666666666664,93.5,95.5,96.0,93.78571428571429,95.13333333333334,7,4,1,0,0,59.0
2023-07-10,1024.0,real,1555.0,real,996.0,real,724.0,real,422.0,real,0.03725865965003769,0.8948176471636213,-0.08815672306322353,23.09349946138116,109.21,real,1617.0,real,93.5,forward_filled_monthly,82.525,real,597.5,510.0,real,58.73562432765185,21.978757417292112,33.8560996768287,1009.0,1091.0,1123.0,1031.857142857143,1066.6333333333334,1522.0,1704.0,1594.0,1569.5714285714287,1578.1,984.0,1030.0,1090.0,993.1428571428571,1086.4666666666667,724.0,749.0,910.0,736.5714285714286,756.8,424.0,446.0,582.0,432.57142857142856,473.6333333333333,110.54,112.57,105.2,111.16714285714286,111.108,1617.0,1617.0,1325.0,1617.0,1415.25,82.615,82.096,82.693,82.332,82.22206666666668,591.5,596.0,584.5,594.3571428571429,594.65,502.5,491.0,483.5,500.07142857142856,491.1,93.5,95.5,96.0,93.5,95.05,7,0,1,0,0,62.0
2023-07-11,1032.0,real,1550.0,real,1027.0,real,728.0,real,418.0,real,0.037100156810153,0.8952651056011205,0.05629477993858756,29.495326076310867,109.34,real,1617.0,real,93.5,forward_filled_monthly,82.395,real,594.0,513.0,real,64.54185253387432,22.14783103476305,37.69719564578652,1024.0,1091.0,977.0,1023.4285714285714,1068.4666666666667,1555.0,1704.0,1218.0,1547.5714285714287,1589.1666666666667,996.0,1030.0,1045.0,992.7142857142857,1085.8666666666666,724.0,749.0,881.0,733.5714285714286,751.7,422.0,446.0,572.0,428.57142857142856,468.5,109.21,112.57,105.07,110.70571428571428,111.25033333333333,1617.0,1617.0,1223.0,1617.0,1428.3833333333334,82.525,82.096,82.69,82.37471428571428,82.21223333333334,597.5,596.0,577.0,594.0714285714286,595.2166666666667,510.0,491.0,467.5,503.2142857142857,492.6166666666667,93.5,93.5,96.0,93.5,94.96666666666667,7,1,1,0,0,63.0
2023-07-12,1088.0,real,1665.0,real,1086.0,real,734.0,real,414.0,real,0.04815703283001504,0.8640512013513995,0.1611526147278548,34.14243367704949,110.61,real,1617.0,real,93.5,forward_filled_monthly,81.985,real,600.0,515.0,real,65.92025513818473,23.331346357059633,40.485460206229696,1032.0,1068.0,937.0,1026.2857142857142,1073.5,1550.0,1651.0,1144.0,1549.5714285714287,1606.5333333333333,1027.0,1014.0,1030.0,1003.0,1087.7333333333333,728.0,747.0,847.0,731.7142857142857,747.9333333333333,418.0,444.0,559.0,424.2857142857143,463.6666666666667,109.34,110.87,104.5,110.66857142857143,111.454,1617.0,1617.0,1223.0,1617.0,1441.5166666666667,82.395,81.945,82.277,82.38042857142857,82.20250000000001,594.0,598.5,574.0,594.2857142857143,596.0833333333334,513.0,500.0,470.5,505.35714285714283,494.1,93.5,93.5,95.5,93.5,94.9,7,2,1,0,0,64.0
2023-07-13,1103.0,real,1691.0,real,1101.0,real,743.0,real,411.0,real,0.04607522372264187,0.869928213088441,0.20021762785636565,35.873723664080934,110.95,real,1617.0,real,93.5,forward_filled_monthly,82.05,real,601.0,518.5,real,64.75910135041157,23.648359389817646,41.52423419844856,1088.0,1044.0,919.0,1034.7142857142858,1079.6333333333334,1665.0,1601.0,1116.0,1562.4285714285713,1625.7,1086.0,988.0,1030.0,1019.1428571428571,1090.1,734.0,747.0,819.0,731.1428571428571,745.4,414.0,435.0,545.0,420.85714285714283,459.2,110.61,110.87,106.33,110.67999999999999,111.608,1617.0,1617.0,1223.0,1617.0,1454.65,81.985,81.974,82.403,82.39128571428571,82.19073333333333,600.0,592.0,583.5,595.5714285714286,596.6666666666666,515.0,496.0,484.5,508.57142857142856,495.23333333333335,93.5,93.5,95.5,93.5,94.83333333333333,7,3,1,0,0,65.0
2023-07-14,1090.0,real,1655.0,real,1095.0,real,743.0,real,409.0,real,0.030330353656862877,0.9143764700621733,0.16080937167199139,34.12722177212117,112.38,real,1617.0,real,93.5,forward_filled_monthly,82.077,real,602.5,520.5,real,64.99984525610591,23.37361476142737,40.476333063272705,1103.0,994.0,939.0,1048.4285714285713,1084.6666666666667,1691.0,1475.0,1178.0,1588.142857142857,1641.6,1101.0,969.0,1048.0,1037.142857142857,1091.6666666666667,743.0,737.0,803.0,732.0,743.4,411.0,430.0,537.0,417.85714285714283,454.93333333333334,110.95,111.84,107.38,110.75714285714287,111.77466666666666,1617.0,1617.0,1223.0,1617.0,1467.7833333333333,82.05,82.403,82.525,82.34471428571429,82.1758,601.0,593.0,594.5,596.9285714285714,596.9333333333333,518.5,500.0,494.5,511.5,496.1,93.5,93.5,95.5,93.5,94.76666666666667,7,4,1,0,0,66.0
2023-07-17,1073.0,real,1614.0,real,1084.0,real,743.0,real,406.0,real,0.034036107650328745,0.9039150114985356,0.05610236220472431,29.486798474006758,111.81,real,1505.5,real,93.5,forward_filled_monthly,82.05,real,596.5,518.5,real,58.6662308642566,23.01433332430162,37.69207908440406,1090.0,993.0,1016.0,1059.857142857143,1086.5666666666666,1655.0,1479.0,1383.0,1607.4285714285713,1649.3,1095.0,971.0,1108.0,1053.2857142857142,1090.8666666666666,743.0,728.0,781.0,734.1428571428571,742.1333333333333,409.0,427.0,526.0,414.85714285714283,450.93333333333334,112.38,112.27,108.59,110.69142857142856,111.88199999999999,1617.0,1617.0,1223.0,1601.0714285714287,1477.2,82.077,82.766,82.515,82.24242857142858,82.16029999999999,602.5,592.0,591.5,597.5714285714286,597.1,520.5,501.0,486.5,514.0,497.1666666666667,93.5,93.5,95.5,93.5,94.7,7,0,1,0,0,69.0
2023-07-18,1037.0,real,1529.0,real,1052.0,real,746.0,real,406.0,real,0.04093983372972905,0.8844255784596191,0.016666666666666607,27.73908052003963,112.17,real,1523.5,real,93.5,forward_filled_monthly,82.065,real,592.5,515.5,real,59.30238668873934,22.253502045682392,36.64344831202378,1073.0,1009.0,1020.0,1063.857142857143,1087.1333333333334,1614.0,1522.0,1387.0,1608.4285714285713,1654.0333333333333,1084.0,984.0,1139.0,1063.0,1087.9666666666667,743.0,724.0,766.0,737.2857142857143,741.4666666666667,406.0,424.0,515.0,412.2857142857143,447.3,111.81,110.54,109.18,110.92428571428572,111.98166666666665,1505.5,1617.0,1223.0,1587.7142857142858,1487.2166666666667,82.05,82.615,82.51,82.16385714285714,82.14546666666666,596.5,591.5,595.0,597.7142857142857,597.0166666666667,518.5,502.5,486.0,515.8571428571429,498.15,93.5,93.5,95.5,93.5,94.63333333333334,7,1,1,0,0,70.0
2023-07-19,1004.0,real,1468.0,real,993.0,real,754.0,real,404.0,real,0.042434790273072086,0.8802052697288727,-0.0346153846153846,25.46635372977903,112.08,real,1562.0,real,93.5,forward_filled_monthly,82.055,real,595.5,522.5,real,59.37163839576046,21.55607337361476,35.27981223786742,1037.0,1024.0,1040.0,1061.0,1085.9333333333334,1529.0,1555.0,1460.0,1596.0,1654.3,1052.0,996.0,1146.0,1062.5714285714287,1082.8666666666666,746.0,724.0,747.0,741.5714285714286,741.7,406.0,422.0,505.0,409.7142857142857,443.93333333333334,112.17,109.21,111.43,111.3342857142857,112.00333333333333,1523.5,1617.0,1223.0,1579.857142857143,1498.5166666666667,82.065,82.525,82.516,82.09671428571428,82.13010000000001,592.5,597.5,598.5,597.4285714285714,596.9166666666666,515.5,510.0,489.5,517.6428571428571,499.25,93.5,93.5,95.5,93.5,94.56666666666666,7,2,1,0,0,71.0
2023-07-20,977.0,real,1421.0,real,945.0,real,757.0,real,403.0,real,0.04334425012182128,0.8776378363429119,-0.07393364928909951,23.7238400971041,112.43,real,1606.5,real,93.5,forward_filled_monthly,82.08,real,595.0,525.0,real,60.56390832772269,20.985449914650335,34.23430405826246,1004.0,1032.0,1055.0,1053.142857142857,1083.3333333333333,1468.0,1550.0,1514.0,1577.5714285714287,1651.2,993.0,1027.0,1146.0,1050.857142857143,1076.1666666666667,754.0,728.0,736.0,745.7142857142857,742.4,404.0,418.0,501.0,407.57142857142856,440.6666666666667,112.08,109.34,112.96,111.7757142857143,111.98566666666667,1562.0,1617.0,1223.0,1578.357142857143,1511.3,82.055,82.395,82.445,82.05171428571428,82.11793333333334,595.5,594.0,593.0,597.5714285714286,596.9833333333333,522.5,513.0,486.0,519.3571428571429,500.55,93.5,93.5,95.5,93.5,94.5,7,3,1,0,0,72.0
2023-07-21,978.0,real,1442.0,real,924.0,real,758.0,real,400.0,real,0.02617126266711717,0.9261177130395382,-0.07386363636363635,23.726942942005714,112.47,real,1504.5,real,93.5,forward_filled_monthly,81.99,real,598.5,528.5,real,57.253835780181326,21.006584116834205,34.23616576520343,977.0,1088.0,1056.0,1037.4285714285713,1080.7333333333333,1421.0,1665.0,1532.0,1545.7142857142858,1648.2,945.0,1086.0,1144.0,1027.7142857142858,1068.8333333333333,757.0,734.0,726.0,749.1428571428571,743.4666666666667,403.0,414.0,491.0,405.57142857142856,437.6333333333333,112.43,110.61,111.14,112.04142857142857,112.03,1606.5,1617.0,1223.0,1562.2857142857142,1520.6833333333334,82.08,81.985,82.415,82.05242857142856,82.10376666666666,595.0,600.0,586.5,597.3571428571429,597.3833333333333,525.0,515.0,479.5,521.2857142857143,502.18333333333334,93.5,93.5,95.5,93.5,94.43333333333334,7,4,1,0,0,73.0
2023-07-24,967.0,real,1422.0,real,910.0,real,757.0,real,400.0,real,0.02141830275753762,0.9395354664134455,-0.0996275605214153,22.585132909220995,112.51,real,1455.5,real,93.5,forward_filled_monthly,81.795,real,607.5,535.0,real,54.16108038793441,20.77410789281166,33.5510797455326,978.0,1103.0,1074.0,1018.0,1077.1666666666667,1442.0,1691.0,1587.0,1507.2857142857142,1642.7,924.0,1101.0,1144.0,1000.4285714285714,1061.0333333333333,758.0,743.0,722.0,751.1428571428571,744.6333333333333,400.0,411.0,481.0,404.0,434.93333333333334,112.47,110.95,112.45,112.26428571428572,112.032,1504.5,1617.0,1223.0,1539.2142857142858,1528.4333333333334,81.99,82.05,82.24,82.01599999999999,82.08893333333334,598.5,601.0,585.0,598.2857142857143,598.1333333333333,528.5,518.5,480.5,523.6428571428571,504.0,93.5,93.5,95.5,93.5,94.36666666666666,7,0,1,0,0,76.0
2023-07-25,962.0,real,1424.0,real,895.0,real,753.0,real,400.0,real,0.023552191763925815,0.933511431504735,-0.10843373493975905,22.194859353075586,112.72,real,1446.0,real,93.5,forward_filled_monthly,81.855,real,614.5,535.5,real,53.67101558140139,20.668436881892323,33.31691561184535,967.0,1090.0,1079.0,999.7142857142857,1073.2666666666667,1422.0,1655.0,1580.0,1474.2857142857142,1637.5,910.0,1095.0,1163.0,971.8571428571429,1052.1,757.0,743.0,729.0,752.5714285714286,745.4333333333333,400.0,409.0,476.0,402.7142857142857,432.4,112.51,112.38,112.75,112.31285714285714,112.03099999999999,1455.5,1617.0,1223.0,1514.7857142857142,1535.8666666666666,81.795,82.077,81.96,81.98428571428572,82.08543333333334,607.5,602.5,594.5,600.0,598.8,535.0,520.5,492.0,525.7857142857143,505.45,93.5,93.5,95.5,93.5,94.3,7,1,1,0,0,77.0
2023-07-26,1067.0,real,1734.0,real,916.0,real,742.0,real,399.0,real,0.09299966322197656,0.7374590636765315,-0.02468007312614262,25.90666857730712,112.89,real,1491.0,real,93.5,forward_filled_monthly,81.955,real,617.5,538.5,real,46.14494113677263,22.887528111198417,35.544001146384275,962.0,1073.0,1094.0,998.8571428571429,1072.3666666666666,1424.0,1614.0,1599.0,1491.4285714285713,1642.0,895.0,1084.0,1184.0,947.8571428571429,1043.1666666666667,753.0,743.0,740.0,752.4285714285714,745.5,400.0,406.0,471.0,401.7142857142857,430.0,112.72,111.81,112.93,112.46714285714286,112.02966666666667,1446.0,1505.5,1425.5,1512.7142857142858,1538.05,81.855,82.05,81.905,81.97071428571428,82.08709999999999,614.5,596.5,592.5,603.0,599.6333333333333,535.5,518.5,490.0,528.6428571428571,507.06666666666666,93.5,93.5,95.5,93.5,94.23333333333333,7,2,1,0,0,78.0
2023-07-27,1097.0,real,1801.0,real,955.0,real,733.0,real,397.0,real,0.08844262044412068,0.7503237369056026,0.01951672862453524,27.865390057267863,112.9,real,1474.0,real,93.5,forward_filled_monthly,82.155,real,622.5,544.5,real,45.27325596271673,23.521554176714442,36.71923403436072,1067.0,1037.0,1076.0,1007.4285714285714,1073.0666666666666,1734.0,1529.0,1528.0,1530.2857142857142,1651.1,916.0,1052.0,1193.0,934.0,1035.2333333333333,742.0,746.0,748.0,750.5714285714286,745.0,399.0,406.0,464.0,400.42857142857144,427.76666666666665,112.89,112.17,113.02,112.57142857142857,112.02566666666667,1491.0,1523.5,1429.5,1505.642857142857,1539.5333333333333,81.955,82.065,81.915,81.98357142857142,82.0951,617.5,592.5,601.5,607.2857142857143,600.3333333333334,538.5,515.5,500.0,532.7857142857143,508.55,93.5,93.5,95.5,93.5,94.16666666666667,7,3,1,0,0,79.0
2023-07-28,1110.0,real,1830.0,real,975.0,real,726.0,real,396.0,real,0.08382975758858177,0.7633459919468311,0.04225352112676051,28.87304314743374,112.69,real,1459.0,real,93.5,forward_filled_monthly,82.253,real,629.0,551.5,real,42.723100402669836,23.79629880510472,37.32382588846025,1097.0,1004.0,1065.0,1022.5714285714286,1074.5666666666666,1801.0,1468.0,1492.0,1582.0,1662.3666666666666,955.0,993.0,1193.0,931.4285714285714,1027.9666666666667,733.0,754.0,751.0,746.5714285714286,744.1666666666666,397.0,404.0,460.0,399.2857142857143,425.6333333333333,112.9,112.08,113.02,112.65857142857143,112.01466666666667,1474.0,1562.0,1477.5,1490.9285714285713,1538.9166666666667,82.155,82.055,81.915,82.01185714285714,82.10636666666666,622.5,595.5,611.0,612.0714285714286,600.9333333333333,544.5,522.5,505.5,536.9285714285714,510.0833333333333,93.5,93.5,95.5,93.5,94.1,7,4,1,0,0,80.0
2023-07-31,1127.0,real,1873.0,real,996.0,real,719.0,real,394.0,real,0.0789528758063132,0.7771135806143252,0.045454545454545414,29.01490669548138,112.46,real,1373.0,real,93.5,forward_filled_monthly,82.245,real,633.5,562.0,real,39.31599042458006,24.155580242230467,37.40894401728883,1110.0,977.0,1078.0,1044.0,1076.2,1830.0,1421.0,1540.0,1646.5714285714287,1673.4666666666667,975.0,945.0,1174.0,938.7142857142857,1022.0333333333333,726.0,757.0,759.0,741.1428571428571,742.8333333333334,396.0,403.0,458.0,398.0,423.5,112.69,112.43,113.08,112.66285714285713,111.994,1459.0,1606.5,1477.5,1457.5714285714287,1535.4333333333334,82.253,82.08,82.005,82.03542857142858,82.11436666666667,629.0,595.0,610.0,617.5714285714286,601.7166666666667,551.5,525.0,506.5,542.2142857142857,511.93333333333334,93.5,93.5,95.5,93.5,94.03333333333333,7,0,1,0,0,83.0
2023-08-01,1150.0,real,1920.0,real,1034.0,real,709.0,real,394.0,real,0.07844151290293912,0.7785571739651148,0.010544815465729274,27.46777126304762,108.32,real,1282.0,real,106.5,real,82.345,real,640.5,562.5,real,33.24094519294382,44.641666892459426,36.48066275782857,1127.0,978.0,1138.0,1068.5714285714287,1076.6,1873.0,1442.0,1730.0,1714.857142857143,1679.8,996.0,924.0,1157.0,954.4285714285714,1017.9333333333333,719.0,758.0,761.0,734.1428571428571,741.1,394.0,400.0,455.0,397.14285714285717,421.46666666666664,112.46,112.47,112.85,112.07000000000001,111.843,1373.0,1504.5,1477.5,1425.7857142857142,1528.9166666666667,82.245,81.99,81.94,82.08614285714286,82.12786666666666,633.5,598.5,608.0,623.5714285714286,602.8,562.0,528.5,498.5,547.0714285714286,514.0666666666667,93.5,93.5,95.5,95.35714285714286,94.4,8,1,1,0,0,84.0
2023-08-02,1123.0,real,1808.0,real,1082.0,real,700.0,real,392.0,real,0.08540725325729466,0.7588926727028509,-0.07648026315789469,23.610978824604935,107.41,real,1343.5,real,106.5,forward_filled_monthly,82.735,real,647.5,574.5,real,34.912305369214565,44.071043433495,34.16658729476296,1150.0,967.0,1216.0,1090.857142857143,1073.5,1920.0,1422.0,1991.0,1770.0,1673.7,1034.0,910.0,1140.0,979.0,1016.0,709.0,757.0,751.0,726.0,739.4,394.0,400.0,456.0,396.0,419.3333333333333,108.32,112.51,112.85,111.34142857142857,111.66166666666666,1282.0,1455.5,1477.5,1409.7857142857142,1524.45,82.345,81.795,81.96,82.22042857142857,82.1537,640.5,607.5,613.5,629.2857142857143,603.9333333333333,562.5,535.0,498.5,552.7142857142857,516.6,106.5,93.5,95.5,97.21428571428571,94.76666666666667,8,2,1,0,0,85.0
2023-08-03,1128.0,real,1803.0,real,1112.0,real,695.0,real,391.0,real,0.08571695922932143,0.7580183631294194,-0.0903225806451613,22.997512611649164,104.26,real,1399.0,real,106.5,forward_filled_monthly,82.755,real,647.0,571.5,real,34.95202205537958,44.17671444441433,33.7985075669895,1123.0,962.0,1240.0,1114.5714285714287,1069.7666666666667,1808.0,1424.0,2080.0,1824.142857142857,1664.4666666666667,1082.0,895.0,1127.0,1010.0,1015.5,700.0,753.0,743.0,717.7142857142857,737.8,392.0,400.0,455.0,394.7142857142857,417.2,107.41,112.72,112.65,110.13285714285715,111.382,1343.5,1446.0,1477.5,1403.0714285714287,1521.8333333333333,82.735,81.855,81.985,82.349,82.17936666666668,647.5,614.5,598.5,633.9285714285714,605.55,574.5,535.5,490.0,557.8571428571429,519.3166666666667,106.5,93.5,95.5,99.07142857142857,95.13333333333334,8,3,1,0,0,86.0
2023-08-04,1136.0,real,1818.0,real,1133.0,real,688.0,real,390.0,real,0.031750624134840456,0.9103670024124807,-0.07866991078669916,23.51393764347425,105.18,real,1399.0,real,106.5,forward_filled_monthly,82.696,real,654.5,578.0,real,37.439335930702164,44.34578806188528,34.10836258608455,1128.0,1067.0,1233.0,1124.4285714285713,1066.5333333333333,1803.0,1734.0,2075.0,1836.142857142857,1655.9,1112.0,916.0,1113.0,1041.0,1016.1666666666666,695.0,742.0,741.0,710.0,736.0333333333333,391.0,399.0,454.0,393.42857142857144,415.06666666666666,104.26,112.89,112.46,109.03142857142856,111.13933333333333,1399.0,1491.0,1430.0,1389.9285714285713,1520.8,82.755,81.955,81.975,82.45485714285714,82.20340000000002,647.0,617.5,598.5,639.2142857142857,607.4166666666666,571.5,538.5,488.0,563.5,522.3166666666667,106.5,93.5,95.5,100.92857142857143,95.5,8,4,1,0,0,87.0
2023-08-07,1145.0,real,1832.0,real,1153.0,real,686.0,real,389.0,real,0.028650371669095342,0.9191191113663928,-0.03212172442941674,25.576868191832908,104.73,real,1450.0,real,106.5,forward_filled_monthly,82.778,real,657.5,579.5,real,38.388111905264196,44.53599588154009,35.346120915099746,1136.0,1097.0,1183.0,1131.2857142857142,1065.2666666666667,1818.0,1801.0,1937.0,1840.5714285714287,1652.4,1133.0,955.0,1089.0,1069.2857142857142,1018.3,688.0,733.0,746.0,703.2857142857143,734.0333333333333,390.0,397.0,454.0,392.2857142857143,412.9,105.18,112.9,112.6,107.86428571428571,110.877,1399.0,1474.0,1446.0,1386.5,1520.9333333333334,82.696,82.155,82.011,82.54385714285715,82.22896666666665,654.5,622.5,594.0,644.2142857142857,609.5333333333333,578.0,544.5,480.0,568.5,525.6333333333333,106.5,93.5,95.5,102.78571428571429,95.86666666666666,8,0,1,0,0,90.0
2023-08-08,1142.0,real,1783.0,real,1195.0,real,689.0,real,392.0,real,0.02988592022749247,0.9156311194301162,0.0035149384885764245,27.156219963152495,104.41,real,1450.0,real,106.5,forward_filled_monthly,82.881,real,652.0,576.5,real,37.09278719831398,44.47259327498848,36.2937319778915,1145.0,1110.0,1138.0,1135.857142857143,1065.4,1832.0,1830.0,1822.0,1833.857142857143,1651.1,1153.0,975.0,1058.0,1100.7142857142858,1022.8666666666667,686.0,726.0,752.0,698.0,731.9333333333333,389.0,396.0,452.0,391.7142857142857,410.9,104.73,112.69,112.64,106.68142857142857,110.60266666666666,1450.0,1459.0,1474.0,1385.2142857142858,1520.1333333333334,82.778,82.253,82.03,82.63357142857141,82.25733333333334,657.5,629.0,588.5,647.5,611.65,579.5,551.5,481.0,572.0714285714286,528.8166666666667,106.5,93.5,95.5,104.64285714285714,96.23333333333333,8,1,1,0,0,91.0
2023-08-09,1144.0,real,1752.0,real,1233.0,real,696.0,real,393.0,real,0.027685701893119342,0.9218424040908318,0.02877697841726623,28.275787404142545,104.7,real,1450.0,real,106.5,forward_filled_monthly,82.872,real,657.0,584.5,real,37.23110523102897,44.51486167935622,36.96547244248553,1142.0,1127.0,1112.0,1138.2857142857142,1066.4666666666667,1783.0,1873.0,1759.0,1816.5714285714287,1650.8666666666666,1195.0,996.0,1041.0,1134.5714285714287,1029.2666666666667,689.0,719.0,750.0,694.7142857142857,730.1333333333333,392.0,394.0,448.0,391.57142857142856,409.06666666666666,104.41,112.46,112.62,105.57285714285715,110.33866666666668,1450.0,1373.0,1476.0,1396.2142857142858,1519.2666666666667,82.881,82.245,82.105,82.72314285714286,82.2829,652.0,633.5,594.0,650.8571428571429,613.75,576.5,562.0,486.5,575.2857142857143,532.0833333333334,106.5,93.5,95.5,106.5,96.6,8,2,1,0,0,92.0
2023-08-10,1137.0,real,1674.0,real,1292.0,real,706.0,real,401.0,real,0.02576752506448368,0.9272574768252564,0.0421631530705775,28.86903820033946,104.6,real,1499.0,real,106.5,forward_filled_monthly,82.644,real,667.5,592.0,real,34.14234484273667,44.36692226406914,37.32142292020367,1144.0,1150.0,1091.0,1136.4285714285713,1068.0,1752.0,1920.0,1704.0,1781.4285714285713,1649.8666666666666,1233.0,1034.0,1030.0,1171.4285714285713,1038.0,696.0,709.0,749.0,694.2857142857143,728.7,393.0,394.0,446.0,392.57142857142856,407.56666666666666,104.7,108.32,112.57,105.04142857142858,110.07300000000001,1450.0,1282.0,1617.0,1427.2142857142858,1515.3333333333333,82.872,82.345,82.096,82.76585714285714,82.30116666666666,657.0,640.5,596.0,654.7142857142857,616.1333333333333,584.5,562.5,491.0,579.5,535.45,106.5,106.5,95.5,106.5,96.96666666666667,8,3,1,0,0,93.0
2023-08-11,1129.0,real,1592.0,real,1337.0,real,728.0,real,411.0,real,0.02354152156221026,0.9335415538154199,0.03483043079743364,28.54406535040302,105.37,real,1450.0,real,106.5,forward_filled_monthly,82.898,real,662.5,591.5,real,33.00053910833527,44.1978486465982,37.12643921024181,1137.0,1123.0,1091.0,1137.2857142857142,1069.2666666666667,1674.0,1808.0,1704.0,1750.5714285714287,1646.1333333333334,1292.0,1082.0,1030.0,1207.857142857143,1048.2333333333333,706.0,700.0,749.0,698.2857142857143,728.0,401.0,392.0,446.0,395.2857142857143,406.4,104.6,107.41,112.57,104.75,109.833,1499.0,1343.5,1617.0,1442.4285714285713,1509.7666666666667,82.644,82.735,82.096,82.78914285714286,82.3279,667.5,647.5,596.0,656.8571428571429,618.35,592.0,574.5,491.0,581.9285714285714,538.8,106.5,106.5,93.5,106.5,97.4,8,4,1,0,0,94.0
2023-08-14,1135.0,real,1570.0,real,1365.0,real,745.0,real,420.0,real,0.022723922165416712,0.9358496622938274,0.06273408239700373,29.78070419286362,104.63,real,1379.5,real,106.5,forward_filled_monthly,83.18,real,662.5,589.5,real,31.19048046934987,44.324653859701414,37.86842251571817,1129.0,1128.0,1068.0,1138.2857142857142,1071.5,1592.0,1803.0,1651.0,1717.2857142857142,1643.4333333333334,1337.0,1112.0,1014.0,1244.0,1059.9333333333334,728.0,695.0,747.0,705.4285714285714,727.9333333333333,411.0,391.0,444.0,399.42857142857144,405.6,105.37,104.26,110.87,104.80285714285715,109.625,1450.0,1399.0,1617.0,1439.642857142857,1501.85,82.898,82.755,81.945,82.84985714285713,82.36906666666665,662.5,647.0,598.5,659.0714285714286,620.4833333333333,591.5,571.5,500.0,584.5,541.7833333333333,106.5,106.5,93.5,106.5,97.83333333333333,8,0,1,0,0,97.0
2023-08-15,1166.0,real,1597.0,real,1412.0,real,772.0,real,433.0,real,0.024688337162442984,0.9303040577746352,0.11685823754789282,32.17938783239074,104.8,real,1467.5,real,106.5,forward_filled_monthly,83.239,real,661.5,585.5,real,34.30933389316701,44.979814127401305,39.30763269943444,1135.0,1136.0,1044.0,1142.5714285714287,1075.5666666666666,1570.0,1818.0,1601.0,1685.7142857142858,1643.3,1365.0,1133.0,988.0,1283.857142857143,1074.0666666666666,745.0,688.0,747.0,717.4285714285714,728.7666666666667,420.0,390.0,435.0,405.57142857142856,405.53333333333336,104.63,105.18,110.87,104.74857142857142,109.42266666666666,1379.5,1399.0,1617.0,1449.4285714285713,1496.8666666666666,83.18,82.696,81.974,82.92742857142858,82.41123333333333,662.5,654.5,592.0,660.0714285714286,622.8,589.5,578.0,496.0,585.5714285714286,544.7666666666667,106.5,106.5,93.5,106.5,98.26666666666667,8,1,1,0,0,98.0
2023-08-16,1233.0,real,1701.0,real,1486.0,real,812.0,real,444.0,real,0.03967362743692124,0.8880001181318646,0.24044265593561365,37.65642339369743,104.81,real,1463.0,real,106.5,forward_filled_monthly,83.222,real,656.5,585.5,real,33.52900590066421,46.39580567372043,42.59385403621846,1166.0,1145.0,994.0,1155.142857142857,1083.5333333333333,1597.0,1832.0,1475.0,1667.0,1650.8333333333333,1412.0,1153.0,969.0,1331.4285714285713,1091.3,772.0,686.0,737.0,735.4285714285714,731.2666666666667,433.0,389.0,430.0,413.42857142857144,406.0,104.8,104.73,111.84,104.76,109.18833333333333,1467.5,1450.0,1617.0,1451.2857142857142,1491.7333333333333,83.239,82.778,82.403,82.99085714285715,82.43853333333333,661.5,657.5,593.0,659.9285714285714,624.9166666666666,585.5,579.5,500.0,586.4285714285714,547.6166666666667,106.5,106.5,93.5,106.5,98.7,8,2,1,0,0,99.0
2023-08-17,1247.0,real,1665.0,real,1522.0,real,859.0,real,459.0,real,0.03933263081956451,0.8889627621684381,0.255790533736153,38.336613288190605,105.64,real,1449.5,real,106.5,forward_filled_monthly,83.14,real,653.0,582.5,real,33.36279009229054,46.69168450429457,43.001967972914365,1233.0,1142.0,993.0,1170.142857142857,1092.0,1701.0,1783.0,1479.0,1650.142857142857,1657.0333333333333,1486.0,1195.0,971.0,1378.142857142857,1109.6666666666667,812.0,689.0,728.0,759.7142857142857,735.6333333333333,444.0,392.0,427.0,423.0,407.06666666666666,104.81,104.41,112.27,104.9357142857143,108.96733333333333,1463.0,1450.0,1617.0,1451.2142857142858,1486.15,83.222,82.881,82.766,83.02785714285714,82.451,656.5,652.0,592.0,660.0714285714286,626.95,585.5,576.5,501.0,587.2857142857143,550.3333333333334,106.5,106.5,93.5,106.5,99.13333333333334,8,3,1,0,0,100.0
2023-08-18,1237.0,real,1598.0,real,1542.0,real,879.0,real,469.0,real,0.04104817843595213,0.8841197179905376,0.225966303270565,37.014857900418654,106.1,real,1466.0,real,106.5,forward_filled_monthly,83.167,real,654.5,583.0,real,35.38556791157814,46.4803424824559,42.208914740251195,1247.0,1144.0,1009.0,1183.4285714285713,1099.6,1665.0,1752.0,1522.0,1628.142857142857,1659.5666666666666,1522.0,1233.0,984.0,1422.2857142857142,1128.2666666666667,859.0,696.0,724.0,785.8571428571429,740.8,459.0,393.0,424.0,433.85714285714283,408.56666666666666,105.64,104.7,110.54,105.13571428571429,108.81933333333333,1449.5,1450.0,1617.0,1453.5,1481.1166666666666,83.14,82.872,82.615,83.07000000000001,82.4694,653.0,657.0,591.5,659.7142857142857,629.05,582.5,584.5,502.5,587.0714285714286,553.0166666666667,106.5,106.5,93.5,106.5,99.56666666666666,8,4,1,0,0,101.0
2023-08-21,1223.0,real,1538.0,real,1541.0,real,900.0,real,477.0,real,0.04021324335138537,0.8864767656536916,0.1943359375,35.61305789680481,106.48,real,1472.0,real,106.5,forward_filled_monthly,83.095,real,657.5,588.5,real,36.76284500507088,46.18446365188176,41.36783473808289,1237.0,1137.0,1024.0,1195.7142857142858,1106.2333333333333,1598.0,1674.0,1555.0,1608.7142857142858,1659.0,1542.0,1292.0,996.0,1457.857142857143,1146.4333333333334,879.0,706.0,724.0,813.5714285714286,746.6666666666666,469.0,401.0,422.0,444.7142857142857,410.4,106.1,104.6,109.21,105.4042857142857,108.72833333333332,1466.0,1499.0,1617.0,1449.642857142857,1476.2833333333333,83.167,82.644,82.525,83.13442857142857,82.4884,654.5,667.5,597.5,658.2857142857143,631.05,583.0,592.0,510.0,586.5714285714286,555.6333333333333,106.5,106.5,93.5,106.5,100.0,8,0,1,0,0,104.0
2023-08-22,1194.0,real,1461.0,real,1516.0,real,909.0,real,484.0,real,0.040383509305250434,0.8859960995802559,0.15697674418604657,33.95736672641545,106.77,real,1495.5,real,106.5,forward_filled_monthly,83.045,real,649.0,585.0,real,37.67949313935459,45.57157178854959,40.37442003584927,1223.0,1129.0,1032.0,1205.0,1111.6333333333334,1538.0,1592.0,1550.0,1590.0,1656.0333333333333,1541.0,1337.0,1027.0,1483.4285714285713,1162.7333333333333,900.0,728.0,728.0,839.4285714285714,752.7,477.0,411.0,418.0,455.14285714285717,412.6,106.48,105.37,109.34,105.60428571428572,108.64266666666667,1472.0,1450.0,1617.0,1456.142857142857,1472.2333333333333,83.095,82.898,82.395,83.15542857142857,82.51006666666667,657.5,662.5,594.0,656.3571428571429,632.8833333333333,588.5,591.5,513.0,585.6428571428571,558.0333333333333,106.5,106.5,93.5,106.5,100.43333333333334,8,1,1,0,0,105.0
2023-08-23,1151.0,real,1364.0,real,1474.0,real,910.0,real,491.0,real,0.045456431481668426,0.8716750827942711,0.05790441176470584,29.566662017097535,107.47,real,1541.0,real,106.5,forward_filled_monthly,82.522,real,645.5,579.5,real,38.85325221857734,44.66280109464329,37.73999721025852,1194.0,1135.0,1088.0,1207.2857142857142,1113.7333333333333,1461.0,1570.0,1665.0,1560.5714285714287,1646.0,1516.0,1365.0,1086.0,1499.0,1175.6666666666667,909.0,745.0,734.0,863.0,758.5666666666667,484.0,420.0,414.0,465.2857142857143,415.1666666666667,106.77,104.63,110.61,106.00999999999999,108.538,1495.5,1379.5,1617.0,1479.2142857142858,1469.7,83.045,83.18,81.985,83.06142857142856,82.52796666666667,649.0,662.5,600.0,653.9285714285714,634.4,585.0,589.5,515.0,584.2142857142857,560.1833333333333,106.5,106.5,93.5,106.5,100.86666666666666,8,2,1,0,0,106.0
2023-08-24,1110.0,real,1259.0,real,1456.0,real,906.0,real,500.0,real,0.046867962469831,0.8676902869956319,0.006346328195829587,27.281701980358676,107.82,real,1554.0,real,106.5,forward_filled_monthly,82.59,real,645.5,571.5,real,39.31017353502358,43.79629880510472,36.36902118821521,1151.0,1166.0,1103.0,1199.2857142857142,1113.9666666666667,1364.0,1597.0,1691.0,1512.2857142857142,1631.6,1474.0,1412.0,1101.0,1505.2857142857142,1187.5,910.0,772.0,743.0,882.1428571428571,764.0,491.0,433.0,411.0,474.85714285714283,418.1333333333333,107.47,104.8,110.95,106.44142857142857,108.43366666666665,1541.0,1467.5,1617.0,1491.5714285714287,1467.6,82.522,83.239,82.05,82.9687142857143,82.54596666666667,645.5,661.5,601.0,651.6428571428571,635.8833333333333,579.5,585.5,518.5,582.2142857142857,561.95,106.5,106.5,93.5,106.5,101.3,8,3,1,0,0,107.0
2023-08-25,1080.0,real,1174.0,real,1449.0,real,908.0,real,507.0,real,0.019879622891324403,0.9438792074419854,-0.00917431192660545,26.593855575497766,108.21,real,1543.0,real,106.5,forward_filled_monthly,82.665,real,651.0,571.0,real,38.24742724463944,43.162272739588694,35.95631334529866,1110.0,1233.0,1090.0,1177.4285714285713,1113.6333333333334,1259.0,1701.0,1655.0,1437.0,1615.5666666666666,1456.0,1486.0,1095.0,1500.0,1199.3,906.0,812.0,743.0,895.8571428571429,769.5,500.0,444.0,409.0,483.85714285714283,421.4,107.82,104.81,112.38,106.92714285714284,108.29466666666667,1554.0,1463.0,1617.0,1503.0,1465.1333333333334,82.59,83.222,82.077,82.88914285714286,82.56556666666667,645.5,656.5,602.5,650.8571428571429,637.5,571.5,585.5,520.5,580.1428571428571,563.6333333333333,106.5,106.5,93.5,106.5,101.73333333333333,8,4,1,0,0,108.0
2023-08-28,1080.0,forward_filled,1174.0,forward_filled,1449.0,forward_filled,908.0,forward_filled,507.0,forward_filled,0.025934448335251926,0.926786247249972,0.006523765144454741,27.289565661639763,108.31,real,1548.5,real,106.5,forward_filled_monthly,82.628,real,654.5,574.0,real,42.79370201569647,43.162272739588694,36.37373939698386,1080.0,1247.0,1073.0,1153.5714285714287,1113.8666666666666,1174.0,1665.0,1614.0,1366.857142857143,1600.9,1449.0,1522.0,1084.0,1489.5714285714287,1211.4666666666667,908.0,859.0,743.0,902.8571428571429,775.0,507.0,459.0,406.0,490.7142857142857,424.76666666666665,108.21,105.64,111.81,107.30857142857143,108.17800000000001,1543.0,1449.5,1505.5,1517.142857142857,1466.5666666666666,82.665,83.14,82.05,82.816,82.58483333333334,651.0,653.0,596.5,651.0714285714286,639.4333333333333,571.0,582.5,518.5,578.9285714285714,565.4833333333333,106.5,106.5,93.5,106.5,102.16666666666667,8,0,1,0,0,111.0
2023-08-29,1107.0,real,1205.0,real,1498.0,real,918.0,real,514.0,real,0.03857709663200578,0.8910956586344457,0.06750241080038566,29.99202779315259,108.65,real,1520.0,real,106.5,forward_filled_monthly,82.601,real,657.0,573.0,real,41.08639054565908,43.73289619855312,37.995216675891555,1080.0,1237.0,1037.0,1135.0,1116.2,1174.0,1598.0,1529.0,1310.7142857142858,1590.1,1449.0,1542.0,1052.0,1483.2857142857142,1226.3333333333333,908.0,879.0,746.0,908.4285714285714,780.7333333333333,507.0,469.0,406.0,497.14285714285717,428.3666666666667,108.31,106.1,112.17,107.67285714285713,108.06066666666668,1548.5,1466.0,1523.5,1524.857142857143,1466.45,82.628,83.167,82.065,82.73514285714286,82.6027,654.5,654.5,592.5,651.4285714285714,641.5833333333334,574.0,583.0,515.5,577.5,567.4,106.5,106.5,93.5,106.5,102.6,8,1,1,0,0,112.0
2023-08-30,1094.0,real,1123.0,real,1521.0,real,942.0,real,524.0,real,0.04009555733979267,0.8868089969178197,0.08964143426294813,30.97318885195728,108.99,real,1504.0,real,106.5,forward_filled_monthly,82.616,real,654.0,570.0,real,39.46059674253921,43.45815157016284,38.58391331117437,1107.0,1223.0,1004.0,1116.5714285714287,1119.2,1205.0,1538.0,1468.0,1251.4285714285713,1578.6,1498.0,1541.0,993.0,1480.4285714285713,1243.9333333333334,918.0,900.0,754.0,914.4285714285714,787.0,514.0,477.0,404.0,503.85714285714283,432.3666666666667,108.65,106.48,112.08,108.03142857142858,107.95766666666667,1520.0,1472.0,1562.0,1529.4285714285713,1464.5166666666667,82.601,83.095,82.055,82.66671428571429,82.6214,657.0,657.5,595.5,650.9285714285714,643.5333333333333,573.0,588.5,522.5,574.8571428571429,568.9833333333333,106.5,106.5,93.5,106.5,103.03333333333333,8,2,1,0,0,113.0
2023-08-31,1086.0,real,1094.0,real,1503.0,real,962.0,real,534.0,real,0.04045189744267299,0.8858030377452956,0.11156601842374614,31.944846352814878,109.4,real,1515.0,real,106.5,forward_filled_monthly,82.71,real,654.5,573.0,real,38.415566244241596,43.2890779526919,39.16690781168893,1094.0,1194.0,977.0,1101.142857142857,1122.8333333333333,1123.0,1461.0,1421.0,1199.0,1567.7,1521.0,1516.0,945.0,1478.5714285714287,1262.5333333333333,942.0,909.0,757.0,922.0,793.8333333333334,524.0,484.0,403.0,511.0,436.73333333333335,108.99,106.77,112.43,108.40714285714286,107.85666666666665,1504.0,1495.5,1606.5,1532.2142857142858,1461.4666666666667,82.616,83.045,82.08,82.61885714285714,82.6424,654.0,649.0,595.0,651.7142857142857,645.5166666666667,570.0,585.0,525.0,573.1428571428571,570.5833333333334,106.5,106.5,93.5,106.5,103.46666666666667,8,3,1,0,0,114.0
2023-09-01,1065.0,real,1032.0,real,1478.0,real,980.0,real,541.0,real,0.039542097991489444,0.8883714298394709,0.08895705521472386,30.94285842330423,118.19,real,1582.5,real,101.0,real,82.697,real,662.0,577.0,real,50.429239796686566,34.38372124529222,38.56571505398254,1086.0,1151.0,978.0,1088.857142857143,1125.7333333333333,1094.0,1364.0,1442.0,1151.5714285714287,1554.0333333333333,1503.0,1474.0,924.0,1479.142857142857,1281.0,962.0,910.0,758.0,932.0,801.2333333333333,534.0,491.0,400.0,518.1428571428571,441.43333333333334,109.4,107.47,112.47,109.93857142857144,108.04733333333334,1515.0,1541.0,1504.5,1538.142857142857,1464.0666666666666,82.71,82.522,81.99,82.64385714285713,82.66596666666668,654.5,645.5,598.5,654.0714285714286,647.6333333333333,573.0,579.5,528.5,572.7857142857143,572.2,106.5,106.5,93.5,105.71428571428571,103.71666666666667,9,4,1,0,0,115.0
2023-09-04,1083.0,real,1072.0,real,1478.0,real,995.0,real,548.0,real,0.044586194790078006,0.8741317879899432,0.11995863495346426,32.31679177915063,118.19,forward_filled,1614.5,real,101.0,forward_filled_monthly,82.724,real,664.0,578.0,real,53.56465683966138,34.76413688460184,39.39007506749038,1065.0,1110.0,967.0,1085.0,1129.6,1032.0,1259.0,1422.0,1124.857142857143,1542.3666666666666,1478.0,1456.0,910.0,1482.2857142857142,1299.9333333333334,980.0,906.0,757.0,944.7142857142857,809.1666666666666,541.0,500.0,400.0,525.0,446.3666666666667,118.19,107.82,112.51,111.41999999999999,108.23666666666666,1582.5,1554.0,1455.5,1546.7857142857142,1469.3666666666666,82.697,82.59,81.795,82.66300000000001,82.69693333333333,662.0,645.5,607.5,656.7142857142857,649.5166666666667,577.0,571.5,535.0,573.7142857142857,573.6333333333333,101.0,106.5,93.5,104.92857142857143,103.96666666666667,9,0,1,0,0,118.0
2023-09-05,1063.0,real,997.0,real,1481.0,real,1008.0,real,557.0,real,0.045011837849010056,0.8729301844210692,0.10498960498960508,31.65339172840063,117.13,real,1704.0,real,101.0,forward_filled_monthly,83.042,real,661.0,578.0,real,56.500409622299465,34.34145284092448,38.99203503704038,1083.0,1080.0,962.0,1082.5714285714287,1132.9666666666667,1072.0,1174.0,1424.0,1099.5714285714287,1528.1333333333334,1478.0,1449.0,895.0,1486.857142857143,1319.4666666666667,995.0,908.0,753.0,959.0,817.6666666666666,548.0,507.0,400.0,532.1428571428571,451.6,118.19,108.21,112.72,112.69428571428571,108.38366666666667,1614.5,1543.0,1446.0,1569.7857142857142,1477.9666666666667,82.724,82.665,81.855,82.71685714285715,82.7365,664.0,651.0,614.5,658.1428571428571,651.0666666666667,578.0,571.0,535.5,574.7142857142857,575.05,101.0,106.5,93.5,104.14285714285714,104.21666666666667,9,1,1,0,0,119.0
2023-09-06,1081.0,real,1034.0,real,1466.0,real,1036.0,real,564.0,real,0.049973395252488576,0.8589235538462601,0.013120899718837897,27.58193860911979,118.97,real,1555.0,real,101.0,forward_filled_monthly,83.225,real,662.0,586.0,real,50.16937201984584,34.7218684802341,36.549163165471874,1063.0,1080.0,1067.0,1082.7142857142858,1133.4333333333334,997.0,1174.0,1734.0,1079.5714285714287,1504.8,1481.0,1449.0,916.0,1489.2857142857142,1337.8,1008.0,908.0,742.0,977.2857142857143,827.4666666666667,557.0,507.0,399.0,540.2857142857143,457.1,117.13,108.31,112.89,114.21714285714286,108.58633333333333,1704.0,1548.5,1491.0,1570.7142857142858,1480.1,83.042,82.628,81.955,82.80214285714285,82.77883333333334,661.0,654.5,617.5,659.2142857142857,652.55,578.0,574.0,538.5,576.4285714285714,576.6333333333333,101.0,106.5,93.5,103.35714285714286,104.46666666666667,9,2,1,0,0,120.0
2023-09-07,1141.0,real,1189.0,real,1473.0,real,1056.0,real,567.0,real,0.08036460271946927,0.7731282317133471,0.040109389243391025,28.77801914095662,117.4,real,1676.5,real,101.0,forward_filled_monthly,83.155,real,668.5,590.0,real,54.29454475761574,35.98992061126615,37.26681148457397,1081.0,1107.0,1097.0,1087.5714285714287,1134.9,1034.0,1205.0,1801.0,1077.2857142857142,1484.4,1466.0,1498.0,955.0,1485.7142857142858,1355.0666666666666,1036.0,918.0,733.0,997.0,838.2333333333333,564.0,514.0,397.0,547.8571428571429,462.76666666666665,118.97,108.65,112.9,115.46714285714286,108.73633333333333,1555.0,1520.0,1474.0,1593.0714285714287,1486.85,83.225,82.601,82.155,82.88128571428571,82.81216666666666,662.0,657.0,622.5,660.8571428571429,654.0833333333334,586.0,573.0,544.5,578.8571428571429,578.15,101.0,106.5,93.5,102.57142857142857,104.71666666666667,9,3,1,0,0,121.0
2023-09-08,1186.0,real,1289.0,real,1489.0,real,1079.0,real,572.0,real,0.07922268937893429,0.7763518885228211,0.06846846846846844,30.034841703444766,116.9,real,1676.5,real,101.0,forward_filled_monthly,83.032,real,667.0,592.5,real,54.745999855336095,36.940959709540195,38.020905022066856,1141.0,1094.0,1110.0,1100.7142857142858,1137.4333333333334,1189.0,1123.0,1830.0,1101.0,1466.3666666666666,1473.0,1521.0,975.0,1481.142857142857,1372.2,1056.0,942.0,726.0,1016.5714285714286,850.0,567.0,524.0,396.0,554.7142857142857,468.6333333333333,117.4,108.99,112.69,116.59714285714287,108.87666666666668,1676.5,1504.0,1459.0,1617.7142857142858,1494.1,83.155,82.616,82.253,82.9407142857143,82.83813333333335,668.5,654.0,629.0,662.7142857142857,655.35,590.0,570.0,551.5,582.0714285714286,579.5166666666667,101.0,106.5,93.5,101.78571428571429,104.96666666666667,9,4,1,0,0,122.0
2023-09-11,1209.0,real,1324.0,real,1508.0,real,1099.0,real,575.0,real,0.07631531734666741,0.7845594900253139,0.07275953859804796,30.225014089271223,118.23,real,1651.0,real,101.0,forward_filled_monthly,82.91,real,668.5,591.0,real,58.76840262146325,37.42704635976914,38.13500845356273,1186.0,1086.0,1127.0,1118.2857142857142,1140.1666666666667,1289.0,1094.0,1873.0,1133.857142857143,1448.0666666666666,1489.0,1503.0,996.0,1481.857142857143,1389.2666666666667,1079.0,962.0,719.0,1036.142857142857,862.6666666666666,572.0,534.0,394.0,560.5714285714286,474.6666666666667,116.9,109.4,112.46,117.85857142857142,109.069,1676.5,1515.0,1373.0,1637.142857142857,1503.3666666666666,83.032,82.71,82.245,82.9692857142857,82.8603,667.0,654.5,633.5,664.7142857142857,656.5166666666667,592.5,573.0,562.0,584.6428571428571,580.4833333333333,101.0,106.5,93.5,101.0,105.21666666666667,9,0,1,0,0,125.0
2023-09-12,1235.0,real,1330.0,real,1575.0,real,1118.0,real,585.0,real,0.0677477747367559,0.8087459287807807,0.07391304347826089,30.27613531742837,120.33,real,1660.5,real,101.0,forward_filled_monthly,82.86,real,671.0,589.5,real,68.48789320347606,37.9765356165497,38.16568119045702,1209.0,1065.0,1150.0,1142.5714285714287,1143.0,1324.0,1032.0,1920.0,1176.4285714285713,1428.4,1508.0,1478.0,1034.0,1495.7142857142858,1407.3,1099.0,980.0,709.0,1055.857142857143,876.3,575.0,541.0,394.0,566.8571428571429,481.03333333333336,118.23,118.19,108.32,118.16428571428571,109.46933333333332,1651.0,1582.5,1282.0,1648.2857142857142,1515.9833333333333,82.91,82.697,82.345,82.99257142857142,82.87746666666666,668.5,662.0,640.5,666.0,657.5333333333333,591.0,577.0,562.5,586.4285714285714,581.3833333333333,101.0,101.0,106.5,101.0,105.03333333333333,9,1,1,0,0,126.0
2023-09-13,1290.0,real,1416.0,real,1623.0,real,1156.0,real,602.0,real,0.0684489364622703,0.8067665274630431,0.14870881567230643,33.59094724506928,120.53,real,1613.0,real,101.0,forward_filled_monthly,82.941,real,675.0,597.0,real,64.14154568857067,39.13891673666242,40.15456834704157,1235.0,1083.0,1123.0,1172.142857142857,1148.5666666666666,1330.0,1072.0,1808.0,1225.5714285714287,1415.3333333333333,1575.0,1478.0,1082.0,1516.4285714285713,1425.3333333333333,1118.0,995.0,700.0,1078.857142857143,891.5,585.0,548.0,392.0,574.5714285714286,488.03333333333336,120.33,118.19,107.41,118.49857142857142,109.90666666666667,1660.5,1614.5,1343.5,1648.0714285714287,1524.9666666666667,82.86,82.724,82.735,83.02357142857143,82.88433333333333,671.0,664.0,647.5,667.5714285714286,658.45,589.5,578.0,574.5,589.1428571428571,582.1333333333333,101.0,101.0,106.5,101.0,104.85,9,2,1,0,0,127.0
2023-09-14,1340.0,real,1512.0,real,1642.0,real,1196.0,real,624.0,real,0.04724478658898972,0.8666265008092554,0.1879432624113475,35.32974622006427,120.56,real,1601.0,real,101.0,forward_filled_monthly,83.03,real,681.0,600.0,real,63.68618644163657,40.1956268458558,41.19784773203857,1290.0,1063.0,1128.0,1211.7142857142858,1155.6333333333334,1416.0,997.0,1803.0,1299.142857142857,1405.6333333333334,1623.0,1481.0,1112.0,1539.4285714285713,1443.0,1156.0,1008.0,695.0,1105.7142857142858,908.2,602.0,557.0,391.0,584.1428571428571,495.8,120.53,117.13,104.26,118.98857142857143,110.45,1613.0,1704.0,1399.0,1633.357142857143,1531.7,82.941,83.042,82.755,83.02185714285714,82.89349999999999,675.0,661.0,647.0,670.4285714285714,659.5833333333334,597.0,578.0,571.5,592.2857142857143,583.0833333333334,101.0,101.0,106.5,101.0,104.66666666666667,9,3,1,0,0,128.0
2023-09-15,1381.0,real,1602.0,real,1656.0,real,1221.0,real,634.0,real,0.04600591547328196,0.8701238724279643,0.215669014084507,36.558500862914464,121.29,real,1744.0,real,101.0,forward_filled_monthly,83.086,real,687.0,603.5,real,69.07604044845479,41.062129135394365,41.93510051774868,1340.0,1081.0,1136.0,1254.5714285714287,1163.8,1512.0,1034.0,1818.0,1380.2857142857142,1398.4333333333334,1642.0,1466.0,1133.0,1566.5714285714287,1460.4333333333334,1196.0,1036.0,688.0,1132.142857142857,925.9666666666667,624.0,564.0,390.0,594.1428571428571,503.93333333333334,120.56,118.97,105.18,119.32000000000001,110.98700000000001,1601.0,1555.0,1399.0,1660.357142857143,1543.2,83.03,83.225,82.696,83.002,82.9065,681.0,662.0,654.5,674.0,660.6666666666666,600.0,586.0,578.0,594.7857142857143,583.9333333333333,101.0,101.0,106.5,101.0,104.48333333333333,9,4,1,0,0,129.0
2023-09-18,1439.0,real,1749.0,real,1666.0,real,1240.0,real,645.0,real,0.031006159644052386,0.9124686487808612,0.25676855895196504,38.37995757832637,122.2,real,1787.5,real,101.0,forward_filled_monthly,83.298,real,685.0,601.0,real,69.36751792294874,42.28791286205868,43.02797454699582,1381.0,1141.0,1145.0,1297.142857142857,1173.6,1602.0,1189.0,1832.0,1460.2857142857142,1395.6666666666667,1656.0,1473.0,1153.0,1594.142857142857,1477.5333333333333,1221.0,1056.0,686.0,1158.4285714285713,944.4333333333333,634.0,567.0,389.0,605.2857142857143,512.4666666666667,121.29,117.4,104.73,120.00571428571429,111.56933333333333,1744.0,1676.5,1450.0,1676.2142857142858,1554.45,83.086,83.155,82.778,83.02242857142858,82.92383333333333,687.0,668.5,657.5,676.3571428571429,661.5833333333334,603.5,590.0,579.5,596.3571428571429,584.65,101.0,101.0,106.5,101.0,104.3,9,0,1,0,0,132.0
2023-09-19,1526.0,real,1942.0,real,1693.0,real,1286.0,real,652.0,real,0.0360031504474171,0.8983619886181917,0.3362521891418564,41.902526804861154,122.16,real,1823.0,real,101.0,forward_filled_monthly,83.315,real,682.0,592.0,real,70.96412212239404,44.12658845205516,45.141516082916695,1439.0,1186.0,1142.0,1345.7142857142858,1186.4,1749.0,1289.0,1783.0,1553.5714285714287,1400.9666666666667,1666.0,1489.0,1195.0,1623.2857142857142,1494.1333333333334,1240.0,1079.0,689.0,1188.0,964.3333333333334,645.0,572.0,392.0,616.7142857142857,521.1333333333333,122.2,116.9,104.41,120.75714285714287,112.161,1787.5,1676.5,1450.0,1697.142857142857,1566.8833333333334,83.298,83.032,82.881,83.06285714285714,82.9383,685.0,667.0,652.0,678.5,662.5833333333334,601.0,592.5,576.5,596.2857142857143,585.1666666666666,101.0,101.0,106.5,101.0,104.11666666666666,9,1,1,0,0,133.0
2023-09-20,1584.0,real,2067.0,real,1707.0,real,1324.0,real,662.0,real,0.03280813855733031,0.9073816063686976,0.3846153846153846,44.04589524015946,121.83,real,1820.0,real,101.0,forward_filled_monthly,82.925,real,681.5,591.0,real,70.35584368588925,45.35237217871948,46.42753714409567,1526.0,1209.0,1144.0,1399.2857142857142,1201.0666666666666,1942.0,1324.0,1752.0,1659.7142857142858,1411.4666666666667,1693.0,1508.0,1233.0,1651.7142857142858,1509.9333333333334,1286.0,1099.0,696.0,1220.142857142857,985.2666666666667,652.0,575.0,393.0,629.1428571428571,530.1,122.16,118.23,104.7,121.27142857142859,112.732,1823.0,1651.0,1450.0,1721.2857142857142,1579.2166666666667,83.315,82.91,82.872,83.06500000000001,82.94006666666665,682.0,668.5,657.0,680.3571428571429,663.4,592.0,591.0,584.5,596.2857142857143,585.3833333333333,101.0,101.0,106.5,101.0,103.93333333333334,9,2,1,0,0,134.0
2023-09-21,1569.0,real,2007.0,real,1696.0,real,1350.0,real,669.0,real,0.0438914056838003,0.8760931992057462,0.3799472295514512,43.839011139199066,121.69,real,1793.5,real,101.0,forward_filled_monthly,83.127,real,677.5,589.0,real,67.10175278740398,45.03535914596147,46.30340668351944,1584.0,1235.0,1137.0,1447.0,1215.4666666666667,2067.0,1330.0,1674.0,1756.4285714285713,1422.5666666666666,1707.0,1575.0,1292.0,1669.0,1523.4,1324.0,1118.0,706.0,1253.2857142857142,1006.7333333333333,662.0,585.0,401.0,641.1428571428571,539.0333333333333,121.83,120.33,104.6,121.46571428571428,113.30166666666666,1820.0,1660.5,1499.0,1740.2857142857142,1589.0333333333333,82.925,82.86,82.644,83.10314285714286,82.95616666666668,681.5,671.0,667.5,681.2857142857143,663.7333333333333,591.0,589.5,592.0,596.2142857142857,585.2833333333333,101.0,101.0,106.5,101.0,103.75,9,3,1,0,0,135.0
2023-09-22,1593.0,real,2083.0,real,1685.0,real,1355.0,real,670.0,real,0.04471480477777051,0.8737687180021654,0.4109831709477414,45.214467340909046,121.33,real,1763.0,real,101.0,forward_filled_monthly,82.975,real,677.5,590.5,real,67.24976808757853,45.542579998374286,47.12868040454543,1569.0,1290.0,1129.0,1490.2857142857142,1230.9333333333334,2007.0,1416.0,1592.0,1851.7142857142858,1438.9333333333334,1696.0,1623.0,1337.0,1677.857142857143,1535.0,1350.0,1156.0,728.0,1281.7142857142858,1027.6333333333334,669.0,602.0,411.0,650.8571428571429,547.6666666666666,121.69,120.53,105.37,121.58000000000001,113.83366666666667,1793.5,1613.0,1450.0,1761.7142857142858,1599.4666666666667,83.127,82.941,82.898,83.10799999999999,82.95873333333334,677.5,675.0,662.5,681.6428571428571,664.2333333333333,589.0,597.0,591.5,595.2857142857143,585.25,101.0,101.0,106.5,101.0,103.56666666666666,9,4,1,0,0,136.0
2023-09-25,1614.0,real,2148.0,real,1685.0,real,1354.0,real,678.0,real,0.04544600038422169,0.8717045301061824,0.42202643171806176,45.7038844756976,121.18,real,1740.5,real,101.0,forward_filled_monthly,83.135,real,674.5,590.0,real,70.29500976946582,45.98639824423551,47.42233068541856,1593.0,1340.0,1135.0,1529.4285714285713,1246.9,2083.0,1512.0,1570.0,1942.5714285714287,1458.2,1685.0,1642.0,1365.0,1684.0,1545.6666666666667,1355.0,1196.0,745.0,1304.2857142857142,1047.9333333333334,670.0,624.0,420.0,658.5714285714286,556.2666666666667,121.33,120.56,104.63,121.66857142857143,114.38533333333334,1763.0,1601.0,1379.5,1781.642857142857,1611.5,82.975,83.03,83.18,83.123,82.95723333333333,677.5,681.0,662.5,680.7142857142857,664.6333333333333,590.5,600.0,589.5,593.8571428571429,585.2666666666667,101.0,101.0,106.5,101.0,103.38333333333334,9,0,1,0,0,139.0
2023-09-26,1694.0,real,2394.0,real,1694.0,real,1339.0,real,681.0,real,0.051284384202968145,0.8552225913411906,0.4528301886792452,47.06905068758158,120.93,real,1706.0,real,101.0,forward_filled_monthly,83.255,real,672.5,585.5,real,64.49815262037148,47.67713441894491,48.24143041254895,1614.0,1381.0,1166.0,1574.142857142857,1264.5,2148.0,1602.0,1597.0,2055.714285714286,1484.7666666666667,1685.0,1656.0,1412.0,1689.4285714285713,1555.0666666666666,1354.0,1221.0,772.0,1321.142857142857,1066.8333333333333,678.0,634.0,433.0,665.2857142857143,564.5333333333333,121.18,121.29,104.8,121.61714285714287,114.923,1740.5,1744.0,1467.5,1776.2142857142858,1619.45,83.135,83.086,83.239,83.14714285714285,82.95776666666667,674.5,687.0,661.5,678.6428571428571,665.0,590.0,603.5,585.5,591.2857142857143,585.2666666666667,101.0,101.0,106.5,101.0,103.2,9,1,1,0,0,140.0
2023-09-27,1752.0,real,2576.0,real,1711.0,real,1318.0,real,681.0,real,0.049996473313623606,0.858858403763249,0.4209245742092458,45.65505216465055,120.84,real,1709.0,real,101.0,forward_filled_monthly,83.209,real,682.5,595.0,real,64.7334388143836,48.902918145609235,47.393031298790326,1694.0,1439.0,1233.0,1618.857142857143,1281.8,2394.0,1749.0,1701.0,2173.8571428571427,1513.9333333333334,1694.0,1666.0,1486.0,1695.857142857143,1562.5666666666666,1339.0,1240.0,812.0,1332.2857142857142,1083.7,681.0,645.0,444.0,670.4285714285714,572.4333333333333,120.93,122.2,104.81,121.42285714285715,115.45733333333332,1706.0,1787.5,1463.0,1765.0,1627.65,83.255,83.298,83.222,83.13442857142857,82.95733333333332,672.5,685.0,656.5,678.2857142857143,665.8666666666667,585.5,601.0,585.5,590.4285714285714,585.5833333333334,101.0,101.0,106.5,101.0,103.01666666666667,9,2,1,0,0,141.0
2023-09-28,1716.0,real,2493.0,real,1709.0,real,1294.0,real,680.0,real,0.05395269505166096,0.8476898669812561,0.3761026463512429,43.66862623808733,120.84,real,1745.0,real,101.0,forward_filled_monthly,83.165,real,689.0,601.5,real,66.0021499969468,48.14208686699,46.2011757428524,1752.0,1526.0,1247.0,1646.0,1297.4333333333334,2576.0,1942.0,1665.0,2252.5714285714284,1541.5333333333333,1711.0,1693.0,1522.0,1698.142857142857,1568.8,1318.0,1286.0,859.0,1333.4285714285713,1098.2,681.0,652.0,459.0,674.4285714285714,579.8,120.84,122.16,105.64,121.23428571428572,115.964,1709.0,1823.0,1449.5,1753.857142857143,1637.5,83.209,83.315,83.14,83.11299999999999,82.95816666666666,682.5,682.0,653.0,679.2857142857143,667.0666666666667,595.0,592.0,582.5,591.7857142857143,586.2166666666667,101.0,101.0,106.5,101.0,102.83333333333333,9,3,1,0,0,142.0
2023-09-29,1701.0,real,2474.0,real,1701.0,real,1276.0,real,679.0,real,0.05483928363692397,0.8451869998821241,0.3751010509296686,43.62423735950885,120.79,real,1745.0,forward_filled,101.0,forward_filled_monthly,83.035,real,684.5,592.5,real,64.83530451887931,47.82507383423199,46.17454241570531,1716.0,1584.0,1237.0,1662.7142857142858,1312.9,2493.0,2067.0,1598.0,2310.714285714286,1570.7333333333333,1709.0,1707.0,1542.0,1697.2857142857142,1574.1,1294.0,1324.0,879.0,1326.5714285714287,1111.4333333333334,680.0,662.0,469.0,676.8571428571429,586.8,120.84,121.83,106.1,121.08571428571429,116.45366666666668,1745.0,1820.0,1466.0,1743.142857142857,1646.8,83.165,82.925,83.167,83.1287142857143,82.95376666666668,689.0,681.5,654.5,679.7142857142857,668.0666666666667,601.5,591.0,583.0,592.0,586.5333333333333,101.0,101.0,106.5,101.0,102.65,9,4,1,0,0,143.0
2023-10-01,1701.0,forward_filled,2474.0,forward_filled,1701.0,forward_filled,1276.0,forward_filled,679.0,forward_filled,0.05082501775202746,0.8565193970926017,0.3908421913327882,44.32185593382561,120.79,forward_filled,1745.0,forward_filled,99.5,real,83.035,forward_filled,684.5,592.5,forward_filled,64.25371696795507,45.51738152653969,46.593113560295365,1701.0,1569.0,1223.0,1681.5714285714287,1328.8333333333333,2474.0,2007.0,1538.0,2377.4285714285716,1601.9333333333334,1701.0,1696.0,1541.0,1698.0,1579.4333333333334,1276.0,1350.0,900.0,1316.0,1123.9666666666667,679.0,669.0,477.0,678.2857142857143,593.5333333333333,120.79,121.69,106.48,120.95714285714287,116.93066666666667,1745.0,1793.5,1472.0,1736.2142857142858,1655.9,83.035,83.127,83.095,83.11557142857143,82.95176666666666,684.5,677.5,657.5,680.7142857142857,668.9666666666667,592.5,589.0,588.5,592.5,586.6666666666666,101.0,101.0,106.5,100.78571428571429,102.41666666666667,10,6,0,1,0,145.0
2023-10-02,1737.0,real,2610.0,real,1684.0,real,1263.0,real,677.0,real,0.05159328137824789,0.8543505650260839,0.4547738693467336,47.155191062513474,120.14,real,1745.0,forward_filled,99.5,forward_filled_monthly,83.187,real,683.0,583.5,real,62.51787161262994,46.27821280515892,48.29311463750808,1701.0,1593.0,1194.0,1702.142857142857,1346.9333333333334,2474.0,2083.0,1461.0,2452.714285714286,1640.2333333333333,1701.0,1685.0,1516.0,1697.857142857143,1585.0333333333333,1276.0,1355.0,909.0,1302.857142857143,1135.7666666666667,679.0,670.0,484.0,679.2857142857143,599.9666666666667,120.79,121.33,106.77,120.78714285714285,117.37633333333333,1745.0,1763.0,1495.5,1733.642857142857,1664.2166666666667,83.035,82.975,83.045,83.14585714285714,82.95649999999999,684.5,677.5,649.0,681.5,670.1,592.5,590.5,585.0,591.5,586.6166666666667,99.5,101.0,106.5,100.57142857142857,102.18333333333334,10,0,0,1,0,146.0
2023-10-03,1780.0,real,2773.0,real,1656.0,real,1250.0,real,674.0,real,0.05266782075571171,0.8513171070058927,0.5464813205907906,51.21949769803676,118.44,real,1745.0,forward_filled,99.5,forward_filled_monthly,83.222,real,679.0,571.0,real,58.82894260060647,47.18698349906522,50.73169861882206,1737.0,1614.0,1151.0,1725.857142857143,1367.9,2610.0,2148.0,1364.0,2542.0,1687.2,1684.0,1685.0,1474.0,1693.7142857142858,1591.1,1263.0,1354.0,910.0,1288.0,1147.1,677.0,678.0,491.0,678.7142857142857,606.0666666666667,120.14,121.18,107.47,120.3957142857143,117.742,1745.0,1740.5,1541.0,1734.2857142857142,1671.0166666666667,83.187,83.135,82.522,83.15828571428571,82.97983333333333,683.0,674.5,645.5,682.1428571428571,671.2166666666667,583.5,590.0,579.5,588.7857142857143,586.3333333333334,99.5,101.0,106.5,100.35714285714286,101.95,10,1,0,1,0,147.0
2023-10-04,1778.0,real,2801.0,real,1625.0,real,1244.0,real,673.0,real,0.040970605169297104,0.884338709730461,0.6018018018018019,53.671200322155045,118.03,real,1745.0,forward_filled,99.5,forward_filled_monthly,83.255,real,672.0,564.0,real,57.736126827340904,47.14471509469749,52.202720193293025,1780.0,1694.0,1110.0,1737.857142857143,1390.1666666666667,2773.0,2394.0,1259.0,2600.1428571428573,1738.6,1656.0,1694.0,1456.0,1683.857142857143,1596.7333333333333,1250.0,1339.0,906.0,1274.4285714285713,1158.3666666666666,674.0,681.0,500.0,677.5714285714286,611.8333333333334,118.44,120.93,107.82,119.98142857142857,118.08233333333334,1745.0,1706.0,1554.0,1739.857142857143,1677.3833333333334,83.222,83.255,82.59,83.15828571428571,83.002,679.0,672.5,645.5,682.0714285714286,672.1,571.0,585.5,571.5,585.7142857142857,586.0833333333334,99.5,101.0,106.5,100.14285714285714,101.71666666666667,10,2,0,1,0,148.0
2023-10-05,1827.0,real,2982.0,real,1592.0,real,1236.0,real,674.0,real,0.03869215537361171,0.8907708442350504,0.6916666666666667,57.653846896844826,117.42,real,1745.0,forward_filled,99.5,forward_filled_monthly,83.21,real,649.5,547.0,real,57.43661947538274,48.180291001707,54.592308138106894,1778.0,1752.0,1080.0,1748.5714285714287,1415.0666666666666,2801.0,2576.0,1174.0,2658.1428571428573,1798.8666666666666,1625.0,1711.0,1449.0,1666.857142857143,1601.5,1244.0,1318.0,908.0,1262.7142857142858,1169.3,673.0,681.0,507.0,676.5714285714286,617.4,118.03,120.84,108.21,119.49285714285713,118.38933333333333,1745.0,1709.0,1543.0,1745.0,1684.1166666666666,83.255,83.209,82.665,83.15842857142856,83.02016666666665,672.0,682.5,651.0,677.3571428571429,672.05,564.0,595.0,571.0,578.8571428571429,585.2833333333333,99.5,101.0,106.5,99.92857142857143,101.48333333333333,10,3,0,1,0,149.0
2023-10-06,1929.0,real,3309.0,real,1572.0,real,1233.0,real,675.0,real,0.042661178546589476,0.8795661686048176,0.7861111111111112,61.83945206890811,117.74,real,1745.0,forward_filled,99.5,forward_filled_monthly,83.125,real,647.5,540.5,real,57.366129386304834,50.33597962446148,57.10367124134486,1827.0,1716.0,1080.0,1779.0,1443.3666666666666,2982.0,2493.0,1174.0,2774.714285714286,1870.0333333333333,1592.0,1709.0,1449.0,1647.2857142857142,1605.6,1236.0,1294.0,908.0,1254.0,1180.1333333333334,674.0,680.0,507.0,675.8571428571429,623.0,117.42,120.84,108.31,119.05,118.70366666666668,1745.0,1745.0,1548.5,1745.0,1690.6666666666667,83.21,83.165,82.628,83.15271428571428,83.03673333333333,649.5,689.0,654.5,671.4285714285714,671.8166666666667,547.0,601.5,574.0,570.1428571428571,584.1666666666666,99.5,101.0,106.5,99.71428571428571,101.25,10,4,0,1,0,150.0
2023-10-09,1991.0,real,3485.0,real,1586.0,real,1232.0,real,678.0,real,0.03663198402213347,0.896586771915486,0.7985546522131888,62.39092706886192,118.18,real,1768.0,real,99.5,forward_filled_monthly,83.281,real,654.0,544.0,real,59.41531052167106,51.64630015986127,57.43455624131715,1929.0,1701.0,1107.0,1820.4285714285713,1472.8333333333333,3309.0,2474.0,1205.0,2919.1428571428573,1946.0333333333333,1572.0,1701.0,1498.0,1630.857142857143,1608.5333333333333,1233.0,1276.0,918.0,1247.7142857142858,1190.6,675.0,679.0,514.0,675.7142857142857,628.4666666666667,117.74,120.79,108.65,118.67714285714285,119.02133333333333,1745.0,1745.0,1520.0,1748.2857142857142,1698.9333333333334,83.125,83.035,82.601,83.18785714285715,83.05940000000001,647.5,684.5,657.0,667.0714285714286,671.7166666666667,540.5,592.5,573.0,563.2142857142857,583.2,99.5,101.0,106.5,99.5,101.01666666666667,10,0,0,1,0,153.0
2023-10-10,1983.0,real,3421.0,real,1612.0,real,1250.0,real,677.0,real,0.04123731336454408,0.8835857842156863,0.8126142595978063,63.01402317295146,117.4,real,1768.0,real,99.5,forward_filled_monthly,83.19,real,664.5,551.0,real,59.28188385110832,51.47722654239033,57.80841390377088,1991.0,1701.0,1094.0,1860.7142857142858,1502.4666666666667,3485.0,2474.0,1123.0,3054.4285714285716,2022.6333333333334,1586.0,1701.0,1521.0,1618.142857142857,1611.5666666666666,1232.0,1276.0,942.0,1244.0,1200.8666666666666,678.0,679.0,524.0,675.4285714285714,633.5666666666667,118.18,120.79,108.99,118.19285714285715,119.30166666666668,1768.0,1745.0,1504.0,1751.5714285714287,1707.7333333333333,83.281,83.035,82.616,83.21000000000001,83.07853333333333,654.0,684.5,654.0,664.2142857142857,672.0666666666667,544.0,592.5,570.0,557.2857142857143,582.5666666666667,99.5,99.5,106.5,99.5,100.78333333333333,10,1,0,1,0,154.0
2023-10-11,1948.0,real,3304.0,real,1614.0,real,1261.0,real,681.0,real,0.05130193177825938,0.8551730539914029,0.7937384898710866,62.177483555829696,118.31,real,1768.0,real,99.5,forward_filled_monthly,83.165,real,662.5,544.0,real,59.14231509646459,50.73752946595498,57.30649013349782,1983.0,1737.0,1086.0,1890.857142857143,1531.2,3421.0,2610.0,1094.0,3153.5714285714284,2096.3,1612.0,1684.0,1503.0,1608.142857142857,1615.2666666666667,1250.0,1263.0,962.0,1243.7142857142858,1210.8333333333333,677.0,677.0,534.0,676.0,638.4666666666667,117.4,120.14,109.4,117.93142857142857,119.59866666666667,1768.0,1745.0,1515.0,1754.857142857143,1716.1666666666667,83.19,83.187,82.71,83.20685714285715,83.0937,664.5,683.0,654.5,661.2857142857143,672.3333333333334,551.0,583.5,573.0,551.6428571428571,581.6,99.5,99.5,106.5,99.5,100.55,10,2,0,1,0,155.0
2023-10-12,1935.0,real,3278.0,real,1593.0,real,1266.0,real,684.0,real,0.05199082818871166,0.8532282780388456,0.8169014084507042,63.20402177496187,117.42,real,1750.0,real,99.5,forward_filled_monthly,83.295,real,667.0,539.5,real,48.97077914902221,50.4627848375647,57.92241306497712,1948.0,1780.0,1065.0,1913.0,1560.2,3304.0,2773.0,1032.0,3225.714285714286,2171.1666666666665,1614.0,1656.0,1478.0,1599.142857142857,1619.1,1261.0,1250.0,980.0,1246.0,1220.3666666666666,681.0,674.0,541.0,677.4285714285714,643.2333333333333,118.31,118.44,118.19,117.78571428571429,119.57300000000001,1768.0,1745.0,1582.5,1755.5714285714287,1721.75,83.165,83.222,82.697,83.21728571428571,83.11363333333333,662.5,679.0,662.0,659.5714285714286,672.5,544.0,571.0,577.0,547.1428571428571,580.35,99.5,99.5,101.0,99.5,100.5,10,3,0,1,0,156.0
2023-10-13,1945.0,real,3327.0,real,1567.0,real,1268.0,real,687.0,real,0.05178628586676614,0.8538057073634355,0.7959372114496768,62.27492687783142,118.57,real,1750.0,real,99.5,forward_filled_monthly,83.283,real,672.0,544.5,real,48.514652741096874,50.674126859403366,57.36495612669885,1935.0,1778.0,1083.0,1936.857142857143,1588.9333333333334,3278.0,2801.0,1072.0,3300.8571428571427,2246.3333333333335,1593.0,1625.0,1478.0,1590.857142857143,1622.0666666666666,1266.0,1244.0,995.0,1249.4285714285713,1229.4666666666667,684.0,673.0,548.0,679.4285714285714,647.8666666666667,117.42,118.03,118.19,117.86285714285714,119.58566666666667,1750.0,1745.0,1614.5,1756.2857142857142,1726.2666666666667,83.295,83.255,82.724,83.22128571428571,83.13226666666668,667.0,672.0,664.0,659.5714285714286,672.7666666666667,539.5,564.0,578.0,544.3571428571429,579.2333333333333,99.5,99.5,101.0,99.5,100.45,10,4,0,1,0,157.0
2023-10-16,1972.0,real,3418.0,real,1553.0,real,1269.0,real,690.0,real,0.04899426937748829,0.8616876565870146,0.8551269990592663,64.89811009002932,119.25,real,1675.0,real,99.5,forward_filled_monthly,83.195,real,680.0,552.0,real,44.10017213295097,51.24475031836779,58.938866054017595,1945.0,1827.0,1063.0,1957.5714285714287,1619.2333333333333,3327.0,2982.0,997.0,3363.1428571428573,2327.0333333333333,1567.0,1592.0,1481.0,1585.2857142857142,1624.4666666666667,1268.0,1236.0,1008.0,1254.142857142857,1238.1666666666667,687.0,674.0,557.0,681.7142857142857,652.3,118.57,117.42,117.13,118.12428571428572,119.65633333333334,1750.0,1745.0,1704.0,1746.2857142857142,1725.3,83.283,83.21,83.042,83.21914285714286,83.13736666666665,672.0,649.5,661.0,663.9285714285714,673.4,544.5,547.0,578.0,545.0714285714286,578.3666666666667,99.5,99.5,101.0,99.5,100.4,10,0,0,1,0,160.0
2023-10-17,2058.0,real,3659.0,real,1565.0,real,1277.0,real,690.0,real,0.038185966893242204,0.8921998300290651,0.9037927844588345,67.05488875783944,119.31,real,1720.0,real,99.5,forward_filled_monthly,83.25,real,678.0,552.5,real,49.70996162897384,53.062291706180396,60.23293325470366,1972.0,1929.0,1081.0,1976.0,1651.8,3418.0,3309.0,1034.0,3413.1428571428573,2414.5333333333333,1553.0,1572.0,1466.0,1584.2857142857142,1627.7666666666667,1269.0,1233.0,1036.0,1260.4285714285713,1246.2,690.0,675.0,564.0,683.8571428571429,656.5,119.25,117.74,118.97,118.34857142857143,119.66766666666668,1675.0,1745.0,1555.0,1742.7142857142858,1730.8,83.195,83.125,83.225,83.237,83.1382,680.0,647.5,662.0,668.2857142857143,673.9333333333333,552.0,540.5,586.0,546.7857142857143,577.25,99.5,99.5,101.0,99.5,100.35,10,1,0,1,0,161.0
2023-10-18,2105.0,real,3749.0,real,1619.0,real,1285.0,real,691.0,real,0.03481040180345293,0.9017291550673591,0.8448729184925503,64.44366797956674,119.01,real,1790.0,real,99.5,forward_filled_monthly,83.3,real,683.0,560.5,real,48.43174276805867,54.05559920882218,58.666200787740046,2058.0,1991.0,1141.0,1992.2857142857142,1683.9333333333334,3659.0,3485.0,1189.0,3450.8571428571427,2499.866666666667,1565.0,1586.0,1473.0,1589.0,1632.6333333333334,1277.0,1232.0,1056.0,1268.0,1253.8333333333333,690.0,678.0,567.0,685.7142857142857,660.6333333333333,119.31,118.18,117.4,118.46714285714286,119.72133333333333,1720.0,1768.0,1676.5,1745.857142857143,1734.5833333333333,83.25,83.281,83.155,83.23971428571429,83.14303333333334,678.0,654.0,668.5,672.4285714285714,674.4166666666666,552.5,544.0,590.0,549.1428571428571,576.2666666666667,99.5,99.5,101.0,99.5,100.3,10,2,0,1,0,162.0
2023-10-19,2071.0,real,3633.0,real,1635.0,real,1287.0,real,689.0,real,0.03684361745376213,0.8959893241681267,0.7462057335581787,60.07091866642784,119.04,real,1790.0,real,99.5,forward_filled_monthly,83.104,real,686.0,562.0,real,48.78678922991814,53.337036334570676,56.0425511998567,2105.0,1983.0,1186.0,2004.857142857143,1713.4333333333334,3749.0,3421.0,1289.0,3481.1428571428573,2578.0,1619.0,1612.0,1489.0,1592.2857142857142,1637.5,1285.0,1250.0,1079.0,1273.2857142857142,1260.7666666666667,691.0,677.0,572.0,687.4285714285714,664.5333333333333,119.01,117.4,116.9,118.70142857142856,119.79266666666666,1790.0,1768.0,1676.5,1749.0,1738.3666666666666,83.3,83.19,83.032,83.22742857142858,83.14543333333333,683.0,664.5,667.0,675.5,675.05,560.5,551.0,592.5,550.7142857142857,575.25,99.5,99.5,101.0,99.5,100.25,10,3,0,1,0,163.0
2023-10-20,2046.0,real,3556.0,real,1638.0,real,1287.0,real,686.0,real,0.034546572569173394,0.9024739531859494,0.6923076923076923,57.68225598172309,118.65,real,1772.5,real,99.5,forward_filled_monthly,83.16,real,688.0,560.5,real,47.97094069557027,52.80868127997399,54.60935358903385,2071.0,1948.0,1209.0,2018.857142857143,1741.3333333333333,3633.0,3304.0,1324.0,3517.1428571428573,2652.4,1635.0,1614.0,1508.0,1595.7142857142858,1641.8333333333333,1287.0,1261.0,1099.0,1277.0,1267.0333333333333,689.0,681.0,575.0,688.1428571428571,668.2333333333333,119.04,118.31,118.23,118.75,119.80666666666666,1790.0,1768.0,1651.0,1749.642857142857,1742.4166666666667,83.104,83.165,82.91,83.22671428571428,83.15376666666667,686.0,662.5,668.5,679.1428571428571,675.7,562.0,544.0,591.0,553.0714285714286,574.2333333333333,99.5,99.5,101.0,99.5,100.2,10,4,0,1,0,164.0
2023-10-23,2017.0,real,3473.0,real,1638.0,real,1279.0,real,684.0,real,0.03640424309619366,0.8972296916193208,0.6331983805668016,55.06263931294902,118.45,real,1683.5,real,99.5,forward_filled_monthly,83.099,real,686.0,556.0,real,43.1948812180963,52.19578941664182,53.03758358776941,2046.0,1935.0,1235.0,2030.5714285714287,1767.4,3556.0,3278.0,1330.0,3545.0,2723.8333333333335,1638.0,1593.0,1575.0,1602.142857142857,1643.9333333333334,1287.0,1266.0,1118.0,1278.857142857143,1272.4,686.0,684.0,585.0,688.1428571428571,671.5333333333333,118.65,117.42,120.33,118.89714285714285,119.744,1772.5,1750.0,1660.5,1740.142857142857,1743.1833333333334,83.16,83.295,82.86,83.1987142857143,83.16173333333333,688.0,667.0,671.0,681.8571428571429,676.2,560.5,539.5,589.5,555.4285714285714,573.1166666666667,99.5,99.5,101.0,99.5,100.15,10,0,0,1,0,167.0
2023-10-24,1949.0,real,3276.0,real,1648.0,real,1266.0,real,681.0,real,0.043741715609548634,0.876515778932283,0.5108527131782945,49.64050293199864,118.19,real,1692.5,real,99.5,forward_filled_monthly,83.015,real,675.0,551.5,real,44.8554301254417,50.75866366813884,49.78430175919918,2017.0,1945.0,1290.0,2031.142857142857,1789.3666666666666,3473.0,3327.0,1416.0,3537.714285714286,2785.8333333333335,1638.0,1567.0,1623.0,1613.7142857142858,1644.7666666666667,1279.0,1268.0,1156.0,1278.5714285714287,1276.0666666666666,684.0,687.0,602.0,687.2857142857143,674.1666666666666,118.45,118.57,120.53,118.84285714285716,119.66600000000001,1683.5,1750.0,1613.0,1731.9285714285713,1745.8333333333333,83.099,83.283,82.941,83.16042857142858,83.16420000000001,686.0,672.0,675.0,682.2857142857143,676.2,556.0,544.5,597.0,556.4285714285714,571.6,99.5,99.5,101.0,99.5,100.1,10,1,0,1,0,168.0
2023-10-25,1832.0,real,2940.0,real,1649.0,real,1247.0,real,678.0,real,0.05549548778123154,0.8433345152117802,0.3671641791044775,43.27248970556331,118.48,real,1751.5,real,99.5,forward_filled_monthly,83.145,real,669.5,545.0,real,47.487796059149545,48.285962012626335,45.963493823337984,1949.0,1972.0,1340.0,2011.142857142857,1805.7666666666667,3276.0,3418.0,1512.0,3469.4285714285716,2833.4333333333334,1648.0,1553.0,1642.0,1627.4285714285713,1645.0,1266.0,1269.0,1196.0,1275.4285714285713,1277.7666666666667,681.0,690.0,624.0,685.5714285714286,675.9666666666667,118.19,119.25,120.56,118.73285714285716,119.59666666666665,1692.5,1675.0,1601.0,1742.857142857143,1750.85,83.015,83.195,83.03,83.15328571428572,83.16803333333334,675.0,680.0,681.0,680.7857142857143,675.8166666666667,551.5,552.0,600.0,555.4285714285714,569.7666666666667,99.5,99.5,101.0,99.5,100.05,10,2,0,1,0,169.0
2023-10-26,1662.0,real,2465.0,real,1628.0,real,1227.0,real,671.0,real,0.061448846105756044,0.82652799984775,0.20347574221578557,36.01811733799347,118.45,real,1762.0,real,99.5,forward_filled_monthly,83.249,real,671.0,543.0,real,42.39791214699633,44.693147641368846,41.61087040279608,1832.0,2058.0,1381.0,1954.5714285714287,1815.1333333333334,2940.0,3659.0,1602.0,3298.8571428571427,2862.2,1649.0,1565.0,1656.0,1636.4285714285713,1644.0666666666666,1247.0,1277.0,1221.0,1268.2857142857142,1277.9666666666667,678.0,690.0,634.0,682.8571428571429,677.2,118.48,119.31,121.29,118.61,119.502,1751.5,1720.0,1744.0,1748.857142857143,1751.45,83.145,83.25,83.086,83.15314285714285,83.17346666666667,669.5,678.0,687.0,679.7857142857143,675.2833333333333,545.0,552.5,603.5,554.0714285714286,567.75,99.5,99.5,101.0,99.5,100.0,10,3,0,1,0,170.0
2023-10-27,1563.0,real,2226.0,real,1605.0,real,1184.0,real,671.0,real,0.052329939460278384,0.8522709563919654,0.08617095205003467,30.81938342289926,118.55,real,1761.0,real,99.5,forward_filled_monthly,83.272,real,671.0,542.0,real,40.51260663341667,42.60086162516596,38.491630053739556,1662.0,2105.0,1439.0,1877.142857142857,1819.2666666666667,2465.0,3749.0,1749.0,3081.285714285714,2878.1,1628.0,1619.0,1666.0,1634.4285714285713,1642.0333333333333,1227.0,1285.0,1240.0,1253.857142857143,1276.1,671.0,691.0,645.0,680.0,678.0666666666667,118.45,119.01,122.2,118.5442857142857,119.38033333333333,1762.0,1790.0,1787.5,1744.7142857142858,1750.5666666666666,83.249,83.3,83.298,83.14914285714285,83.1726,671.0,683.0,685.0,678.0714285714286,674.8166666666667,543.0,560.5,601.0,551.4285714285714,565.7833333333333,99.5,99.5,101.0,99.5,99.95,10,4,0,1,0,171.0
2023-10-30,1502.0,real,2091.0,real,1575.0,real,1159.0,real,669.0,real,0.04973011363267671,0.8596103454113354,-0.01572739187418082,26.303435048564072,118.7,real,1800.0,real,99.5,forward_filled_monthly,83.255,real,673.0,535.5,real,40.75385730399941,41.31167529195004,35.78206102913845,1563.0,2071.0,1526.0,1795.857142857143,1818.4666666666667,2226.0,3633.0,1942.0,2861.0,2883.0666666666666,1605.0,1635.0,1693.0,1625.857142857143,1638.1,1184.0,1287.0,1286.0,1235.5714285714287,1271.8666666666666,671.0,689.0,652.0,677.1428571428571,678.6333333333333,118.55,119.04,122.16,118.49571428571429,119.26500000000001,1761.0,1790.0,1823.0,1746.142857142857,1749.8,83.272,83.104,83.315,83.1707142857143,83.1706,671.0,686.0,682.0,676.2142857142857,674.5166666666667,542.0,562.0,592.0,547.6428571428571,563.9,99.5,99.5,101.0,99.5,99.9,10,0,0,1,0,174.0
2023-10-31,1459.0,real,2020.0,real,1534.0,real,1135.0,real,660.0,real,0.04763093081606945,0.865536403668888,-0.07891414141414144,23.50311378841944,118.91,real,1777.5,real,99.5,forward_filled_monthly,83.284,real,674.5,534.0,real,40.498767018442216,40.40290459804373,34.101868273051664,1502.0,2046.0,1584.0,1712.0,1814.3,2091.0,3556.0,2067.0,2641.5714285714284,2881.5,1575.0,1638.0,1707.0,1611.0,1632.3333333333333,1159.0,1287.0,1324.0,1213.857142857143,1265.5666666666666,669.0,686.0,662.0,673.4285714285714,678.5666666666667,118.7,118.65,121.83,118.53285714285713,119.16766666666666,1800.0,1772.5,1820.0,1746.857142857143,1748.3833333333334,83.255,83.16,82.925,83.18842857142856,83.18256666666667,673.0,688.0,681.5,674.2857142857143,674.2833333333333,535.5,560.5,591.0,543.8571428571429,562.0,99.5,99.5,101.0,99.5,99.85,10,1,0,1,0,175.0
2023-11-01,1401.0,real,1899.0,real,1489.0,real,1119.0,real,652.0,real,0.042560309529511044,0.8798509249713713,-0.107074569789675,22.255095068530785,122.33,real,1777.5,real,102.5,real,83.265,real,680.5,538.0,real,43.553907912756564,43.79250548676403,33.353057041118475,1459.0,2017.0,1569.0,1624.0,1808.7,2020.0,3473.0,2007.0,2416.714285714286,2877.9,1534.0,1638.0,1696.0,1589.7142857142858,1625.4333333333334,1135.0,1279.0,1350.0,1191.0,1257.8666666666666,660.0,684.0,669.0,668.8571428571429,678.0,118.91,118.45,121.69,119.08714285714287,119.18900000000001,1777.5,1683.5,1793.5,1760.2857142857142,1747.85,83.284,83.099,83.127,83.21214285714287,83.18716666666666,674.5,686.0,677.5,673.5,674.3833333333333,534.0,556.0,589.0,541.2857142857143,560.3,99.5,99.5,101.0,99.92857142857143,99.9,11,2,0,1,0,176.0
2023-11-02,1385.0,real,1883.0,real,1461.0,real,1108.0,real,645.0,real,0.05047449633294687,0.8575089299401261,-0.13057124921531704,21.21376517868076,125.57,real,1777.5,real,102.5,forward_filled_monthly,83.262,real,678.0,538.5,real,46.79427519745237,43.45435825182214,32.72825910720846,1401.0,1949.0,1593.0,1543.4285714285713,1801.7666666666667,1899.0,3276.0,2083.0,2217.714285714286,2871.233333333333,1489.0,1648.0,1685.0,1563.0,1617.9666666666667,1119.0,1266.0,1355.0,1168.4285714285713,1249.6333333333334,652.0,681.0,670.0,663.7142857142857,677.1666666666666,122.33,118.19,121.33,120.14142857142858,119.33033333333333,1777.5,1692.5,1763.0,1772.4285714285713,1748.3333333333333,83.265,83.015,82.975,83.24742857142857,83.19673333333334,680.5,675.0,677.5,673.9285714285714,674.4,538.0,551.5,590.5,539.4285714285714,558.5666666666667,102.5,99.5,101.0,100.35714285714286,99.95,11,3,0,1,0,177.0
2023-11-03,1462.0,real,2133.0,real,1448.0,real,1101.0,real,634.0,real,0.09102706155739836,0.7430277794123668,-0.09417596034696407,22.82673786566316,126.15,real,2020.0,real,102.5,forward_filled_monthly,83.15,real,678.5,541.5,real,55.663140562641786,45.08169181997995,33.696042719397894,1385.0,1832.0,1614.0,1490.5714285714287,1796.7,1883.0,2940.0,2148.0,2102.4285714285716,2870.733333333333,1461.0,1649.0,1685.0,1534.2857142857142,1610.0666666666666,1108.0,1247.0,1354.0,1147.5714285714287,1241.2,645.0,678.0,678.0,657.4285714285714,675.7,125.57,118.48,121.18,121.23714285714286,119.49600000000001,1777.5,1751.5,1740.5,1810.7857142857142,1757.65,83.262,83.145,83.135,83.24814285714287,83.19723333333333,678.0,669.5,674.5,675.2142857142857,674.5333333333333,538.5,545.0,590.0,538.9285714285714,556.95,102.5,99.5,101.0,100.78571428571429,100.0,11,4,0,1,0,178.0
2023-11-06,1523.0,real,2319.0,real,1448.0,real,1098.0,real,627.0,real,0.08455204461106572,0.7613069532599424,-0.10094451003541915,22.526768113604,126.63,real,2020.0,real,102.5,forward_filled_monthly,83.223,real,677.5,537.0,real,57.43031762575266,46.370878153195875,33.5160608681624,1462.0,1662.0,1694.0,1470.7142857142858,1791.0,2133.0,2465.0,2394.0,2081.5714285714284,2868.233333333333,1448.0,1628.0,1694.0,1508.5714285714287,1601.8666666666666,1101.0,1227.0,1339.0,1129.142857142857,1233.1666666666667,634.0,671.0,681.0,651.1428571428571,673.9,126.15,118.45,120.93,122.4057142857143,119.686,2020.0,1762.0,1706.0,1847.642857142857,1768.1166666666666,83.15,83.249,83.255,83.24442857142857,83.19616666666667,678.5,671.0,672.5,676.1428571428571,674.7,541.5,543.0,585.5,538.0714285714286,555.3333333333334,102.5,99.5,101.0,101.21428571428571,100.05,11,0,0,1,0,181.0
2023-11-07,1559.0,real,2427.0,real,1453.0,real,1097.0,real,615.0,real,0.07567088921016701,0.7863787306600478,-0.11015981735159819,22.118362535153686,125.95,real,2020.0,real,102.5,forward_filled_monthly,83.235,real,673.0,527.5,real,56.94097207250207,47.131709431815096,33.27101752109221,1523.0,1563.0,1752.0,1470.142857142857,1784.5666666666666,2319.0,2226.0,2576.0,2110.285714285714,2863.266666666667,1448.0,1605.0,1711.0,1486.857142857143,1593.2666666666667,1098.0,1184.0,1318.0,1116.7142857142858,1225.8,627.0,671.0,681.0,643.1428571428571,671.7,126.63,118.55,120.84,123.46285714285713,119.85633333333334,2020.0,1761.0,1709.0,1884.642857142857,1778.4833333333333,83.223,83.272,83.209,83.23914285714285,83.19703333333334,677.5,671.0,682.5,676.4285714285714,674.3833333333333,537.0,542.0,595.0,536.0,553.0833333333334,102.5,99.5,101.0,101.64285714285714,100.1,11,1,0,1,0,182.0
2023-11-08,1530.0,real,2318.0,real,1470.0,real,1104.0,real,607.0,real,0.07325104738092339,0.7932100192646951,-0.10839160839160844,22.196726324699565,127.26,real,2020.0,real,102.5,forward_filled_monthly,83.218,real,664.5,517.0,real,56.43474101567043,46.51881756848294,33.318035794819735,1559.0,1502.0,1716.0,1474.142857142857,1778.3666666666666,2427.0,2091.0,2493.0,2142.714285714286,2857.4333333333334,1453.0,1575.0,1709.0,1471.857142857143,1585.3,1097.0,1159.0,1294.0,1108.857142857143,1219.4666666666667,615.0,669.0,680.0,634.2857142857143,669.2666666666667,125.95,118.7,120.84,124.68571428571428,120.07033333333332,2020.0,1800.0,1745.0,1916.0714285714287,1787.65,83.235,83.255,83.165,83.23385714285715,83.19880000000002,673.0,673.0,689.0,675.2142857142857,673.5666666666667,527.5,535.5,601.5,533.3571428571429,550.2666666666667,102.5,99.5,101.0,102.07142857142857,100.15,11,2,0,1,0,183.0
2023-11-09,1598.0,real,2486.0,real,1500.0,real,1116.0,real,601.0,real,0.07193366887586587,0.7969290196806932,-0.06055261610817164,24.31686303264149,127.38,real,2020.0,real,102.5,forward_filled_monthly,83.32,real,660.5,512.0,real,56.54524880077647,47.95594331698594,34.59011781958489,1530.0,1459.0,1701.0,1494.0,1774.9333333333334,2318.0,2020.0,2474.0,2209.285714285714,2857.8333333333335,1470.0,1534.0,1701.0,1467.0,1578.6,1104.0,1135.0,1276.0,1106.142857142857,1214.1333333333334,607.0,660.0,679.0,625.8571428571429,666.6666666666666,127.26,118.91,120.79,125.89571428571428,120.28999999999999,2020.0,1777.5,1745.0,1950.7142857142858,1796.8166666666666,83.218,83.284,83.035,83.239,83.2083,664.5,674.5,684.5,673.2142857142857,672.7666666666667,517.0,534.0,592.5,530.2142857142857,547.5833333333334,102.5,99.5,101.0,102.5,100.2,11,3,0,1,0,184.0
2023-11-10,1643.0,real,2589.0,real,1530.0,real,1125.0,real,594.0,real,0.05940187154196871,0.832306672586858,-0.034097589653145244,25.489301456188624,128.07,real,2020.0,real,102.5,forward_filled_monthly,83.314,real,661.0,515.5,real,56.98687951613168,48.906982415259975,35.293580873713175,1598.0,1401.0,1701.0,1528.5714285714287,1773.0,2486.0,1899.0,2474.0,2307.8571428571427,2861.6666666666665,1500.0,1489.0,1701.0,1472.857142857143,1572.9,1116.0,1119.0,1276.0,1107.0,1209.1,601.0,652.0,679.0,617.5714285714286,663.8333333333334,127.38,122.33,120.79,126.71571428571428,120.53266666666667,2020.0,1777.5,1745.0,1985.357142857143,1805.9833333333333,83.32,83.265,83.035,83.246,83.2176,660.5,680.5,684.5,670.4285714285714,671.9833333333333,512.0,538.0,592.5,527.0,545.0166666666667,102.5,102.5,99.5,102.5,100.3,11,4,0,1,0,185.0
2023-11-13,1655.0,real,2607.0,real,1548.0,real,1127.0,real,588.0,real,0.05726812399275024,0.838330308157587,-0.04720782959124925,24.90827958227419,128.34,real,2020.0,real,102.5,forward_filled_monthly,83.209,real,666.5,513.5,real,57.6041159857118,49.16059284146639,34.944967749364515,1643.0,1385.0,1737.0,1567.142857142857,1770.2666666666667,2589.0,1883.0,2610.0,2411.285714285714,2861.5666666666666,1530.0,1461.0,1684.0,1485.2857142857142,1568.3666666666666,1125.0,1108.0,1263.0,1109.7142857142858,1204.5666666666666,594.0,645.0,677.0,609.4285714285714,660.8666666666667,128.07,125.57,120.14,127.11142857142859,120.80600000000001,2020.0,1777.5,1745.0,2020.0,1815.15,83.314,83.262,83.187,83.23842857142857,83.21833333333333,661.0,678.0,683.0,668.7857142857143,671.4333333333333,515.5,538.5,583.5,523.4285714285714,542.6833333333333,102.5,102.5,99.5,102.5,100.4,11,0,0,1,0,188.0
2023-11-14,1662.0,real,2574.0,real,1607.0,real,1133.0,real,587.0,real,0.047293841093107615,0.8664880184213004,-0.06629213483146068,24.062498052311874,128.78,real,2020.0,real,102.5,forward_filled_monthly,82.978,real,674.5,519.5,real,59.076726451998795,49.30853225675346,34.437498831387124,1655.0,1462.0,1780.0,1595.7142857142858,1766.3333333333333,2607.0,2133.0,2773.0,2474.285714285714,2854.9333333333334,1548.0,1448.0,1656.0,1508.0,1566.7333333333333,1127.0,1101.0,1250.0,1114.2857142857142,1200.6666666666667,588.0,634.0,674.0,602.7142857142857,657.9666666666667,128.34,126.15,118.44,127.48714285714286,121.15066666666667,2020.0,2020.0,1745.0,2020.0,1824.3166666666666,83.209,83.15,83.222,83.21385714285714,83.2102,666.5,678.5,679.0,668.2142857142857,671.2833333333333,513.5,541.5,571.0,520.2857142857143,540.9666666666667,102.5,102.5,99.5,102.5,100.5,11,1,0,1,0,189.0
2023-11-15,1688.0,real,2574.0,real,1693.0,real,1141.0,real,588.0,real,0.040082604485467514,0.8868455632276833,-0.0506186726659168,24.75711725082734,129.25,real,1982.5,real,102.5,forward_filled_monthly,83.193,real,672.5,522.0,real,58.491824352193646,49.85802151353402,34.85427035049641,1662.0,1523.0,1778.0,1619.2857142857142,1763.3333333333333,2574.0,2319.0,2801.0,2510.714285714286,2847.366666666667,1607.0,1448.0,1625.0,1543.0,1569.0,1133.0,1098.0,1244.0,1120.4285714285713,1197.2333333333333,587.0,627.0,673.0,597.1428571428571,655.1333333333333,128.78,126.63,118.03,127.86142857142856,121.52466666666666,2020.0,2020.0,1745.0,2014.642857142857,1832.2333333333333,82.978,83.223,83.255,83.20957142857142,83.20813333333332,674.5,677.5,672.0,667.5,671.3,519.5,537.0,564.0,518.1428571428571,539.5666666666667,102.5,102.5,99.5,102.5,100.6,11,2,0,1,0,190.0
2023-11-16,1758.0,real,2664.0,real,1800.0,real,1178.0,real,593.0,real,0.03881236178927961,0.8904314977919754,-0.0377668308702791,25.326687391313506,129.42,real,1973.5,real,102.5,forward_filled_monthly,83.16,real,666.0,520.5,real,58.75922499294541,51.33741566640475,35.1960124347881,1688.0,1559.0,1827.0,1647.7142857142858,1761.0333333333333,2574.0,2427.0,2982.0,2544.5714285714284,2836.766666666667,1693.0,1453.0,1592.0,1592.5714285714287,1575.9333333333334,1141.0,1097.0,1236.0,1132.0,1195.3,588.0,615.0,674.0,594.0,652.4333333333333,129.25,125.95,117.42,128.35714285714286,121.92466666666668,1982.5,2020.0,1745.0,2008.0,1839.85,83.193,83.235,83.21,83.19885714285714,83.20646666666667,672.5,673.0,649.5,666.5,671.85,522.0,527.5,547.0,517.1428571428571,538.6833333333333,102.5,102.5,99.5,102.5,100.7,11,3,0,1,0,191.0
2023-11-17,1820.0,real,2763.0,real,1874.0,real,1205.0,real,599.0,real,0.029257547432594802,0.9174050353370895,-0.05650596163815447,24.496203363127737,128.95,real,1982.0,real,102.5,forward_filled_monthly,83.249,real,658.5,517.0,real,58.48756288554788,52.64773620180454,34.69772201787664,1758.0,1530.0,1929.0,1689.142857142857,1757.4,2664.0,2318.0,3309.0,2608.1428571428573,2818.5666666666666,1800.0,1470.0,1572.0,1650.2857142857142,1586.0,1178.0,1104.0,1233.0,1146.4285714285713,1194.3666666666666,593.0,607.0,675.0,592.8571428571429,649.9,129.42,127.26,117.74,128.59857142857143,122.29833333333333,1973.5,2020.0,1745.0,2002.5714285714287,1847.75,83.16,83.218,83.125,83.20328571428571,83.21060000000001,666.0,664.5,647.5,665.6428571428571,672.2166666666667,520.5,517.0,540.5,517.1428571428571,537.9,102.5,102.5,99.5,102.5,100.8,11,4,0,1,0,192.0
2023-11-20,1817.0,real,2707.0,real,1915.0,real,1217.0,real,605.0,real,0.0253102494282438,0.9285483801418606,-0.08739326971371175,23.127334318551878,129.31,real,1930.5,real,102.5,forward_filled_monthly,83.322,real,668.0,519.5,real,55.98731789705846,52.58433359525293,33.87640059113113,1820.0,1598.0,1991.0,1720.4285714285713,1751.6,2763.0,2486.0,3485.0,2639.714285714286,2792.633333333333,1874.0,1500.0,1586.0,1709.5714285714287,1596.9666666666667,1205.0,1116.0,1232.0,1160.857142857143,1193.8666666666666,599.0,601.0,678.0,593.4285714285714,647.4666666666667,128.95,127.38,118.18,128.8742857142857,122.66933333333333,1982.0,2020.0,1768.0,1989.7857142857142,1853.1666666666667,83.249,83.32,83.281,83.20357142857142,83.21196666666667,658.5,660.5,654.0,666.7142857142857,672.6833333333333,517.0,512.0,544.0,518.2142857142857,537.0833333333334,102.5,102.5,99.5,102.5,100.9,11,0,0,1,0,195.0
2023-11-21,1796.0,real,2586.0,real,1969.0,real,1232.0,real,614.0,real,0.029497526660298985,0.9167275665274525,-0.09430156328794759,22.821171372869436,129.55,real,1924.5,real,102.5,forward_filled_monthly,83.336,real,674.5,523.0,real,56.520294245634275,52.14051534939171,33.69270282372166,1817.0,1643.0,1983.0,1742.2857142857142,1745.3666666666666,2707.0,2589.0,3421.0,2639.285714285714,2764.8,1915.0,1530.0,1612.0,1772.2857142857142,1608.8666666666666,1217.0,1125.0,1250.0,1176.142857142857,1193.2666666666667,605.0,594.0,677.0,596.2857142857143,645.3666666666667,129.31,128.07,117.4,129.0857142857143,123.07433333333333,1930.5,2020.0,1768.0,1976.142857142857,1858.3833333333334,83.322,83.314,83.19,83.20671428571428,83.21683333333333,668.0,661.0,664.5,668.6428571428571,673.0166666666667,519.5,515.5,551.0,519.2857142857143,536.15,102.5,102.5,99.5,102.5,101.0,11,1,0,1,0,196.0
2023-11-22,1755.0,real,2415.0,real,2008.0,real,1247.0,real,623.0,real,0.038323852028845286,0.8918105760108015,-0.09907597535934287,22.609578155532564,129.84,real,1893.5,real,102.5,forward_filled_monthly,83.315,real,673.5,526.5,real,55.0869484619484,51.27401305985314,33.56574689331954,1796.0,1655.0,1948.0,1756.5714285714287,1738.9333333333334,2586.0,2607.0,3304.0,2611.8571428571427,2735.1666666666665,1969.0,1548.0,1614.0,1838.0,1622.0,1232.0,1127.0,1261.0,1193.2857142857142,1192.8,614.0,588.0,681.0,601.2857142857143,643.4333333333333,129.55,128.34,118.31,129.29999999999998,123.45866666666667,1924.5,2020.0,1768.0,1958.0714285714287,1862.5666666666666,83.336,83.209,83.165,83.22185714285715,83.22183333333332,674.5,666.5,662.5,669.6428571428571,673.3833333333333,523.0,513.5,544.0,521.1428571428571,535.5666666666667,102.5,102.5,99.5,102.5,101.1,11,2,0,1,0,197.0
2023-11-23,1855.0,real,2679.0,real,2034.0,real,1265.0,real,648.0,real,0.059122586081055244,0.8330951041130532,-0.04134366925064603,25.168168451289407,129.84,forward_filled,1930.0,real,102.5,forward_filled_monthly,83.334,real,670.0,524.0,real,57.487224765366676,53.3874332782399,35.100901070773645,1755.0,1662.0,1935.0,1784.142857142857,1736.2666666666667,2415.0,2574.0,3278.0,2626.8571428571427,2715.2,2008.0,1607.0,1593.0,1899.0,1636.7,1247.0,1133.0,1266.0,1212.142857142857,1192.7666666666667,623.0,587.0,684.0,610.0,642.2333333333333,129.84,128.78,117.42,129.45142857142858,123.87266666666666,1893.5,2020.0,1750.0,1945.2142857142858,1868.5666666666666,83.315,82.978,83.295,83.27271428571429,83.22313333333334,673.5,674.5,667.0,669.0,673.4833333333333,526.5,519.5,539.5,521.7857142857143,535.05,102.5,102.5,99.5,102.5,101.2,11,3,0,1,0,198.0
2023-11-24,2102.0,real,3385.0,real,2064.0,real,1279.0,real,670.0,real,0.11307010312960564,0.6807995887578346,0.08071979434447307,30.577798075869634,130.16,real,1942.0,real,102.5,forward_filled_monthly,83.345,real,665.0,522.5,real,57.24476763891555,58.607581217655195,38.34667884552178,1855.0,1688.0,1945.0,1843.2857142857142,1741.5,2679.0,2574.0,3327.0,2742.714285714286,2717.133333333333,2034.0,1693.0,1567.0,1952.0,1653.2666666666667,1265.0,1141.0,1268.0,1231.857142857143,1193.1333333333334,648.0,588.0,687.0,621.7142857142857,641.6666666666666,129.84,129.25,118.57,129.58142857142857,124.259,1930.0,1982.5,1750.0,1939.4285714285713,1874.9666666666667,83.334,83.193,83.283,83.29442857142858,83.2252,670.0,672.5,672.0,667.9285714285714,673.25,524.0,522.0,544.5,521.8571428571429,534.3166666666667,102.5,102.5,99.5,102.5,101.3,11,4,0,1,0,199.0
2023-11-27,2259.0,real,3819.0,real,2095.0,real,1292.0,real,680.0,real,0.11713264457478058,0.669330908142042,0.14553752535496955,33.45040145402312,130.42,real,1986.5,real,102.5,forward_filled_monthly,83.335,real,655.5,518.5,real,61.13342444075993,61.9256509605224,40.070240872413876,2102.0,1758.0,1972.0,1914.857142857143,1751.0666666666666,3385.0,2664.0,3418.0,2907.714285714286,2730.5,2064.0,1800.0,1553.0,1994.142857142857,1671.3333333333333,1279.0,1178.0,1269.0,1248.142857142857,1193.9,670.0,593.0,690.0,634.1428571428571,641.3333333333334,130.16,129.42,119.25,129.7242857142857,124.63133333333333,1942.0,1973.5,1675.0,1941.2857142857142,1885.35,83.345,83.16,83.195,83.31942857142857,83.22986666666667,665.0,666.0,680.0,666.4285714285714,672.4333333333333,522.5,520.5,552.0,521.5714285714286,533.2,102.5,102.5,99.5,102.5,101.4,11,0,0,1,0,202.0
2023-11-28,2391.0,real,4179.0,real,2106.0,real,1321.0,real,695.0,real,0.11741453234164415,0.6685351302253645,0.16180758017492702,34.17146054865548,130.4,real,1954.5,real,102.5,forward_filled_monthly,83.345,real,653.5,521.0,real,58.34164507216592,64.71536564879291,40.50287632919329,2259.0,1820.0,2058.0,1996.4285714285713,1762.1666666666667,3819.0,2763.0,3659.0,3110.0,2747.8333333333335,2095.0,1874.0,1565.0,2027.2857142857142,1689.3666666666666,1292.0,1205.0,1277.0,1264.7142857142858,1195.3666666666666,680.0,599.0,690.0,647.8571428571429,641.5,130.42,128.95,119.31,129.93142857142857,125.00099999999999,1986.5,1982.0,1720.0,1937.357142857143,1893.1666666666667,83.335,83.249,83.25,83.33314285714286,83.23303333333334,655.5,658.5,678.0,665.7142857142857,671.6166666666667,518.5,517.0,552.5,522.1428571428571,532.15,102.5,102.5,99.5,102.5,101.5,11,1,0,1,0,203.0
2023-11-29,2696.0,real,5040.0,real,2131.0,real,1360.0,real,723.0,real,0.12070837107238269,0.6592365212357542,0.2807600950118765,39.44321860981221,130.38,real,1925.5,real,102.5,forward_filled_monthly,83.357,real,654.0,523.5,real,55.19858837245313,71.16129731487251,43.66593116588733,2391.0,1817.0,2105.0,2122.0,1781.8666666666666,4179.0,2707.0,3749.0,3443.285714285714,2790.866666666667,2106.0,1915.0,1619.0,2058.1428571428573,1706.4333333333334,1321.0,1217.0,1285.0,1285.142857142857,1197.8666666666666,695.0,605.0,691.0,664.7142857142857,642.5666666666667,130.4,129.31,119.01,130.08428571428573,125.38000000000001,1954.5,1930.5,1790.0,1936.642857142857,1897.6833333333334,83.345,83.322,83.3,83.33814285714286,83.23493333333333,653.5,668.0,683.0,663.7142857142857,670.65,521.0,519.5,560.5,522.7142857142857,530.9166666666666,102.5,102.5,99.5,102.5,101.6,11,2,0,1,0,204.0
2023-11-30,2937.0,real,5629.0,real,2219.0,real,1425.0,real,751.0,real,0.10285732501243687,0.7096305784243833,0.4181554804442298,45.532330989752886,130.46,real,1808.0,real,102.5,forward_filled_monthly,83.383,real,660.5,528.0,real,51.610284742026494,76.2546400411846,47.31939859385173,2696.0,1796.0,2071.0,2285.0,1810.7333333333333,5040.0,2586.0,3633.0,3878.0,2857.4,2131.0,1969.0,1635.0,2093.8571428571427,1725.9,1360.0,1232.0,1287.0,1312.7142857142858,1202.4666666666667,723.0,614.0,689.0,684.2857142857143,644.6333333333333,130.38,129.55,119.04,130.21428571428572,125.76066666666667,1925.5,1924.5,1790.0,1920.0,1898.2833333333333,83.357,83.336,83.104,83.34485714285714,83.24423333333334,654.0,674.5,686.0,661.7142857142857,669.8,523.5,523.0,562.0,523.4285714285714,529.7833333333333,102.5,102.5,99.5,102.5,101.7,11,3,0,1,0,205.0
2023-12-01,3192.0,real,6237.0,real,2341.0,real,1489.0,real,773.0,real,0.06330490255267213,0.8212882948793625,0.5601173020527859,51.82381947545015,130.46,real,1875.0,real,100.8,real,83.265,real,660.0,522.0,real,54.52249031188057,79.0284769826862,51.09429168527009,2937.0,1755.0,2046.0,2490.285714285714,1848.9333333333334,5629.0,2415.0,3556.0,4424.0,2946.766666666667,2219.0,2008.0,1638.0,2141.4285714285716,1749.3333333333333,1425.0,1247.0,1287.0,1347.2857142857142,1209.2,751.0,623.0,686.0,705.7142857142857,647.5333333333333,130.46,129.84,118.65,130.30285714285716,126.15433333333334,1808.0,1893.5,1772.5,1917.357142857143,1901.7,83.383,83.315,83.16,83.33771428571428,83.24773333333333,660.5,673.5,688.0,659.7857142857143,668.8666666666667,528.0,526.5,560.5,522.7857142857143,528.5,102.5,102.5,99.5,102.25714285714287,101.74333333333334,12,4,0,1,0,206.0
2023-12-04,3346.0,real,6582.0,real,2441.0,real,1526.0,real,800.0,real,0.07138146876115314,0.7984878977468274,0.6588993554784333,56.201659550189895,130.46,real,1875.0,real,100.8,forward_filled_monthly,83.431,real,648.5,517.0,real,57.7491059586357,82.2831441190018,53.720995730113934,3192.0,1855.0,2017.0,2703.285714285714,1893.2333333333333,6237.0,2679.0,3473.0,4981.571428571428,3050.4,2341.0,2034.0,1638.0,2199.5714285714284,1776.1,1489.0,1265.0,1279.0,1384.5714285714287,1217.4333333333334,773.0,648.0,684.0,727.4285714285714,651.4,130.46,129.84,118.45,130.39142857142858,126.55466666666666,1875.0,1930.0,1683.5,1909.5,1908.0833333333333,83.265,83.334,83.099,83.35157142857143,83.25880000000001,660.0,670.0,686.0,656.7142857142857,667.6166666666667,522.0,524.0,556.0,521.7857142857143,527.2,100.8,102.5,99.5,102.0142857142857,101.78666666666666,12,0,0,1,1,0.0
2023-12-05,3143.0,real,5946.0,real,2425.0,real,1565.0,real,831.0,real,0.09307201862035205,0.7372548021407428,0.6126218573627502,54.15072540999182,130.77,real,2004.0,real,100.8,forward_filled_monthly,83.325,real,644.0,516.0,real,62.014677478460854,77.99290107567668,52.490435245995094,3346.0,2102.0,1949.0,2852.0,1933.0333333333333,6582.0,3385.0,3276.0,5347.428571428572,3139.4,2441.0,2064.0,1648.0,2251.1428571428573,1802.0,1526.0,1279.0,1266.0,1425.4285714285713,1227.4,800.0,670.0,681.0,750.4285714285714,656.4,130.46,130.16,118.19,130.47857142857143,126.97399999999999,1875.0,1942.0,1692.5,1918.357142857143,1918.4666666666667,83.431,83.345,83.015,83.3487142857143,83.26913333333331,648.5,665.0,675.0,653.7142857142857,666.5833333333334,517.0,522.5,551.5,520.8571428571429,526.0166666666667,100.8,102.5,99.5,101.77142857142857,101.83,12,1,0,1,0,1.0
2023-12-06,2848.0,real,5161.0,real,2311.0,real,1552.0,real,851.0,real,0.12165546462361765,0.656562846739389,0.554585152838428,51.57864473276994,132.92,real,2004.0,real,100.8,forward_filled_monthly,83.337,real,639.5,512.0,real,61.00933471472777,71.75831143143576,50.94718683966196,3143.0,2259.0,1832.0,2936.1428571428573,1966.9,5946.0,3819.0,2940.0,5539.142857142857,3213.4333333333334,2425.0,2095.0,1649.0,2282.0,1824.0666666666666,1565.0,1292.0,1247.0,1462.5714285714287,1237.5666666666666,831.0,680.0,678.0,774.8571428571429,662.1666666666666,130.77,130.42,118.48,130.8357142857143,127.45533333333333,2004.0,1986.5,1751.5,1920.857142857143,1926.8833333333334,83.325,83.335,83.145,83.349,83.27553333333331,644.0,655.5,669.5,651.4285714285714,665.5833333333334,516.0,518.5,545.0,519.9285714285714,524.9166666666666,100.8,102.5,99.5,101.52857142857144,101.87333333333332,12,2,0,1,0,2.0
2023-12-07,2495.0,real,4203.0,real,2197.0,real,1538.0,real,862.0,real,0.14793863892386397,0.5823646297644595,0.5012033694344165,49.21286165231331,134.4,real,2060.0,real,100.8,forward_filled_monthly,83.348,real,624.0,501.0,real,63.373555507413684,64.29793806053051,49.52771699138798,2848.0,2391.0,1662.0,2951.0,1994.6666666666667,5161.0,4179.0,2465.0,5542.571428571428,3271.366666666667,2311.0,2106.0,1628.0,2295.0,1843.0333333333333,1552.0,1321.0,1227.0,1493.5714285714287,1247.9333333333334,851.0,695.0,671.0,798.7142857142857,668.5333333333333,132.92,130.4,118.45,131.40714285714287,127.98700000000001,2004.0,1954.5,1762.0,1935.9285714285713,1936.8166666666666,83.337,83.345,83.249,83.34942857142858,83.27883333333332,639.5,653.5,671.0,647.2142857142857,664.0166666666667,512.0,521.0,543.0,517.0714285714286,523.5166666666667,100.8,102.5,99.5,101.28571428571429,101.91666666666667,12,3,0,1,0,3.0
2023-12-08,2483.0,real,4259.0,real,2104.0,real,1521.0,real,872.0,real,0.12089980278159142,0.6586961035779213,0.5886116442738323,53.08663664671436,135.45,real,2310.5,real,100.8,forward_filled_monthly,83.43,real,621.5,499.5,real,71.86317865202194,64.0443276343241,51.85198198802862,2495.0,2696.0,1563.0,2920.5714285714284,2025.3333333333333,4203.0,5040.0,2226.0,5431.0,3339.133333333333,2197.0,2131.0,1605.0,2291.1428571428573,1859.6666666666667,1538.0,1360.0,1184.0,1516.5714285714287,1259.1666666666667,862.0,723.0,671.0,820.0,675.2333333333333,134.4,130.38,118.55,132.1314285714286,128.55033333333333,2060.0,1925.5,1761.0,1990.9285714285713,1955.1333333333334,83.348,83.357,83.272,83.35985714285714,83.28410000000001,624.0,654.0,671.0,642.5714285714286,662.3666666666667,501.0,523.5,542.0,513.6428571428571,522.1,100.8,102.5,99.5,101.04285714285716,101.96000000000001,12,4,0,1,0,4.0
2023-12-11,2509.0,real,4398.0,real,2049.0,real,1506.0,real,884.0,real,0.10892565308335687,0.6924994998971996,0.670439414114514,56.71309385844617,135.16,real,2174.0,real,100.8,forward_filled_monthly,83.355,real,620.5,502.0,real,65.81469991117555,64.59381689110467,54.0278563150677,2483.0,2937.0,1502.0,2859.4285714285716,2058.9,4259.0,5629.0,2091.0,5255.142857142857,3416.0333333333333,2104.0,2219.0,1575.0,2266.8571428571427,1875.4666666666667,1521.0,1425.0,1159.0,1528.142857142857,1270.7333333333333,872.0,751.0,669.0,839.0,682.4,135.45,130.46,118.7,132.80285714285714,129.099,2310.5,1808.0,1800.0,2043.2142857142858,1967.6,83.43,83.383,83.255,83.35585714285715,83.28743333333334,621.5,660.5,673.0,636.8571428571429,660.6166666666667,499.5,528.0,535.5,509.92857142857144,520.9833333333333,100.8,102.5,99.5,100.8,102.00333333333333,12,0,0,1,0,7.0
2023-12-12,2551.0,real,4592.0,real,1996.0,real,1480.0,real,895.0,real,0.09758938831671074,0.7245021272523351,0.7484578478409869,60.170728255500535,135.66,real,2250.0,real,100.8,forward_filled_monthly,83.401,real,617.0,501.0,real,69.1843764037253,65.4814533828271,56.10243695330032,2509.0,3192.0,1459.0,2767.8571428571427,2095.3,4398.0,6237.0,2020.0,5020.142857142857,3501.766666666667,2049.0,2341.0,1534.0,2217.5714285714284,1890.8666666666666,1506.0,1489.0,1135.0,1526.857142857143,1282.2333333333333,884.0,773.0,660.0,856.4285714285714,690.2333333333333,135.16,130.46,118.91,133.5457142857143,129.65733333333336,2174.0,1875.0,1777.5,2096.785714285714,1983.35,83.355,83.265,83.284,83.37528571428571,83.29133333333333,620.5,660.0,674.5,630.7142857142857,658.7,502.0,522.0,534.0,506.92857142857144,519.8833333333333,100.8,100.8,99.5,100.8,102.04666666666667,12,1,0,1,0,8.0
2023-12-13,2438.0,real,4306.0,real,1953.0,real,1463.0,real,903.0,real,0.08846047682262713,0.750273327794752,0.7401855817273377,59.80411653965376,135.03,real,2050.0,real,100.8,forward_filled_monthly,83.355,real,609.0,495.5,real,60.11719509470128,63.093288536050075,55.88246992379226,2551.0,3346.0,1401.0,2638.1428571428573,2129.866666666667,4592.0,6582.0,1899.0,4695.0,3582.0,1996.0,2441.0,1489.0,2147.8571428571427,1906.3333333333333,1480.0,1526.0,1119.0,1517.857142857143,1293.7,895.0,800.0,652.0,871.1428571428571,698.6,135.66,130.46,122.33,134.19857142857143,130.08066666666667,2250.0,1875.0,1777.5,2121.785714285714,1992.4333333333334,83.401,83.431,83.265,83.36442857142858,83.29433333333333,617.0,648.5,680.5,625.0714285714286,656.3166666666667,501.0,517.0,538.0,503.85714285714283,518.4666666666667,100.8,100.8,102.5,100.8,101.99,12,2,0,1,0,9.0
2023-12-14,2411.0,real,4276.0,real,1915.0,real,1442.0,real,906.0,real,0.08795399787835964,0.7517031335773677,0.7407942238267149,59.83109044514999,135.22,real,1993.0,real,100.8,forward_filled_monthly,83.312,real,611.0,498.5,real,56.26437005286815,62.522665077085634,55.898654267089995,2438.0,3143.0,1385.0,2533.5714285714284,2164.0666666666666,4306.0,5946.0,1883.0,4456.428571428572,3661.766666666667,1953.0,2425.0,1461.0,2075.0,1921.4666666666667,1463.0,1565.0,1108.0,1500.2857142857142,1304.8333333333333,903.0,831.0,645.0,881.8571428571429,707.3,135.03,130.77,125.57,134.8342857142857,130.40233333333333,2050.0,2004.0,1777.5,2120.214285714286,1999.6166666666666,83.355,83.325,83.262,83.36257142857143,83.29599999999999,609.0,644.0,678.0,620.3571428571429,654.0833333333334,495.5,516.0,538.5,501.35714285714283,517.1333333333333,100.8,100.8,102.5,100.8,101.93333333333334,12,3,0,1,0,10.0
2023-12-15,2348.0,real,4113.0,real,1900.0,real,1426.0,real,908.0,real,0.07867939429613596,0.7778856274074164,0.6060191518467852,53.85810556856229,135.08,real,1980.5,real,100.8,forward_filled_monthly,83.025,real,618.5,502.5,real,48.033831747847586,61.19121033950199,52.314863341137375,2411.0,2848.0,1462.0,2462.1428571428573,2193.6,4276.0,5161.0,2133.0,4306.714285714285,3727.766666666667,1915.0,2311.0,1448.0,2016.2857142857142,1936.5333333333333,1442.0,1552.0,1101.0,1482.2857142857142,1315.6666666666667,906.0,851.0,634.0,890.0,716.4333333333333,135.22,132.92,126.15,135.14285714285714,130.7,1993.0,2004.0,2020.0,2116.8571428571427,1998.3,83.312,83.337,83.15,83.318,83.29183333333334,611.0,639.5,678.5,617.3571428571429,652.0833333333334,498.5,512.0,541.5,500.0,515.8333333333334,100.8,100.8,102.5,100.8,101.87666666666668,12,4,0,1,0,11.0
2023-12-18,2288.0,real,3936.0,real,1906.0,real,1419.0,real,907.0,real,0.04062255272900124,0.88532127257423,0.5022980958634276,49.26137792693609,134.61,real,1951.0,real,100.8,forward_filled_monthly,83.149,real,623.0,502.0,real,46.62796008078194,59.92315820846994,49.556826756161655,2348.0,2495.0,1523.0,2432.5714285714284,2219.1,4113.0,4203.0,2319.0,4268.571428571428,3781.6666666666665,1900.0,2197.0,1448.0,1974.7142857142858,1951.8,1426.0,1538.0,1098.0,1465.2857142857142,1326.3666666666666,908.0,862.0,627.0,896.4285714285714,725.7666666666667,135.08,134.4,126.63,135.17285714285714,130.966,1980.5,2060.0,2020.0,2101.285714285714,1996.0,83.025,83.348,83.223,83.28957142857143,83.28936666666667,618.5,624.0,677.5,617.2142857142857,650.2666666666667,502.5,501.0,537.0,500.14285714285717,514.6666666666666,100.8,100.8,102.5,100.8,101.82,12,0,0,1,0,14.0
2023-12-19,2219.0,real,3730.0,real,1915.0,real,1408.0,real,903.0,real,0.04225926367471565,0.8807007867650171,0.42334830019243097,45.762467270648145,134.65,real,1964.0,real,100.8,forward_filled_monthly,83.111,real,629.0,507.0,real,47.451017808086,58.46489825778307,47.457480362388885,2288.0,2483.0,1559.0,2394.8571428571427,2241.1,3936.0,4259.0,2427.0,4193.0,3825.1,1906.0,2104.0,1453.0,1947.7142857142858,1967.2,1419.0,1521.0,1097.0,1449.142857142857,1336.7333333333333,907.0,872.0,615.0,900.8571428571429,735.3666666666667,134.61,135.45,125.95,135.0585714285714,131.256,1951.0,2310.5,2020.0,2051.785714285714,1994.1333333333334,83.149,83.43,83.235,83.244,83.28523333333334,623.0,621.5,673.0,618.2857142857143,648.8,502.0,499.5,527.5,501.2142857142857,513.9833333333333,100.8,100.8,102.5,100.8,101.76333333333334,12,1,0,1,0,15.0
2023-12-20,2150.0,real,3530.0,real,1917.0,real,1397.0,real,896.0,real,0.03732073961663193,0.8946423934907378,0.40522875816993453,44.959442283303424,134.85,real,1976.0,real,100.8,forward_filled_monthly,83.167,real,634.0,512.0,real,47.049225330723374,57.0066383070962,46.97566536998205,2219.0,2509.0,1530.0,2343.5714285714284,2261.766666666667,3730.0,4398.0,2318.0,4069.0,3865.5,1915.0,2049.0,1470.0,1928.857142857143,1982.1,1408.0,1506.0,1104.0,1433.5714285714287,1346.5,903.0,884.0,607.0,902.5714285714286,745.0,134.65,135.16,127.26,135.0142857142857,131.50900000000001,1964.0,2174.0,2020.0,2023.5,1992.6666666666667,83.111,83.355,83.218,83.21714285714286,83.28353333333332,629.0,620.5,664.5,620.2142857142857,647.7833333333333,507.0,502.0,517.0,502.64285714285717,513.8166666666667,100.8,100.8,102.5,100.8,101.70666666666666,12,2,0,1,0,16.0
2023-12-21,2087.0,real,3361.0,real,1915.0,real,1378.0,real,888.0,real,0.01787096490149728,0.9495497113033178,0.3060075093867334,40.5621378729859,135.31,real,1980.5,real,100.8,forward_filled_monthly,83.219,real,637.5,509.0,real,47.37405426564541,55.675183569512555,44.33728272379154,2150.0,2551.0,1598.0,2277.285714285714,2278.0666666666666,3530.0,4592.0,2486.0,3893.1428571428573,3894.6666666666665,1917.0,1996.0,1500.0,1917.2857142857142,1995.9333333333334,1397.0,1480.0,1116.0,1419.0,1355.2333333333333,896.0,895.0,601.0,901.5714285714286,754.5666666666667,134.85,135.66,127.38,134.96428571428572,131.77333333333334,1976.0,2250.0,2020.0,1985.0,1991.35,83.167,83.401,83.32,83.19114285714285,83.28016666666667,634.0,617.0,660.5,623.1428571428571,647.0166666666667,512.0,501.0,512.0,503.7857142857143,513.7166666666667,100.8,100.8,102.5,100.8,101.65,12,3,0,1,0,17.0
2023-12-22,2094.0,real,3398.0,real,1909.0,real,1369.0,real,879.0,real,0.025039103250994853,0.929313834217598,0.27449786975045654,39.16568823100584,135.52,real,2018.5,real,100.8,forward_filled_monthly,83.191,real,639.0,510.5,real,48.09547807345504,55.82312298479963,43.499412938603506,2087.0,2438.0,1643.0,2228.1428571428573,2293.1,3361.0,4306.0,2589.0,3763.4285714285716,3921.633333333333,1915.0,1953.0,1530.0,1911.0,2008.5666666666666,1378.0,1463.0,1125.0,1405.5714285714287,1363.3666666666666,888.0,903.0,594.0,898.1428571428571,764.0666666666667,135.31,135.03,128.07,135.03428571428572,132.02166666666668,1980.5,2050.0,2020.0,1980.5,1991.3,83.219,83.355,83.314,83.16771428571428,83.27606666666667,637.5,609.0,661.0,627.4285714285714,646.2833333333333,509.0,495.5,515.5,505.92857142857144,513.55,100.8,100.8,102.5,100.8,101.59333333333333,12,4,0,1,0,18.0
2023-12-25,2094.0,forward_filled,3398.0,forward_filled,1909.0,forward_filled,1369.0,forward_filled,879.0,forward_filled,0.026350140754960914,0.9256127346445289,0.2652567975830815,38.75614080143811,135.52,forward_filled,2004.5,real,100.8,forward_filled_monthly,83.169,real,639.0,510.5,real,47.54127695470943,55.82312298479963,43.253684480862866,2094.0,2411.0,1655.0,2182.8571428571427,2307.733333333333,3398.0,4276.0,2607.0,3638.0,3948.0,1909.0,1915.0,1548.0,1910.142857142857,2020.6,1369.0,1442.0,1127.0,1395.142857142857,1371.4333333333334,879.0,906.0,588.0,894.2857142857143,773.7666666666667,135.52,135.22,128.34,135.07714285714286,132.261,2018.5,1993.0,2020.0,1982.142857142857,1990.7833333333333,83.191,83.312,83.209,83.1472857142857,83.27473333333333,639.0,611.0,666.5,631.4285714285714,645.3666666666667,510.5,498.5,513.5,507.64285714285717,513.45,100.8,100.8,102.5,100.8,101.53666666666666,12,0,0,1,0,21.0
2023-12-26,2094.0,forward_filled,3398.0,forward_filled,1909.0,forward_filled,1369.0,forward_filled,879.0,forward_filled,0.028707417452030728,0.9189580693502576,0.25992779783393494,38.51996927178214,135.75,real,2009.5,real,100.8,forward_filled_monthly,83.163,real,637.5,509.5,real,47.53689127651416,55.82312298479963,43.111981563069286,2094.0,2348.0,1662.0,2146.5714285714284,2322.133333333333,3398.0,4113.0,2574.0,3535.8571428571427,3975.4666666666667,1909.0,1900.0,1607.0,1911.4285714285713,2030.6666666666667,1369.0,1426.0,1133.0,1387.0,1379.3,879.0,908.0,587.0,890.1428571428571,783.5,135.52,135.08,128.78,135.17285714285714,132.49333333333334,2004.5,1980.5,2020.0,1986.2857142857142,1990.4333333333334,83.169,83.025,82.978,83.167,83.28089999999999,639.0,618.5,674.5,634.1428571428571,644.1333333333333,510.5,502.5,519.5,508.64285714285717,513.1166666666667,100.8,100.8,102.5,100.8,101.48,12,1,0,1,0,22.0
2023-12-27,2094.0,forward_filled,3398.0,forward_filled,1909.0,forward_filled,1369.0,forward_filled,879.0,forward_filled,0.02919302555191093,0.917587182609254,0.2405213270142179,37.6599099521227,136.07,real,1987.0,real,100.8,forward_filled_monthly,83.268,real,643.5,513.5,real,47.84366247908698,55.82312298479963,42.59594597127362,2094.0,2288.0,1688.0,2118.8571428571427,2335.6666666666665,3398.0,3936.0,2574.0,3459.0,4002.9333333333334,1909.0,1906.0,1693.0,1911.857142857143,2037.8666666666666,1369.0,1419.0,1141.0,1379.857142857143,1386.9,879.0,907.0,588.0,886.1428571428571,793.2,135.75,134.61,129.25,135.38142857142856,132.72066666666666,2009.5,1951.0,1982.5,1991.4285714285713,1990.5833333333333,83.163,83.149,83.193,83.184,83.2834,637.5,623.0,672.5,637.0714285714286,643.1666666666666,509.5,502.0,522.0,510.2857142857143,512.8333333333334,100.8,100.8,102.5,100.8,101.42333333333333,12,2,0,1,0,23.0
2023-12-28,2094.0,forward_filled,3398.0,forward_filled,1909.0,forward_filled,1369.0,forward_filled,879.0,forward_filled,0.026199855581750017,0.9260369943539016,0.19112627986348119,35.470811736292234,136.16,real,1968.0,real,100.8,forward_filled_monthly,83.174,real,642.0,510.5,real,47.51173050568093,55.82312298479963,41.28248704177534,2094.0,2219.0,1758.0,2101.0,2346.866666666667,3398.0,3730.0,2664.0,3411.5714285714284,4027.4,1909.0,1915.0,1800.0,1911.0,2041.5,1369.0,1408.0,1178.0,1374.2857142857142,1393.2666666666667,879.0,903.0,593.0,882.7142857142857,802.7333333333333,136.07,134.65,129.42,135.59714285714287,132.94533333333334,1987.0,1964.0,1973.5,1992.0,1990.4,83.268,83.111,83.16,83.193,83.28386666666665,643.5,629.0,666.0,638.9285714285714,642.3666666666667,513.5,507.0,520.5,510.7857142857143,512.5,100.8,100.8,102.5,100.8,101.36666666666666,12,3,0,1,0,24.0
2023-12-29,2094.0,forward_filled,3398.0,forward_filled,1909.0,forward_filled,1369.0,forward_filled,879.0,forward_filled,0.019231373513660374,0.9457092355591497,0.15054945054945046,33.67252081889856,136.37,real,1957.5,real,100.8,forward_filled_monthly,83.218,real,637.0,508.0,real,47.40625494694135,55.82312298479963,40.20351249133914,2094.0,2150.0,1820.0,2093.0,2356.0,3398.0,3530.0,2763.0,3392.714285714286,4048.5666666666666,1909.0,1917.0,1874.0,1909.857142857143,2042.6666666666667,1369.0,1397.0,1205.0,1370.2857142857142,1398.7333333333333,879.0,896.0,599.0,880.2857142857143,812.0666666666667,136.16,134.85,128.95,135.81428571428572,133.19266666666667,1968.0,1976.0,1982.0,1989.357142857143,1989.5833333333333,83.174,83.167,83.249,83.20028571428573,83.28283333333334,642.0,634.0,658.5,639.3571428571429,641.65,510.5,512.0,517.0,510.2142857142857,512.2,100.8,100.8,102.5,100.8,101.31,12,4,0,1,0,25.0
2024-01-01,2094.0,forward_filled,3398.0,forward_filled,1909.0,forward_filled,1369.0,forward_filled,879.0,forward_filled,0.004160870425872289,0.9882537336192095,0.15244909190974143,33.75670945222126,136.37,forward_filled,1957.5,forward_filled,111.8,real,83.243,real,637.0,508.0,real,48.631178933843046,72.74619990787656,40.254025671332755,2094.0,2087.0,1817.0,2094.0,2365.233333333333,3398.0,3361.0,2707.0,3398.0,4071.6,1909.0,1915.0,1915.0,1909.0,2042.4666666666667,1369.0,1378.0,1217.0,1369.0,1403.8,879.0,888.0,605.0,879.0,821.2,136.37,135.31,129.31,135.96571428571428,133.428,1957.5,1980.5,1930.5,1986.0714285714287,1990.4833333333333,83.218,83.219,83.322,83.20371428571427,83.2802,637.0,637.5,668.0,639.2857142857143,640.6166666666667,508.0,509.0,519.5,510.07142857142856,511.81666666666666,100.8,100.8,102.5,102.37142857142858,101.61999999999999,1,0,0,0,0,28.0
2024-01-02,2093.0,real,3484.0,real,1872.0,real,1308.0,real,808.0,real,0.009565904849558623,0.972995153649214,0.16536748329621376,34.32922894894786,136.37,real,1969.0,real,111.8,forward_filled_monthly,83.275,real,636.0,505.5,real,48.98385789730519,72.72506570569269,40.597537369368716,2094.0,2094.0,1796.0,2093.8571428571427,2375.133333333333,3398.0,3398.0,2586.0,3410.285714285714,4101.533333333334,1909.0,1909.0,1969.0,1903.7142857142858,2039.2333333333333,1369.0,1369.0,1232.0,1360.2857142857142,1406.3333333333333,879.0,879.0,614.0,868.8571428571429,827.6666666666666,136.37,135.52,129.55,136.08714285714288,133.65533333333332,1957.5,2018.5,1924.5,1979.0,1991.9666666666667,83.243,83.191,83.336,83.21571428571428,83.27816666666668,637.0,639.0,674.5,638.8571428571429,639.3333333333334,508.0,510.5,523.0,509.35714285714283,511.23333333333335,111.8,100.8,102.5,103.94285714285714,101.93,1,1,0,0,0,29.0
2024-01-03,2091.0,real,3569.0,real,1808.0,real,1271.0,real,745.0,real,0.012129939112489382,0.9657568053280103,0.19145299145299144,35.48529099684452,144.16,real,1976.5,real,111.8,forward_filled_monthly,83.291,real,633.5,504.0,real,54.58234004367405,72.68279730132495,41.291174598106714,2093.0,2094.0,1755.0,2093.4285714285716,2386.3333333333335,3484.0,3398.0,2415.0,3434.714285714286,4140.0,1872.0,1909.0,2008.0,1889.2857142857142,2032.5666666666666,1308.0,1369.0,1247.0,1346.2857142857142,1407.1333333333334,808.0,879.0,623.0,849.7142857142857,831.7333333333333,136.37,135.52,129.84,137.32142857142858,134.13266666666667,1969.0,2004.5,1893.5,1975.0,1994.7333333333333,83.275,83.169,83.315,83.23314285714287,83.27736666666667,636.0,639.0,673.5,638.0714285714286,638.0,505.5,510.5,526.5,508.42857142857144,510.48333333333335,111.8,100.8,102.5,105.5142857142857,102.24,1,2,0,0,0,30.0
2024-01-04,2086.0,real,3651.0,real,1727.0,real,1236.0,real,716.0,real,0.012967816604516572,0.9633914511572524,0.12452830188679243,32.519311066158515,142.95,real,1999.5,real,111.8,forward_filled_monthly,83.248,real,633.5,506.0,real,53.43053454721348,72.57712629040562,39.51158663969511,2091.0,2094.0,1855.0,2092.285714285714,2394.0333333333333,3569.0,3398.0,2679.0,3470.8571428571427,4172.4,1808.0,1909.0,2034.0,1863.2857142857142,2022.3333333333333,1271.0,1369.0,1265.0,1327.2857142857142,1406.1666666666667,745.0,879.0,648.0,826.4285714285714,834.0,144.16,135.75,129.84,138.35,134.56966666666668,1976.5,2009.5,1930.0,1973.5714285714287,1997.05,83.291,83.163,83.334,83.24528571428571,83.2745,633.5,637.5,670.0,637.5,636.7833333333333,504.0,509.5,524.0,507.92857142857144,509.8833333333333,111.8,100.8,102.5,107.08571428571429,102.55,1,3,0,0,0,31.0
2024-01-05,2110.0,real,3798.0,real,1666.0,real,1212.0,real,695.0,real,0.016136880278329203,0.9544450860268157,0.0038058991436726863,27.1691148076296,141.45,real,2000.0,real,111.8,forward_filled_monthly,83.132,real,635.0,505.0,real,51.99158334507481,73.08434714281844,36.30146888457776,2086.0,2094.0,2102.0,2094.5714285714284,2394.3,3651.0,3398.0,3385.0,3528.0,4186.166666666667,1727.0,1909.0,2064.0,1828.5714285714287,2009.0666666666666,1236.0,1369.0,1279.0,1304.857142857143,1403.9333333333334,716.0,879.0,670.0,800.1428571428571,834.8333333333334,142.95,136.07,130.16,139.11857142857144,134.946,1999.5,1987.0,1942.0,1975.4285714285713,1998.9833333333333,83.248,83.268,83.345,83.22585714285715,83.2674,633.5,643.5,665.0,636.2857142857143,635.7833333333333,506.0,513.5,522.5,506.7142857142857,509.3,111.8,100.8,102.5,108.65714285714284,102.86,1,4,0,0,0,32.0
2024-01-08,2022.0,real,3599.0,real,1605.0,real,1194.0,real,680.0,real,0.030567844198877227,0.9137060268894964,-0.10491367861885792,22.350861815998478,140.87,real,2014.5,real,111.8,forward_filled_monthly,83.05,real,631.5,504.0,real,50.61081063984516,71.2245373506381,33.41051708959908,2110.0,2094.0,2259.0,2084.285714285714,2386.4,3798.0,3398.0,3819.0,3556.714285714286,4178.833333333333,1666.0,1909.0,2095.0,1785.142857142857,1992.7333333333333,1212.0,1369.0,1292.0,1279.857142857143,1400.6666666666667,695.0,879.0,680.0,771.7142857142857,834.8333333333334,141.45,136.16,130.42,139.79142857142858,135.29433333333333,2000.0,1968.0,1986.5,1982.0714285714287,1999.9166666666667,83.132,83.174,83.335,83.20814285714286,83.2579,635.0,642.0,655.5,634.7857142857143,634.9833333333333,505.0,510.5,518.5,505.7857142857143,508.81666666666666,111.8,100.8,102.5,110.22857142857143,103.17,1,0,0,0,0,35.0
2024-01-09,1875.0,real,3249.0,real,1534.0,real,1162.0,real,661.0,real,0.05065420723285165,0.8570016004908149,-0.21580928481806771,17.436171220941368,140.52,real,2079.5,real,111.8,forward_filled_monthly,83.114,real,625.5,496.5,real,53.164919480046635,68.11780962960955,30.46170273256482,2022.0,2094.0,2391.0,2053.0,2369.2,3599.0,3398.0,4179.0,3535.4285714285716,4147.833333333333,1605.0,1909.0,2106.0,1731.5714285714287,1973.6666666666667,1194.0,1369.0,1321.0,1250.2857142857142,1395.3666666666666,680.0,879.0,695.0,740.5714285714286,833.7,140.87,136.37,130.4,140.3842857142857,135.6316666666667,2014.5,1957.5,1954.5,1999.5,2004.0833333333333,83.05,83.218,83.345,83.19328571428572,83.2502,631.5,637.0,653.5,633.1428571428571,634.05,504.0,508.0,521.0,504.14285714285717,508.0,111.8,100.8,102.5,111.8,103.48,1,1,0,0,0,36.0
2024-01-10,1664.0,real,2696.0,real,1464.0,real,1135.0,real,644.0,real,0.08004363472810572,0.7740343343169804,-0.3827893175074184,10.035921343173634,138.16,real,2079.0,real,111.8,forward_filled_monthly,83.028,real,627.0,503.0,real,52.64741041306825,63.658492968813505,26.021552805904182,1875.0,2094.0,2696.0,1991.5714285714287,2334.8,3249.0,3398.0,5040.0,3435.1428571428573,4069.7,1534.0,1909.0,2131.0,1668.0,1951.4333333333334,1162.0,1369.0,1360.0,1216.857142857143,1387.8666666666666,661.0,879.0,723.0,707.0,831.0666666666667,140.52,136.37,130.38,140.64,135.891,2079.5,1957.5,1925.5,2016.857142857143,2009.2,83.114,83.243,83.357,83.16257142857144,83.23923333333333,625.5,637.0,654.0,631.7142857142857,633.15,496.5,508.0,523.5,503.42857142857144,507.31666666666666,111.8,111.8,102.5,111.8,103.78999999999999,1,2,0,0,0,37.0
2024-01-11,1554.0,real,2424.0,real,1421.0,real,1108.0,real,625.0,real,0.07983795679816498,0.7746149694981942,-0.47088866189989786,6.131519409172558,138.85,real,2073.5,real,111.8,forward_filled_monthly,83.068,real,622.5,497.5,real,56.706871643014864,61.33373072858808,23.678911645503533,1664.0,2093.0,2937.0,1914.5714285714287,2288.7,2696.0,3484.0,5629.0,3283.714285714286,3962.866666666667,1464.0,1872.0,2219.0,1603.5714285714287,1924.8333333333333,1135.0,1308.0,1425.0,1188.2857142857142,1377.3,644.0,808.0,751.0,680.8571428571429,826.8666666666667,138.16,136.37,130.46,140.9942857142857,136.17066666666668,2079.0,1969.0,1808.0,2031.7857142857142,2018.05,83.028,83.275,83.383,83.13300000000001,83.22873333333334,627.0,636.0,660.5,629.7857142857143,631.8833333333333,503.0,505.5,528.0,502.2857142857143,506.3,111.8,111.8,102.5,111.8,104.1,1,3,0,0,0,38.0
2024-01-12,1460.0,real,2172.0,real,1410.0,real,1088.0,real,616.0,real,0.07515236835517915,0.787842531130452,-0.5426065162907268,2.953115173398663,137.22,real,1999.5,real,111.8,forward_filled_monthly,82.862,real,627.0,501.5,real,51.305810156972896,59.34711572330452,21.7718691040392,1554.0,2091.0,3192.0,1824.4285714285713,2230.9666666666667,2424.0,3569.0,6237.0,3084.1428571428573,3827.366666666667,1421.0,1808.0,2341.0,1546.7142857142858,1893.8,1108.0,1271.0,1489.0,1162.142857142857,1363.9333333333334,625.0,745.0,773.0,662.4285714285714,821.6333333333333,138.85,144.16,130.46,140.00285714285715,136.39600000000002,2073.5,1976.5,1875.0,2035.0714285714287,2022.2,83.068,83.291,83.265,83.07171428571428,83.2153,622.5,633.5,660.0,628.8571428571429,630.7833333333333,497.5,504.0,522.0,501.92857142857144,505.6166666666667,111.8,111.8,100.8,111.8,104.46666666666667,1,4,0,0,0,39.0
2024-01-15,1360.0,real,1880.0,real,1412.0,real,1078.0,real,605.0,real,0.06725407402624765,0.8101396612128113,-0.5935445307830245,0.6956354649017682,137.22,forward_filled,1990.5,real,111.8,forward_filled_monthly,82.832,real,626.0,497.0,real,51.04118278051541,57.23369550491777,20.417381278941065,1460.0,2086.0,3346.0,1720.7142857142858,2164.766666666667,2172.0,3651.0,6582.0,2831.1428571428573,3670.633333333333,1410.0,1727.0,2441.0,1501.7142857142858,1859.5,1088.0,1236.0,1526.0,1139.5714285714287,1349.0,616.0,716.0,800.0,646.5714285714286,815.1333333333333,137.22,142.95,130.46,139.18428571428572,136.62133333333335,1999.5,1999.5,1875.0,2033.7857142857142,2026.05,82.862,83.248,83.431,83.01228571428571,83.19533333333334,627.0,633.5,648.5,627.7857142857143,630.0333333333333,501.5,506.0,517.0,500.64285714285717,504.95,111.8,111.8,100.8,111.8,104.83333333333333,1,0,0,0,0,42.0
2024-01-16,1324.0,real,1779.0,real,1421.0,real,1060.0,real,600.0,real,0.0418787507676724,0.8817749865141049,-0.5787464206172447,1.3514606625721817,136.75,real,1704.5,real,111.8,forward_filled_monthly,83.089,real,624.5,495.0,real,38.93515626212646,56.47286422629853,20.81087639754331,1360.0,2110.0,3143.0,1608.4285714285713,2104.133333333333,1880.0,3798.0,5946.0,2542.714285714286,3531.733333333333,1412.0,1666.0,2425.0,1466.7142857142858,1826.0333333333333,1078.0,1212.0,1565.0,1117.857142857143,1332.1666666666667,605.0,695.0,831.0,633.0,807.4333333333333,137.22,141.45,130.77,138.51285714285714,136.82066666666665,1990.5,2000.0,2004.0,1991.5714285714287,2016.0666666666666,82.832,83.132,83.325,83.00614285714286,83.18746666666668,626.0,635.0,644.0,626.2857142857143,629.3833333333333,497.0,505.0,516.0,499.2142857142857,504.25,111.8,111.8,100.8,111.8,105.2,1,1,0,0,0,43.0
2024-01-17,1308.0,real,1733.0,real,1446.0,real,1039.0,real,596.0,real,0.04787294521333017,0.8648531895124137,-0.5407303370786517,3.0362640071916167,135.79,real,1734.5,real,111.8,forward_filled_monthly,83.187,real,623.5,494.0,real,37.89439507962359,56.13471699135666,21.821758404314973,1324.0,2022.0,2848.0,1506.4285714285713,2052.8,1779.0,3599.0,5161.0,2276.1428571428573,3417.4666666666667,1421.0,1605.0,2311.0,1444.0,1797.2,1060.0,1194.0,1552.0,1095.7142857142858,1315.0666666666666,600.0,680.0,851.0,621.0,798.9333333333333,136.75,140.87,132.92,137.78714285714287,136.9163333333333,1704.5,2014.5,2004.0,1951.5714285714287,2007.0833333333333,83.089,83.05,83.337,83.0257142857143,83.18246666666667,624.5,631.5,639.5,625.1428571428571,628.85,495.0,504.0,512.0,497.7857142857143,503.65,111.8,111.8,100.8,111.8,105.56666666666665,1,2,0,0,0,44.0
2024-01-18,1357.0,real,1853.0,real,1492.0,real,1029.0,real,593.0,real,0.07934774693044032,0.7759988471726783,-0.45611222444889776,6.78638411173277,136.08,real,1730.5,real,111.8,forward_filled_monthly,83.17,real,623.0,490.5,real,35.78728662009136,57.17029289836617,24.071830467039664,1308.0,1875.0,2495.0,1432.4285714285713,2014.8666666666666,1733.0,3249.0,4203.0,2076.714285714286,3339.133333333333,1446.0,1534.0,2197.0,1438.0,1773.7,1039.0,1162.0,1538.0,1076.7142857142858,1298.1,596.0,661.0,862.0,611.2857142857143,789.9666666666667,135.79,140.52,134.4,137.15285714285713,136.97233333333332,1734.5,2079.5,2060.0,1901.7142857142858,1996.1,83.187,83.114,83.348,83.03371428571428,83.17653333333334,623.5,625.5,624.0,624.7857142857143,628.8166666666667,494.0,496.5,501.0,496.92857142857144,503.3,111.8,111.8,100.8,111.8,105.93333333333334,1,3,0,0,0,45.0
2024-01-19,1503.0,real,2244.0,real,1550.0,real,1030.0,real,594.0,real,0.1219219330466169,0.655810598109113,-0.3946838501812324,9.508777393398194,135.88,real,1729.5,real,111.8,forward_filled_monthly,83.099,real,630.0,492.0,real,30.02136084981386,60.255886417210824,25.705266436038915,1357.0,1664.0,2483.0,1409.4285714285713,1982.2,1853.0,2696.0,4259.0,2012.142857142857,3271.9666666666667,1492.0,1464.0,2104.0,1450.2857142857142,1755.2333333333333,1029.0,1135.0,1521.0,1061.7142857142858,1281.7333333333333,593.0,644.0,872.0,604.1428571428571,780.7,136.08,138.16,135.45,136.82714285714286,136.98666666666668,1730.5,2079.0,2310.5,1851.7857142857142,1976.7333333333333,83.17,83.028,83.43,83.04385714285715,83.16550000000001,623.0,627.0,621.5,625.2142857142857,629.1,490.5,503.0,499.5,495.35714285714283,503.05,111.8,111.8,100.8,111.8,106.3,1,4,0,0,0,46.0
2024-01-22,1518.0,real,2272.0,real,1576.0,real,1027.0,real,594.0,real,0.11677646890632591,0.6703364031110778,-0.39497807891590275,9.495737713607074,135.42,real,1737.5,real,111.8,forward_filled_monthly,83.105,real,634.5,491.5,real,32.718603492845716,60.572899449968844,25.697442628164243,1503.0,1554.0,2509.0,1404.2857142857142,1949.1666666666667,2244.0,2424.0,4398.0,1990.4285714285713,3201.1,1550.0,1421.0,2049.0,1472.4285714285713,1739.4666666666667,1030.0,1108.0,1506.0,1050.142857142857,1265.7666666666667,594.0,625.0,884.0,599.7142857142857,771.0333333333333,135.88,138.85,135.16,136.33714285714285,136.99533333333335,1729.5,2073.5,2174.0,1803.7857142857142,1962.1833333333334,83.099,83.068,83.355,83.04914285714287,83.15716666666667,630.0,622.5,620.5,626.9285714285714,629.5666666666667,492.0,497.5,502.0,494.5,502.7,111.8,111.8,100.8,111.8,106.66666666666667,1,0,0,0,0,49.0
2024-01-23,1473.0,real,2099.0,real,1613.0,real,1033.0,real,596.0,real,0.11321129898601826,0.6804009884719489,-0.4225793806350451,8.272498465275437,135.48,real,1733.0,real,111.8,forward_filled_monthly,83.155,real,635.5,492.0,real,30.868745386306028,59.6218603516948,24.96349907916526,1518.0,1460.0,2551.0,1406.142857142857,1913.2333333333333,2272.0,2172.0,4592.0,1980.0,3118.0,1576.0,1410.0,1996.0,1501.4285714285713,1726.7,1027.0,1088.0,1480.0,1042.2857142857142,1250.8666666666666,594.0,616.0,895.0,596.8571428571429,761.0666666666667,135.42,137.22,135.66,136.0885714285714,136.98933333333335,1737.5,1999.5,2250.0,1765.7142857142858,1944.95,83.105,82.862,83.401,83.09100000000001,83.14896666666667,634.5,627.0,617.0,628.1428571428571,630.1833333333333,491.5,501.5,501.0,493.14285714285717,502.4,111.8,111.8,100.8,111.8,107.03333333333333,1,1,0,0,0,50.0
2024-01-24,1507.0,real,2145.0,real,1663.0,real,1050.0,real,597.0,real,0.09635036522689111,0.7279999278986795,-0.381870385561936,10.076646727566656,135.49,real,1746.5,real,111.8,forward_filled_monthly,83.135,real,641.0,492.5,real,35.7404737673934,60.340423225946296,26.045988036539992,1473.0,1360.0,2438.0,1427.142857142857,1882.2,2099.0,1880.0,4306.0,2017.857142857143,3045.9666666666667,1613.0,1412.0,1953.0,1537.2857142857142,1717.0333333333333,1033.0,1078.0,1463.0,1038.2857142857142,1237.1,596.0,605.0,903.0,595.7142857142857,750.8666666666667,135.48,137.22,135.03,135.84142857142857,137.00466666666668,1733.0,1990.5,2050.0,1730.857142857143,1934.8333333333333,83.155,82.832,83.355,83.13428571428572,83.14163333333335,635.5,626.0,609.0,630.2857142857143,631.25,492.0,497.0,495.5,492.5,502.3,111.8,111.8,100.8,111.8,107.4,1,2,0,0,0,51.0
2024-01-25,1499.0,real,2086.0,real,1690.0,real,1062.0,real,597.0,real,0.09334710540755924,0.7364782236007624,-0.37826627955205305,10.236374119096858,135.54,real,1753.5,real,111.8,forward_filled_monthly,83.172,real,647.0,497.0,real,37.1970036559886,60.17134960847535,26.141824471458115,1507.0,1324.0,2411.0,1452.142857142857,1851.8,2145.0,1779.0,4276.0,2061.714285714286,2972.9666666666667,1663.0,1421.0,1915.0,1575.7142857142858,1709.5333333333333,1050.0,1060.0,1442.0,1038.5714285714287,1224.4333333333334,597.0,600.0,906.0,595.2857142857143,740.5666666666667,135.49,136.75,135.22,135.66857142857143,137.01533333333333,1746.5,1704.5,1993.0,1737.857142857143,1926.85,83.135,83.089,83.312,83.14614285714286,83.13696666666668,641.0,624.5,611.0,633.5,632.45,492.5,495.0,498.5,492.7857142857143,502.25,111.8,111.8,100.8,111.8,107.76666666666667,1,3,0,0,0,52.0
2024-01-26,1518.0,real,2135.0,real,1696.0,real,1065.0,real,596.0,real,0.09056037582663842,0.7443452477179247,-0.3534923339011925,11.334310113729693,135.55,real,1729.5,real,111.8,forward_filled_monthly,83.12,real,654.0,504.0,real,36.92110624613012,60.572899449968844,26.800586068237816,1499.0,1308.0,2348.0,1482.142857142857,1824.1333333333334,2086.0,1733.0,4113.0,2119.1428571428573,2907.0333333333333,1690.0,1446.0,1900.0,1611.4285714285713,1702.7333333333333,1062.0,1039.0,1426.0,1042.2857142857142,1212.4,597.0,596.0,908.0,595.2857142857143,730.1666666666666,135.54,135.79,135.08,135.6342857142857,137.031,1753.5,1734.5,1980.5,1737.142857142857,1918.4833333333333,83.172,83.187,83.025,83.13657142857143,83.14013333333334,647.0,623.5,618.5,637.8571428571429,633.6333333333333,497.0,494.0,502.5,494.2142857142857,502.3,111.8,111.8,100.8,111.8,108.13333333333331,1,4,0,0,0,53.0
2024-01-29,1460.0,real,1970.0,real,1686.0,real,1065.0,real,597.0,real,0.09758298278505119,0.7245202102670609,-0.3618881118881119,10.96222457738863,135.55,real,1708.5,real,111.8,forward_filled_monthly,83.139,real,663.5,509.0,real,37.326525171602206,59.34711572330452,26.57733474643318,1518.0,1357.0,2288.0,1496.857142857143,1796.5333333333333,2135.0,1853.0,3936.0,2135.8571428571427,2841.5,1696.0,1492.0,1906.0,1639.142857142857,1695.4,1065.0,1029.0,1419.0,1047.4285714285713,1200.6,596.0,593.0,907.0,595.8571428571429,719.8333333333334,135.55,136.08,134.61,135.5585714285714,137.06233333333333,1729.5,1730.5,1951.0,1734.0,1910.4,83.12,83.17,83.149,83.13214285714285,83.13980000000001,654.0,623.0,623.0,643.6428571428571,634.9833333333333,504.0,490.5,502.0,496.85714285714283,502.53333333333336,111.8,111.8,100.8,111.8,108.5,1,0,0,0,0,56.0
2024-01-30,1397.0,real,1824.0,real,1636.0,real,1061.0,real,595.0,real,0.04770439251338743,0.865329019016841,-0.37043713384407395,10.583347548406728,135.61,real,1662.0,real,111.8,forward_filled_monthly,83.125,real,665.0,510.0,real,35.713003558807046,58.015660985720864,26.350008529044036,1460.0,1503.0,2219.0,1481.7142857142858,1769.1333333333334,1970.0,2244.0,3730.0,2075.8571428571427,2777.9666666666667,1686.0,1550.0,1915.0,1651.4285714285713,1686.1,1065.0,1030.0,1408.0,1051.857142857143,1189.0333333333333,597.0,594.0,903.0,596.0,709.5666666666667,135.55,135.88,134.65,135.52,137.09433333333334,1708.5,1729.5,1964.0,1724.357142857143,1900.3333333333333,83.139,83.099,83.111,83.13585714285715,83.14026666666665,663.5,630.0,629.0,648.6428571428571,636.1833333333333,509.0,492.0,507.0,499.42857142857144,502.6333333333333,111.8,111.8,100.8,111.8,108.86666666666666,1,1,0,0,0,57.0
2024-01-31,1398.0,real,1891.0,real,1566.0,real,1055.0,real,591.0,real,0.051849321946765024,0.8536277545527294,-0.34976744186046516,11.499390521399588,135.13,real,1591.0,real,111.8,forward_filled_monthly,83.1,real,666.0,507.5,real,33.05810364575691,58.03679518790473,26.899634312839755,1397.0,1518.0,2150.0,1464.5714285714287,1744.0666666666666,1824.0,2272.0,3530.0,2021.4285714285713,2723.3333333333335,1636.0,1576.0,1917.0,1650.0,1674.4,1061.0,1027.0,1397.0,1055.857142857143,1177.6333333333334,595.0,594.0,896.0,595.5714285714286,699.4,135.61,135.42,134.85,135.47857142857143,137.10366666666667,1662.0,1737.5,1976.0,1703.4285714285713,1887.5,83.125,83.105,83.167,83.13514285714287,83.13803333333334,665.0,634.5,634.0,653.1428571428571,637.25,510.0,491.5,512.0,501.7142857142857,502.48333333333335,111.8,111.8,100.8,111.8,109.23333333333333,1,2,0,0,0,58.0
2024-02-01,1388.0,real,1924.0,real,1497.0,real,1048.0,real,588.0,real,0.04832022496029486,0.8635905049015421,-0.3349305222807858,12.156935681366337,132.67,real,1631.0,real,97.5,real,82.952,real,660.5,499.5,real,32.40179266254243,35.825453166066055,27.2941614088198,1398.0,1473.0,2087.0,1452.4285714285713,1720.7666666666667,1891.0,2099.0,3361.0,1996.4285714285713,2675.4333333333334,1566.0,1613.0,1915.0,1633.4285714285713,1660.4666666666667,1055.0,1033.0,1378.0,1058.0,1166.6333333333334,591.0,596.0,888.0,594.4285714285714,689.4,135.13,135.48,135.31,135.07714285714286,137.01566666666668,1591.0,1733.0,1980.5,1688.857142857143,1875.85,83.1,83.155,83.219,83.10614285714287,83.12913333333333,666.0,635.5,637.5,656.7142857142857,638.0166666666667,507.5,492.0,509.0,502.7857142857143,502.1666666666667,111.8,111.8,100.8,109.75714285714285,109.12333333333332,2,3,0,0,0,59.0
2024-02-02,1407.0,real,2030.0,real,1444.0,real,1041.0,real,585.0,real,0.05347690094449181,0.8490330485161743,-0.32808022922636104,12.460528150011918,128.63,real,1796.0,real,97.5,forward_filled_monthly,83.004,real,655.0,497.0,real,33.63147475112259,36.227003007559546,27.47631689000715,1388.0,1507.0,2094.0,1438.142857142857,1697.8666666666666,1924.0,2145.0,3398.0,1980.0,2629.8333333333335,1497.0,1663.0,1909.0,1602.142857142857,1644.9666666666667,1048.0,1050.0,1369.0,1056.7142857142858,1155.7,588.0,597.0,879.0,592.7142857142857,679.6,132.67,135.49,135.52,134.09714285714284,136.786,1631.0,1746.5,2018.5,1695.9285714285713,1868.4333333333334,82.952,83.135,83.191,83.08742857142856,83.1229,660.5,641.0,639.0,658.7142857142857,638.55,499.5,492.5,510.5,503.42857142857144,501.71666666666664,97.5,111.8,100.8,107.71428571428571,109.01333333333332,2,4,0,0,0,60.0
2024-02-05,1436.0,real,2142.0,real,1419.0,real,1037.0,real,582.0,real,0.057095477092103185,0.8388176957177015,-0.3142311365807068,13.074294625605217,128.94,real,1796.0,real,97.5,forward_filled_monthly,83.041,real,647.5,493.0,real,34.150926989306996,36.8398948708917,27.844576775363134,1407.0,1499.0,2094.0,1429.142857142857,1675.9333333333334,2030.0,2086.0,3398.0,1988.0,2587.9666666666667,1444.0,1690.0,1909.0,1563.4285714285713,1628.6333333333334,1041.0,1062.0,1369.0,1053.142857142857,1144.6333333333334,585.0,597.0,879.0,590.5714285714286,669.7,128.63,135.54,135.52,133.1542857142857,136.56666666666666,1796.0,1753.5,2004.5,1702.0,1861.4833333333333,83.004,83.172,83.169,83.06871428571428,83.11863333333334,655.0,647.0,639.0,658.7857142857143,638.8333333333334,497.0,497.0,510.5,502.85714285714283,501.1333333333333,97.5,111.8,100.8,105.67142857142858,108.90333333333334,2,0,0,0,0,63.0
2024-02-06,1516.0,real,2371.0,real,1428.0,real,1041.0,real,577.0,real,0.06900735470542811,0.8051900954272752,-0.2760267430754537,14.767443523793633,127.39,real,1796.0,real,97.5,forward_filled_monthly,83.067,real,645.0,494.5,real,33.020652413696894,38.530631045601105,28.86046611427618,1436.0,1518.0,2094.0,1428.857142857143,1656.6666666666667,2142.0,2135.0,3398.0,2021.7142857142858,2553.733333333333,1419.0,1696.0,1909.0,1525.142857142857,1612.6,1037.0,1065.0,1369.0,1049.7142857142858,1133.7,582.0,596.0,879.0,587.8571428571429,659.6333333333333,128.94,135.55,135.75,131.98857142857145,136.28799999999998,1796.0,1729.5,2009.5,1711.5,1854.3666666666666,83.041,83.12,83.163,83.06114285714285,83.11543333333334,647.5,654.0,637.5,657.5,639.0833333333334,493.0,504.0,509.5,501.5,500.6333333333333,97.5,111.8,100.8,103.62857142857142,108.79333333333332,2,1,0,0,0,64.0
2024-02-07,1487.0,real,2263.0,real,1445.0,real,1047.0,real,574.0,real,0.06250692582074754,0.823541007965686,-0.289875835721108,14.153677048200331,127.03,real,1796.0,real,97.5,forward_filled_monthly,82.982,real,648.0,496.5,real,33.20344479480158,37.91773918226895,28.4922062289202,1516.0,1460.0,2094.0,1432.7142857142858,1636.4333333333334,2371.0,1970.0,3398.0,2063.5714285714284,2515.9,1428.0,1686.0,1909.0,1490.7142857142858,1597.1333333333334,1041.0,1065.0,1369.0,1047.142857142857,1122.9666666666667,577.0,597.0,879.0,584.5714285714286,649.4666666666667,127.39,135.55,136.07,130.77142857142857,135.98666666666668,1796.0,1708.5,1987.0,1724.0,1848.0,83.067,83.139,83.268,83.03871428571428,83.1059,645.0,663.5,643.5,655.2857142857143,639.2333333333333,494.5,509.0,513.5,499.7142857142857,500.06666666666666,97.5,111.8,100.8,101.58571428571429,108.68333333333334,2,2,0,0,0,65.0
2024-02-08,1473.0,real,2196.0,real,1474.0,real,1050.0,real,570.0,real,0.05262259315700206,0.8514447859210792,-0.2965616045845272,13.857375991017362,129.07,real,1796.0,real,97.5,forward_filled_monthly,82.983,real,650.5,499.0,real,34.795134813976894,37.6218603516948,28.31442559461042,1487.0,1397.0,2094.0,1443.5714285714287,1615.7333333333333,2263.0,1824.0,3398.0,2116.714285714286,2475.8333333333335,1445.0,1636.0,1909.0,1467.5714285714287,1582.6333333333334,1047.0,1061.0,1369.0,1045.5714285714287,1112.3333333333333,574.0,595.0,879.0,581.0,639.1666666666666,127.03,135.61,136.16,129.83714285714285,135.75033333333332,1796.0,1662.0,1968.0,1743.142857142857,1842.2666666666667,82.982,83.125,83.174,83.01842857142857,83.09953333333334,648.0,665.0,642.0,653.2142857142857,639.5166666666667,496.5,510.0,510.5,498.14285714285717,499.68333333333334,97.5,111.8,100.8,99.54285714285713,108.57333333333332,2,3,0,0,0,66.0
2024-02-09,1545.0,real,2381.0,real,1509.0,real,1053.0,real,568.0,real,0.05682831708682026,0.8395718967062336,-0.26217765042979946,15.381209999386932,128.75,real,1796.0,forward_filled,97.5,forward_filled_monthly,83.005,real,657.0,503.0,real,34.77074085606305,39.143522908933264,29.22872599963216,1473.0,1398.0,2094.0,1464.5714285714287,1597.4333333333334,2196.0,1891.0,3398.0,2186.714285714286,2441.9333333333334,1474.0,1566.0,1909.0,1459.4285714285713,1569.3,1050.0,1055.0,1369.0,1045.2857142857142,1101.8,570.0,591.0,879.0,577.7142857142857,628.8,129.07,135.13,136.37,128.9257142857143,135.49633333333333,1796.0,1591.0,1957.5,1772.4285714285713,1836.8833333333334,82.983,83.1,83.218,83.00485714285715,83.09243333333332,650.5,666.0,637.0,651.9285714285714,640.1833333333333,499.0,507.5,508.0,497.5,499.51666666666665,97.5,111.8,100.8,97.5,108.46333333333332,2,4,0,0,0,67.0
2024-02-12,1572.0,real,2453.0,real,1526.0,real,1048.0,real,569.0,real,0.05638082190820685,0.8408351894873373,-0.24928366762177645,15.952647752525529,128.87,real,1796.0,forward_filled,97.5,forward_filled_monthly,82.975,real,658.0,505.0,real,34.838771341038715,39.71414636789768,29.571588651515317,1545.0,1388.0,2094.0,1490.857142857143,1580.0333333333333,2381.0,1924.0,3398.0,2262.285714285714,2410.4333333333334,1509.0,1497.0,1909.0,1463.5714285714287,1556.5333333333333,1053.0,1048.0,1369.0,1045.2857142857142,1091.1,568.0,588.0,879.0,575.0,618.4666666666667,128.75,132.67,136.37,128.38285714285715,135.24633333333335,1796.0,1631.0,1957.5,1796.0,1831.5,83.005,82.952,83.243,83.00814285714286,83.0835,657.0,660.5,637.0,651.5714285714286,640.8833333333333,503.0,499.5,508.0,498.2857142857143,499.4166666666667,97.5,97.5,111.8,97.5,107.98666666666666,2,0,0,0,0,70.0
2024-02-13,1585.0,real,2476.0,real,1550.0,real,1047.0,real,567.0,real,0.05653503682463537,0.8403998359908675,-0.24271380793119923,16.243811927002575,129.02,real,1796.0,forward_filled,97.5,forward_filled_monthly,83.103,real,660.0,506.0,real,34.628382423248155,39.98889099628797,29.746287156201547,1572.0,1407.0,2093.0,1516.2857142857142,1563.1,2453.0,2030.0,3484.0,2326.0,2376.8333333333335,1526.0,1444.0,1872.0,1478.7142857142858,1545.8,1048.0,1041.0,1308.0,1046.142857142857,1082.4,569.0,585.0,808.0,572.4285714285714,610.4333333333333,128.87,128.63,136.37,128.43857142857144,135.00133333333335,1796.0,1796.0,1969.0,1796.0,1825.7333333333333,82.975,83.004,83.275,83.0222857142857,83.07776666666665,658.0,655.0,636.0,652.2857142857143,641.6833333333333,505.0,497.0,505.5,499.57142857142856,499.43333333333334,97.5,97.5,111.8,97.5,107.50999999999999,2,1,0,0,0,71.0
2024-02-14,1582.0,real,2436.0,real,1582.0,real,1052.0,real,566.0,real,0.05768172645668521,0.8371626955621736,-0.24342419894787182,16.212328695447106,129.1,real,1796.0,forward_filled,97.5,forward_filled_monthly,83.039,real,660.5,507.5,real,30.52796613166907,39.925488389736365,29.727397217268265,1585.0,1436.0,2091.0,1537.142857142857,1546.1333333333334,2476.0,2142.0,3569.0,2368.0,2339.0666666666666,1550.0,1419.0,1808.0,1502.0,1538.2666666666667,1047.0,1037.0,1271.0,1048.2857142857142,1075.1,567.0,582.0,745.0,570.1428571428571,604.4666666666667,129.02,128.94,144.16,128.46142857142857,134.49933333333334,1796.0,1796.0,1976.5,1796.0,1819.7166666666667,83.103,83.041,83.291,83.022,83.06936666666667,660.0,647.5,633.5,654.1428571428571,642.5833333333334,506.0,493.0,504.0,501.64285714285717,499.55,97.5,97.5,111.8,97.5,107.03333333333333,2,2,0,0,0,72.0
2024-02-15,1581.0,real,2394.0,real,1623.0,real,1058.0,real,567.0,real,0.04392338202654184,0.8760029289975249,-0.2420901246404602,16.271452430610832,129.17,real,1796.0,forward_filled,97.5,forward_filled_monthly,82.993,real,661.0,507.0,real,30.575611230943373,39.9043541875525,29.7628714583665,1582.0,1516.0,2086.0,1546.4285714285713,1529.3,2436.0,2371.0,3651.0,2371.285714285714,2297.1666666666665,1582.0,1428.0,1727.0,1529.857142857143,1534.8,1052.0,1041.0,1236.0,1050.7142857142858,1069.1666666666667,566.0,577.0,716.0,568.7142857142857,599.5,129.1,127.39,142.95,128.71571428571428,134.04000000000002,1796.0,1796.0,1999.5,1796.0,1812.9333333333334,83.039,83.067,83.248,83.01142857142857,83.06086666666667,660.5,645.0,633.5,656.4285714285714,643.5,507.5,494.5,506.0,503.42857142857144,499.5833333333333,97.5,97.5,111.8,97.5,106.55666666666666,2,3,0,0,0,73.0
2024-02-16,1610.0,real,2448.0,real,1646.0,real,1071.0,real,572.0,real,0.038835209372085726,0.8903669983564417,-0.23696682464454977,16.498507723138164,129.29,real,1796.0,forward_filled,97.5,forward_filled_monthly,83.018,real,665.0,508.0,real,31.369628774047708,40.51724605088466,29.899104633882896,1581.0,1487.0,2110.0,1564.0,1512.6333333333334,2394.0,2263.0,3798.0,2397.714285714286,2252.1666666666665,1623.0,1445.0,1666.0,1558.5714285714287,1534.1333333333334,1058.0,1047.0,1212.0,1054.142857142857,1064.4666666666667,567.0,574.0,695.0,568.4285714285714,595.4,129.17,127.03,141.45,129.03857142857143,133.63466666666667,1796.0,1796.0,2000.0,1796.0,1806.1333333333334,82.993,82.982,83.132,83.01657142857142,83.05706666666667,661.0,648.0,635.0,658.8571428571429,644.5,507.0,496.5,505.0,505.07142857142856,499.68333333333334,97.5,97.5,111.8,97.5,106.07999999999998,2,4,0,0,0,74.0
2024-02-19,1629.0,real,2457.0,real,1681.0,real,1090.0,real,577.0,real,0.03472398963855518,0.9019730992914133,-0.1943620178041543,18.386674898189042,129.29,forward_filled,1796.0,real,97.5,forward_filled_monthly,83.031,real,666.0,509.0,real,31.304229986489744,40.918795892378135,31.032004938913428,1610.0,1473.0,2022.0,1586.2857142857142,1499.5333333333333,2448.0,2196.0,3599.0,2435.0,2214.1,1646.0,1474.0,1605.0,1588.142857142857,1536.6666666666667,1071.0,1050.0,1194.0,1059.857142857143,1061.0,572.0,570.0,680.0,569.4285714285714,591.9666666666667,129.29,129.07,140.87,129.07,133.24866666666668,1796.0,1796.0,2014.5,1796.0,1798.85,83.018,82.983,83.05,83.02342857142857,83.05643333333333,665.0,650.5,631.5,661.0714285714286,645.65,508.0,499.0,504.0,506.5,499.85,97.5,97.5,111.8,97.5,105.60333333333332,2,0,0,0,0,77.0
2024-02-20,1632.0,real,2409.0,real,1706.0,real,1129.0,real,596.0,real,0.020168948235877383,0.9430624330126013,-0.12960000000000005,21.256809168858336,127.92,real,1850.0,real,97.5,forward_filled_monthly,82.895,real,665.5,508.5,real,30.622502526410333,40.98219849892975,32.754085501315004,1629.0,1545.0,1875.0,1598.7142857142858,1491.4333333333334,2457.0,2381.0,3249.0,2439.0,2186.1,1681.0,1509.0,1534.0,1616.2857142857142,1542.4,1090.0,1053.0,1162.0,1070.7142857142858,1059.9,577.0,568.0,661.0,573.4285714285714,589.8,129.29,128.75,140.52,128.95142857142858,132.82866666666666,1796.0,1796.0,2079.5,1803.7142857142858,1791.2,83.031,83.005,83.114,83.00771428571429,83.04913333333333,666.0,657.0,625.5,662.2857142857143,646.9833333333333,509.0,503.0,496.5,507.2857142857143,500.25,97.5,97.5,111.8,97.5,105.12666666666665,2,1,0,0,0,78.0
2024-02-21,1676.0,real,2543.0,real,1673.0,real,1154.0,real,613.0,real,0.02718661034838678,0.9232513550152288,0.007211538461538547,27.320046518085334,127.3,real,1875.0,real,97.5,forward_filled_monthly,82.935,real,660.5,509.0,real,32.15249319106038,41.91210339501992,36.3920279108512,1632.0,1572.0,1664.0,1613.5714285714287,1491.8333333333333,2409.0,2453.0,2696.0,2451.8571428571427,2181.0,1706.0,1526.0,1464.0,1637.2857142857142,1549.3666666666666,1129.0,1048.0,1135.0,1085.857142857143,1060.5333333333333,596.0,569.0,644.0,579.7142857142857,588.7666666666667,127.92,128.87,138.16,128.72714285714284,132.46666666666667,1850.0,1796.0,2079.0,1815.0,1784.4,82.895,82.975,83.028,83.002,83.04603333333333,665.5,658.0,627.0,662.6428571428571,648.1,508.5,505.0,503.0,507.85714285714283,500.45,97.5,97.5,111.8,97.5,104.65,2,2,0,0,0,79.0
2024-02-22,1752.0,real,2790.0,real,1624.0,real,1174.0,real,618.0,real,0.04419743675293049,0.8752292639972742,0.12741312741312738,32.64716126120763,127.82,real,1765.5,real,97.5,forward_filled_monthly,82.842,real,661.5,511.5,real,29.308511450372176,43.51830276099384,39.588296756724574,1676.0,1585.0,1554.0,1637.4285714285713,1498.4333333333334,2543.0,2476.0,2424.0,2496.714285714286,2193.2,1673.0,1550.0,1421.0,1647.857142857143,1556.1333333333334,1154.0,1047.0,1108.0,1104.0,1062.7333333333333,613.0,567.0,625.0,587.0,588.5333333333333,127.3,129.02,138.85,128.55571428571426,132.09900000000002,1875.0,1796.0,2073.5,1810.642857142857,1774.1333333333334,82.935,83.103,83.068,82.96471428571428,83.03849999999998,660.5,660.0,622.5,662.8571428571429,649.4,509.0,506.0,497.5,508.64285714285717,500.9166666666667,97.5,97.5,111.8,97.5,104.17333333333333,2,3,0,0,0,80.0
2024-02-23,1866.0,real,3145.0,real,1595.0,real,1189.0,real,628.0,real,0.05707835375983854,0.8388660354162552,0.27808219178082183,39.32453883272082,126.85,real,1690.0,real,97.5,forward_filled_monthly,82.887,real,663.0,510.5,real,29.26297507517332,45.92760180995475,43.59472329963249,1752.0,1582.0,1460.0,1678.0,1511.9666666666667,2790.0,2436.0,2172.0,2598.0,2225.633333333333,1624.0,1582.0,1410.0,1649.7142857142858,1562.3,1174.0,1052.0,1088.0,1123.5714285714287,1066.1,618.0,566.0,616.0,595.8571428571429,588.9333333333333,127.82,129.1,137.22,128.2342857142857,131.75333333333333,1765.5,1796.0,1999.5,1795.5,1763.8166666666666,82.842,83.039,82.862,82.943,83.03933333333335,661.5,660.5,627.0,663.2142857142857,650.6,511.5,507.5,501.5,509.07142857142856,501.21666666666664,97.5,97.5,111.8,97.5,103.69666666666666,2,4,0,0,0,81.0
2024-02-26,1871.0,real,3163.0,real,1578.0,real,1198.0,real,639.0,real,0.05391324330276306,0.8478012404931207,0.37573529411764706,43.6523458584636,126.11,real,1647.5,real,97.5,forward_filled_monthly,82.874,real,656.5,504.5,real,27.879621373653997,46.03327282087408,46.19140751507816,1866.0,1581.0,1360.0,1719.4285714285713,1529.0,3145.0,2394.0,1880.0,2707.8571428571427,2268.4,1595.0,1623.0,1412.0,1643.2857142857142,1567.8333333333333,1189.0,1058.0,1078.0,1143.5714285714287,1070.1,628.0,567.0,605.0,606.1428571428571,590.0666666666667,126.85,129.17,137.22,127.79714285714284,131.383,1690.0,1796.0,1990.5,1774.2857142857142,1752.3833333333334,82.887,82.993,82.832,82.926,83.04073333333332,663.0,661.0,626.0,662.5714285714286,651.6166666666667,510.5,507.0,497.0,508.7142857142857,501.46666666666664,97.5,97.5,111.8,97.5,103.22,2,0,0,0,0,84.0
2024-02-27,1899.0,real,3224.0,real,1581.0,real,1220.0,real,667.0,real,0.05412133248070343,0.84721379828395,0.43429003021148027,46.247384748096934,125.84,real,1635.5,real,97.5,forward_filled_monthly,82.905,real,657.5,503.5,real,35.23946752386004,46.62503048202238,47.74843084885816,1871.0,1610.0,1324.0,1760.7142857142858,1548.1666666666667,3163.0,2448.0,1779.0,2818.714285714286,2316.5666666666666,1578.0,1646.0,1421.0,1634.0,1573.1666666666667,1198.0,1071.0,1060.0,1164.857142857143,1075.4333333333334,639.0,572.0,600.0,619.7142857142857,592.3,126.11,129.29,136.75,127.30428571428571,131.01933333333332,1647.5,1796.0,1704.5,1751.357142857143,1750.0833333333333,82.874,83.018,83.089,82.90985714285713,83.0346,656.5,665.0,624.5,661.5,652.7166666666667,504.5,508.0,495.0,508.07142857142856,501.75,97.5,97.5,111.8,97.5,102.74333333333333,2,1,0,0,0,85.0
2024-02-28,2041.0,real,3596.0,real,1627.0,real,1239.0,real,686.0,real,0.057537884162538765,0.8375687668239371,0.5603975535168195,51.83623970815137,125.36,real,1679.5,real,97.5,forward_filled_monthly,82.925,real,662.0,506.0,real,35.952733611411404,49.62608719213157,51.10174382489082,1899.0,1629.0,1308.0,1819.5714285714287,1572.6,3224.0,2457.0,1733.0,2981.4285714285716,2378.6666666666665,1581.0,1681.0,1446.0,1626.2857142857142,1579.2,1220.0,1090.0,1039.0,1186.142857142857,1082.1,667.0,577.0,596.0,635.2857142857143,595.3,125.84,129.29,135.79,126.74285714285715,130.67166666666668,1635.5,1796.0,1734.5,1734.7142857142858,1748.25,82.905,83.031,83.187,82.89471428571429,83.02586666666666,657.5,666.0,623.5,660.9285714285714,654.0,503.5,509.0,494.0,507.64285714285717,502.15,97.5,97.5,111.8,97.5,102.26666666666667,2,2,0,0,0,86.0
2024-02-29,2111.0,real,3743.0,real,1681.0,real,1257.0,real,708.0,real,0.04780585244410293,0.8650425944827459,0.5556374355195284,51.62527997805508,124.86,real,1697.5,real,97.5,forward_filled_monthly,82.91,real,662.0,506.0,real,36.21340747516147,51.1054813450023,50.97516798683305,2041.0,1632.0,1357.0,1888.0,1597.7333333333333,3596.0,2409.0,1853.0,3172.0,2441.6666666666665,1627.0,1706.0,1492.0,1622.7142857142858,1585.5,1239.0,1129.0,1029.0,1204.4285714285713,1089.7,686.0,596.0,593.0,651.2857142857143,599.1333333333333,125.36,127.92,136.08,126.30571428571429,130.29766666666666,1679.5,1850.0,1730.5,1712.9285714285713,1747.15,82.925,82.895,83.17,82.89685714285714,83.0172,662.0,665.5,623.0,660.4285714285714,655.3,506.0,508.5,490.5,507.2857142857143,502.6666666666667,97.5,97.5,111.8,97.5,101.78999999999999,2,3,0,0,0,87.0
2024-03-01,2203.0,real,3977.0,real,1723.0,real,1267.0,real,722.0,real,0.04762972348125746,0.8655398120125423,0.4657351962741185,47.64097703912459,113.89,real,1650.0,real,100.0,real,82.846,real,662.0,508.5,real,28.59339790514084,56.89598179207196,48.58458622347476,2111.0,1676.0,1503.0,1963.2857142857142,1621.0666666666666,3743.0,2543.0,2244.0,3376.8571428571427,2499.4333333333334,1681.0,1673.0,1550.0,1629.857142857143,1591.2666666666667,1257.0,1154.0,1030.0,1220.5714285714287,1097.6,708.0,613.0,594.0,666.8571428571429,603.4,124.86,127.3,135.88,124.39,129.56466666666668,1697.5,1875.0,1729.5,1680.7857142857142,1744.5,82.91,82.935,83.099,82.88414285714285,83.00876666666666,662.0,660.5,630.0,660.6428571428571,656.3666666666667,506.0,509.0,492.0,507.2142857142857,503.21666666666664,97.5,97.5,111.8,97.85714285714286,101.39666666666666,3,4,0,0,0,88.0
2024-03-04,2297.0,real,4205.0,real,1773.0,real,1282.0,real,741.0,real,0.045755549595512035,0.8708306630731762,0.5131752305665349,49.74343265803609,116.94,real,1780.0,real,100.0,forward_filled_monthly,82.916,real,666.5,513.5,real,34.43746559229253,58.88259679735551,49.846059594821654,2203.0,1752.0,1518.0,2041.142857142857,1647.0333333333333,3977.0,2790.0,2272.0,3579.0,2563.866666666667,1723.0,1624.0,1576.0,1651.142857142857,1597.8333333333333,1267.0,1174.0,1027.0,1236.0,1106.1,722.0,618.0,594.0,684.4285714285714,608.3,113.89,127.82,135.42,122.83571428571429,128.94866666666667,1650.0,1765.5,1737.5,1682.857142857143,1745.9166666666667,82.846,82.842,83.105,82.89471428571429,83.00246666666666,662.0,661.5,634.5,661.3571428571429,657.4333333333333,508.5,511.5,491.5,507.5,503.95,100.0,97.5,111.8,98.21428571428571,101.00333333333333,3,0,0,0,0,91.0
2024-03-05,2291.0,real,4148.0,real,1805.0,real,1297.0,real,753.0,real,0.04272958850530368,0.8793730451676735,0.5553292600135777,51.6116222028498,116.21,real,1780.0,real,100.0,forward_filled_monthly,82.896,real,666.0,510.5,real,34.13798540617917,58.75579158425231,50.96697332170988,2297.0,1866.0,1473.0,2101.8571428571427,1674.3,4205.0,3145.0,2099.0,3722.285714285714,2632.1666666666665,1773.0,1595.0,1613.0,1681.142857142857,1604.2333333333333,1282.0,1189.0,1033.0,1251.4285714285713,1114.9,741.0,628.0,596.0,702.2857142857143,613.5333333333333,116.94,126.85,135.48,121.3157142857143,128.30633333333333,1780.0,1690.0,1733.0,1695.7142857142858,1747.4833333333333,82.916,82.887,83.155,82.89599999999999,82.99383333333334,666.5,663.0,635.5,661.7857142857143,658.45,513.5,510.5,492.0,507.5,504.56666666666666,100.0,97.5,111.8,98.57142857142857,100.60999999999999,3,1,0,0,0,92.0
2024-03-06,2176.0,real,3769.0,real,1823.0,real,1312.0,real,758.0,real,0.06570263699910368,0.8145194161026874,0.44392833443928326,46.67453677660553,116.96,real,1780.0,real,100.0,forward_filled_monthly,82.805,real,663.5,511.0,real,34.123339461247724,56.325358333107545,48.004722065963314,2291.0,1871.0,1507.0,2145.4285714285716,1696.6,4148.0,3163.0,2145.0,3808.8571428571427,2686.3,1805.0,1578.0,1663.0,1716.142857142857,1609.5666666666666,1297.0,1198.0,1050.0,1267.7142857142858,1123.6333333333334,753.0,639.0,597.0,719.2857142857143,618.9,116.21,126.11,135.49,120.00857142857141,127.68866666666666,1780.0,1647.5,1746.5,1714.642857142857,1748.6,82.896,82.874,83.135,82.88614285714286,82.98283333333332,666.0,656.5,641.0,662.7857142857143,659.2,510.5,504.5,492.5,508.42857142857144,505.18333333333334,100.0,97.5,111.8,98.92857142857143,100.21666666666667,3,2,0,0,0,93.0
2024-03-07,2251.0,real,3979.0,real,1840.0,real,1317.0,real,759.0,real,0.06640944818673691,0.8125240661780085,0.5016677785190127,49.23344341419325,117.96,real,1780.0,real,100.0,forward_filled_monthly,82.713,real,663.5,512.5,real,34.44480850101409,57.910423496897614,49.54006604851595,2176.0,1899.0,1499.0,2195.714285714286,1721.6666666666667,3769.0,3224.0,2086.0,3916.714285714286,2749.4,1823.0,1581.0,1690.0,1753.142857142857,1614.5666666666666,1312.0,1220.0,1062.0,1281.5714285714287,1132.1333333333334,758.0,667.0,597.0,732.4285714285714,624.3,116.96,125.84,135.54,118.88285714285713,127.10266666666666,1780.0,1635.5,1753.5,1735.2857142857142,1749.4833333333333,82.805,82.905,83.172,82.85871428571429,82.96753333333332,663.5,657.5,647.0,663.6428571428571,659.75,511.0,503.5,497.0,509.7142857142857,505.7,100.0,97.5,111.8,99.28571428571429,99.82333333333332,3,3,0,0,0,94.0
2024-03-08,2345.0,real,4245.0,real,1861.0,real,1318.0,real,762.0,real,0.05834757174114605,0.8352829936538811,0.5447957839262187,51.144797793532746,117.05,real,1780.0,real,100.0,forward_filled_monthly,82.744,real,661.0,513.5,real,34.69742791741984,59.897038502181154,50.68687867611965,2251.0,2041.0,1518.0,2239.1428571428573,1749.2333333333333,3979.0,3596.0,2135.0,4009.4285714285716,2819.733333333333,1840.0,1627.0,1696.0,1786.5714285714287,1620.0666666666666,1317.0,1239.0,1065.0,1292.857142857143,1140.5666666666666,759.0,686.0,596.0,743.2857142857143,629.8333333333334,117.96,125.36,135.55,117.69571428571427,126.486,1780.0,1679.5,1729.5,1749.642857142857,1751.1666666666667,82.713,82.925,83.12,82.83285714285714,82.95499999999998,663.5,662.0,654.0,663.5,659.9833333333333,512.5,506.0,504.0,510.7857142857143,506.01666666666665,100.0,97.5,111.8,99.64285714285714,99.43,3,4,0,0,0,95.0
2024-03-11,2377.0,real,4314.0,real,1893.0,real,1316.0,real,764.0,real,0.058005841989178734,0.8362477073522194,0.6280821917808219,54.83589917624945,113.0,real,1640.5,real,100.0,forward_filled_monthly,82.731,real,658.0,511.0,real,28.583480621924988,60.57333297206492,52.90153950574967,2345.0,2111.0,1460.0,2277.1428571428573,1779.8,4245.0,3743.0,1970.0,4091.0,2897.866666666667,1861.0,1681.0,1686.0,1816.857142857143,1626.9666666666667,1318.0,1257.0,1065.0,1301.2857142857142,1148.9333333333334,762.0,708.0,597.0,751.2857142857143,635.4,117.05,124.86,135.55,116.00142857142858,125.73433333333332,1780.0,1697.5,1708.5,1741.5,1748.9,82.744,82.91,83.139,82.80728571428573,82.94139999999999,661.0,662.0,663.5,662.9285714285714,659.8,513.5,506.0,509.0,511.5,506.0833333333333,100.0,97.5,111.8,100.0,99.03666666666666,3,0,0,0,0,98.0
2024-03-12,2315.0,real,4092.0,real,1949.0,real,1306.0,real,766.0,real,0.06066129087698175,0.8287512927071589,0.6571224051539013,56.122908359343135,113.15,real,1748.0,real,100.0,forward_filled_monthly,82.786,real,656.5,511.5,real,33.68746869719475,59.26301243666513,53.67374501560588,2377.0,2203.0,1397.0,2293.1428571428573,1810.4,4314.0,3977.0,1824.0,4107.428571428572,2973.4666666666667,1893.0,1723.0,1636.0,1849.142857142857,1637.4,1316.0,1267.0,1061.0,1306.857142857143,1157.1,764.0,722.0,595.0,757.5714285714286,641.1,113.0,113.89,135.61,115.89571428571428,124.98566666666666,1640.5,1650.0,1662.0,1755.5,1751.7666666666667,82.731,82.846,83.125,82.79871428571428,82.93010000000001,658.0,662.0,665.0,662.1428571428571,659.5166666666667,511.0,508.5,510.0,511.92857142857144,506.1333333333333,100.0,100.0,111.8,100.0,98.64333333333333,3,1,0,0,0,99.0
2024-03-13,2370.0,real,4189.0,real,2043.0,real,1301.0,real,769.0,real,0.05711759228243364,0.8387552638488627,0.6952789699570816,57.813937576866934,111.77,real,1780.0,real,100.0,forward_filled_monthly,82.835,real,657.5,512.0,real,36.823496454154736,60.42539355677785,54.68836254612016,2315.0,2297.0,1398.0,2303.5714285714284,1842.8,4092.0,4205.0,1891.0,4105.142857142857,3050.0666666666666,1949.0,1773.0,1566.0,1887.7142857142858,1653.3,1306.0,1282.0,1055.0,1309.5714285714287,1165.3,766.0,741.0,591.0,761.5714285714286,647.0333333333333,113.15,116.94,135.13,115.15714285714286,124.20700000000001,1748.0,1780.0,1591.0,1755.5,1758.0666666666666,82.786,82.916,83.1,82.78714285714285,82.92126666666667,656.5,666.5,666.0,660.8571428571429,659.2333333333333,511.5,513.5,507.5,511.7142857142857,506.28333333333336,100.0,100.0,111.8,100.0,98.25,3,2,0,0,0,100.0
2024-03-14,2350.0,real,4042.0,real,2133.0,real,1314.0,real,777.0,real,0.058585763941072413,0.8346105696791367,0.6930835734870318,57.71664161759878,110.94,real,1772.0,real,100.0,forward_filled_monthly,82.943,real,664.5,518.5,real,35.742433039500256,60.00270951310049,54.62998497055927,2370.0,2291.0,1388.0,2312.0,1874.8666666666666,4189.0,4148.0,1924.0,4090.0,3120.6666666666665,2043.0,1805.0,1497.0,1934.5714285714287,1674.5,1301.0,1297.0,1048.0,1312.0,1174.1666666666667,769.0,753.0,588.0,765.0,653.3333333333334,111.77,116.21,132.67,114.4042857142857,123.48266666666667,1780.0,1780.0,1631.0,1754.357142857143,1762.7666666666667,82.835,82.896,82.952,82.79385714285715,82.92096666666666,657.5,666.0,660.5,660.6428571428571,659.3666666666667,512.0,510.5,499.5,512.8571428571429,506.9166666666667,100.0,100.0,97.5,100.0,98.33333333333333,3,3,0,0,0,101.0
2024-03-15,2374.0,real,4019.0,real,2234.0,real,1326.0,real,781.0,real,0.04398088197736566,0.8758406048513416,0.6872778962331201,57.45934461210263,109.61,real,1497.0,real,100.0,forward_filled_monthly,82.888,real,666.0,519.0,real,23.029254496368573,60.50993036551331,54.47560676726158,2350.0,2176.0,1407.0,2340.285714285714,1907.1,4042.0,3769.0,2030.0,4125.714285714285,3186.9666666666667,2133.0,1823.0,1444.0,1993.2857142857142,1700.8333333333333,1314.0,1312.0,1041.0,1314.0,1183.6666666666667,777.0,758.0,585.0,768.2857142857143,659.8666666666667,110.94,116.96,128.63,113.3542857142857,122.84866666666667,1772.0,1780.0,1796.0,1713.9285714285713,1752.8,82.943,82.805,83.004,82.80571428571429,82.91709999999999,664.5,663.5,655.0,661.0,659.7333333333333,518.5,511.0,497.0,514.0,507.65,100.0,100.0,97.5,100.0,98.41666666666667,3,4,0,0,0,102.0
2024-03-18,2419.0,real,4089.0,real,2298.0,real,1338.0,real,783.0,real,0.03950607145896782,0.8884731338591741,0.684540389972145,57.338023337655066,110.47,real,1506.5,real,100.0,forward_filled_monthly,82.925,real,669.5,528.5,real,23.67812818117604,61.460969463787364,54.40281400259304,2374.0,2251.0,1436.0,2364.285714285714,1939.8666666666666,4019.0,3979.0,2142.0,4141.428571428572,3251.866666666667,2234.0,1840.0,1419.0,2058.714285714286,1730.1333333333334,1326.0,1317.0,1037.0,1317.0,1193.7,781.0,759.0,582.0,771.7142857142857,666.5666666666667,109.61,117.96,128.94,112.28428571428572,122.23299999999999,1497.0,1780.0,1796.0,1674.857142857143,1743.15,82.888,82.713,83.041,82.836,82.91323333333334,666.0,663.5,647.5,661.8571428571429,660.4666666666667,519.0,512.5,493.0,516.2857142857143,508.8333333333333,100.0,100.0,97.5,100.0,98.5,3,0,0,0,0,105.0
2024-03-19,2392.0,real,3990.0,real,2306.0,real,1351.0,real,788.0,real,0.02923773446748859,0.9174609679526509,0.5778364116094987,52.60909802773768,110.71,real,1526.5,real,100.0,forward_filled_monthly,83.035,real,672.0,527.5,real,25.2436322665866,60.89034600482292,51.56545881664261,2419.0,2345.0,1516.0,2371.0,1969.0666666666666,4089.0,4245.0,2371.0,4105.0,3305.8333333333335,2298.0,1861.0,1428.0,2122.285714285714,1759.4,1338.0,1318.0,1041.0,1321.7142857142858,1204.0333333333333,783.0,762.0,577.0,775.4285714285714,673.6,110.47,117.05,127.39,111.37857142857145,121.67699999999999,1506.5,1780.0,1796.0,1638.642857142857,1734.1666666666667,82.925,82.744,83.067,82.87757142857143,82.91216666666666,669.5,661.0,645.0,663.4285714285714,661.3666666666667,528.5,513.5,494.5,518.2857142857143,509.93333333333334,100.0,100.0,97.5,100.0,98.58333333333333,3,1,0,0,0,106.0
2024-03-20,2284.0,real,3690.0,real,2251.0,real,1370.0,real,790.0,real,0.03600946011063953,0.89834417624304,0.5359784801613987,50.75403100509139,110.29,real,1581.5,real,100.0,forward_filled_monthly,83.201,real,671.0,530.5,real,26.866729218294516,58.60785216896524,50.45241860305484,2392.0,2377.0,1487.0,2357.714285714286,1995.6333333333334,3990.0,4314.0,2263.0,4015.8571428571427,3353.4,2306.0,1893.0,1445.0,2173.4285714285716,1786.2666666666667,1351.0,1316.0,1047.0,1329.4285714285713,1214.8,788.0,764.0,574.0,779.1428571428571,680.8,110.71,113.0,127.03,110.99142857142859,121.11899999999999,1526.5,1640.5,1796.0,1630.2142857142858,1727.0166666666667,83.035,82.731,82.982,82.94471428571428,82.91946666666666,672.0,658.0,648.0,665.2857142857143,662.1333333333333,527.5,511.0,496.5,521.0714285714286,511.06666666666666,100.0,100.0,97.5,100.0,98.66666666666667,3,2,0,0,0,107.0
2024-03-21,2240.0,real,3588.0,real,2204.0,real,1379.0,real,795.0,real,0.03376211597425946,0.9046884985057775,0.5207060420909708,50.077184461563874,110.94,real,1581.5,real,100.0,forward_filled_monthly,83.202,real,668.0,527.5,real,26.19516594324552,57.67794727287507,50.046310676938326,2284.0,2315.0,1473.0,2347.0,2021.2,3690.0,4092.0,2196.0,3943.8571428571427,3399.8,2251.0,1949.0,1474.0,2209.8571428571427,1810.6,1370.0,1306.0,1050.0,1339.857142857143,1225.7666666666667,790.0,766.0,570.0,783.2857142857143,688.3,110.29,113.15,129.07,110.67571428571429,120.51466666666667,1581.5,1748.0,1796.0,1606.4285714285713,1719.8666666666666,83.201,82.786,82.983,83.00414285714285,82.92676666666667,671.0,656.5,650.5,666.9285714285714,662.7166666666667,530.5,511.5,499.0,523.3571428571429,512.0166666666667,100.0,100.0,97.5,100.0,98.75,3,3,0,0,0,108.0
2024-03-22,2196.0,real,3482.0,real,2165.0,real,1383.0,real,795.0,real,0.02833582024110777,0.9200070998124221,0.42135922330097086,45.67431501803551,110.64,real,1581.5,real,100.0,forward_filled_monthly,83.587,real,665.0,526.0,real,26.18018457568586,56.74804237678489,47.404589010821304,2240.0,2370.0,1545.0,2322.1428571428573,2042.9,3588.0,4189.0,2381.0,3842.8571428571427,3436.5,2204.0,2043.0,1509.0,2227.285714285714,1832.4666666666667,1379.0,1301.0,1053.0,1351.5714285714287,1236.7666666666667,795.0,769.0,568.0,787.0,695.8666666666667,110.94,111.77,128.75,110.51428571428572,119.911,1581.5,1780.0,1796.0,1578.0714285714287,1712.7166666666667,83.202,82.835,83.005,83.11157142857142,82.94616666666667,668.0,657.5,657.0,668.0,662.9833333333333,527.5,512.0,503.0,525.3571428571429,512.7833333333333,100.0,100.0,97.5,100.0,98.83333333333333,3,4,0,0,0,109.0
2024-03-25,2123.0,real,3295.0,real,2120.0,real,1386.0,real,792.0,real,0.03017675048782656,0.9148100965767638,0.35050890585241734,42.534358434041486,110.67,real,1592.0,real,100.0,forward_filled_monthly,83.415,real,665.0,527.5,real,26.458630383061077,55.20524561736255,45.520615060424895,2196.0,2350.0,1572.0,2289.714285714286,2061.266666666667,3482.0,4042.0,2453.0,3736.1428571428573,3464.5666666666666,2165.0,2133.0,1526.0,2225.4285714285716,1852.2666666666667,1383.0,1314.0,1048.0,1361.857142857143,1248.0333333333333,795.0,777.0,569.0,789.1428571428571,703.3,110.64,110.94,128.87,110.47571428571429,119.30433333333333,1581.5,1772.0,1796.0,1552.357142857143,1705.9166666666667,83.587,82.943,82.975,83.179,82.96083333333333,665.0,664.5,658.0,668.0714285714286,663.2166666666667,526.0,518.5,505.0,526.6428571428571,513.5333333333333,100.0,100.0,97.5,100.0,98.91666666666667,3,0,0,0,0,112.0
2024-03-26,1989.0,real,2964.0,real,2044.0,real,1375.0,real,784.0,real,0.038435152015574174,0.8914963726931093,0.2548895899053627,38.29668510416583,110.28,real,1566.0,real,100.0,forward_filled_monthly,83.33,real,666.0,529.5,real,25.34964114917034,52.37326252472432,42.9780110624995,2123.0,2374.0,1585.0,2234.714285714286,2074.733333333333,3295.0,4019.0,2476.0,3585.4285714285716,3480.8333333333335,2120.0,2234.0,1550.0,2198.285714285714,1868.7333333333333,1386.0,1326.0,1047.0,1368.857142857143,1258.9666666666667,792.0,781.0,567.0,789.5714285714286,710.5333333333333,110.67,109.61,129.02,110.57142857142857,118.67966666666666,1592.0,1497.0,1796.0,1562.2142857142858,1698.25,83.415,82.888,83.103,83.24214285714285,82.9684,665.0,666.0,660.0,668.0714285714286,663.4166666666666,527.5,519.0,506.0,528.1428571428571,514.3166666666667,100.0,100.0,97.5,100.0,99.0,3,1,0,0,0,113.0
2024-03-27,1845.0,real,2638.0,real,1941.0,real,1353.0,real,779.0,real,0.03573278572868436,0.8991252366122786,0.16624525916561317,34.3681303712653,109.84,real,1545.5,real,100.0,forward_filled_monthly,83.322,real,664.5,527.5,real,24.41592407959339,49.329937410247375,40.62087822275918,1989.0,2419.0,1582.0,2152.714285714286,2083.5,2964.0,4089.0,2436.0,3378.1428571428573,3487.5666666666666,2044.0,2298.0,1582.0,2147.285714285714,1880.7,1375.0,1338.0,1052.0,1371.0,1269.0,784.0,783.0,566.0,789.0,717.6333333333333,110.28,110.47,129.1,110.48142857142857,118.03766666666665,1566.0,1506.5,1796.0,1567.7857142857142,1689.9,83.33,82.925,83.039,83.29885714285714,82.97783333333334,666.0,669.5,660.5,667.3571428571429,663.55,529.5,528.5,507.5,528.0,514.9833333333333,100.0,100.0,97.5,100.0,99.08333333333333,3,2,0,0,0,114.0
2024-03-28,1821.0,real,2637.0,real,1879.0,real,1331.0,real,772.0,real,0.04053527985534734,0.8855676466058224,0.1518026565464896,33.72806061834069,109.53,real,1491.0,real,100.0,forward_filled_monthly,83.38,real,663.5,526.5,real,22.521783579065584,48.82271655783455,40.236836371004415,1845.0,2392.0,1581.0,2071.1428571428573,2091.5,2638.0,3990.0,2394.0,3184.8571428571427,3495.6666666666665,1941.0,2306.0,1623.0,2086.285714285714,1889.2333333333333,1353.0,1351.0,1058.0,1368.142857142857,1278.1,779.0,788.0,567.0,786.7142857142857,724.4666666666667,109.84,110.71,129.17,110.31285714285714,117.383,1545.5,1526.5,1796.0,1562.7142857142858,1679.7333333333333,83.322,83.035,82.993,83.34814285714286,82.99073333333334,664.5,672.0,661.0,666.1428571428571,663.6333333333333,527.5,527.5,507.0,527.8571428571429,515.6333333333333,100.0,100.0,97.5,100.0,99.16666666666667,3,3,0,0,0,115.0
2024-03-29,1821.0,forward_filled,2637.0,forward_filled,1879.0,forward_filled,1331.0,forward_filled,772.0,forward_filled,0.04457971732432731,0.8741500740768415,0.13105590062111805,32.80860231229018,109.53,forward_filled,1454.0,real,100.0,forward_filled_monthly,83.365,real,668.5,533.5,real,21.325171856057228,48.82271655783455,39.68516138737411,1821.0,2284.0,1610.0,2005.0,2098.5333333333333,2637.0,3690.0,2448.0,3034.4285714285716,3501.9666666666667,1879.0,2251.0,1646.0,2033.142857142857,1897.0,1331.0,1370.0,1071.0,1362.5714285714287,1286.7666666666667,772.0,790.0,572.0,784.1428571428571,731.1333333333333,109.53,110.29,129.29,110.20428571428572,116.72433333333332,1491.0,1581.5,1796.0,1544.5,1668.3333333333333,83.38,83.201,83.018,83.37157142857143,83.0023,663.5,671.0,665.0,665.7857142857143,663.75,526.5,530.5,508.0,528.2857142857143,516.4833333333333,100.0,100.0,97.5,100.0,99.25,3,4,0,0,0,116.0
2024-04-01,1821.0,forward_filled,2637.0,forward_filled,1879.0,forward_filled,1331.0,forward_filled,772.0,forward_filled,0.047594923522040006,0.8656380533777305,0.11786372007366475,32.22394898032322,102.33,real,1388.5,real,101.0,real,83.388,real,666.0,530.0,real,15.00920621254404,50.361178096296086,39.334369388193934,1821.0,2240.0,1629.0,1945.142857142857,2104.9333333333334,2637.0,3588.0,2457.0,2898.5714285714284,3507.9666666666667,1879.0,2204.0,1681.0,1986.7142857142858,1903.6,1331.0,1379.0,1090.0,1355.7142857142858,1294.8,772.0,795.0,577.0,780.8571428571429,737.6333333333333,109.53,110.94,129.29,108.9742857142857,115.82566666666666,1454.0,1581.5,1796.0,1516.9285714285713,1654.75,83.365,83.202,83.031,83.39814285714286,83.0142,668.5,668.0,666.0,665.5,663.75,533.5,527.5,509.0,528.6428571428571,517.1833333333333,100.0,100.0,97.5,100.14285714285714,99.36666666666666,4,0,0,1,0,119.0
2024-04-02,1714.0,real,2394.0,real,1816.0,real,1303.0,real,763.0,real,0.05064639401815067,0.8570236574384663,0.05024509803921573,29.22721523086836,102.91,real,1388.5,real,101.0,forward_filled_monthly,83.35,real,669.5,534.5,real,14.770973068340057,48.09981846262227,37.53632913852102,1821.0,2196.0,1632.0,1876.2857142857142,2107.6666666666665,2637.0,3482.0,2409.0,2743.1428571428573,3507.4666666666667,1879.0,2165.0,1706.0,1936.857142857143,1907.2666666666667,1331.0,1383.0,1129.0,1344.2857142857142,1300.6,772.0,795.0,596.0,776.2857142857143,743.2,102.33,110.64,127.92,107.86999999999999,114.99199999999999,1388.5,1581.5,1850.0,1489.357142857143,1639.3666666666666,83.388,83.587,82.895,83.36428571428571,83.02936666666666,666.0,665.0,665.5,666.1428571428571,663.8833333333333,530.0,526.0,508.5,529.8571428571429,518.05,101.0,100.0,97.5,100.28571428571429,99.48333333333333,4,1,0,1,0,120.0
2024-04-03,1711.0,real,2437.0,real,1772.0,real,1284.0,real,752.0,real,0.05686000802176593,0.8394824322130799,0.020883054892601338,27.92594314038444,100.41,real,1388.5,real,101.0,forward_filled_monthly,83.511,real,673.5,539.5,real,13.003902515439968,48.03641585607066,36.75556588423066,1714.0,2123.0,1676.0,1817.4285714285713,2108.8333333333335,2394.0,3295.0,2543.0,2620.5714285714284,3503.9333333333334,1816.0,2120.0,1673.0,1887.142857142857,1910.5666666666666,1303.0,1386.0,1154.0,1329.7142857142858,1304.9333333333334,763.0,792.0,613.0,770.5714285714286,747.8333333333334,102.91,110.67,127.3,106.40428571428572,114.09566666666666,1388.5,1592.0,1875.0,1460.2857142857142,1623.15,83.35,83.415,82.935,83.378,83.04856666666667,669.5,665.0,660.5,667.3571428571429,664.3166666666667,534.5,527.5,509.0,531.5714285714286,519.0666666666667,101.0,100.0,97.5,100.42857142857143,99.6,4,2,0,1,0,121.0
2024-04-04,1669.0,real,2354.0,real,1733.0,real,1273.0,real,745.0,real,0.05040514080332841,0.8577047227532868,-0.04737442922374424,24.900896191037823,99.89,real,1388.5,forward_filled,101.0,forward_filled_monthly,83.365,real,674.0,541.5,real,14.973424464546243,47.14877936434823,34.94053771462269,1711.0,1989.0,1752.0,1771.7142857142858,2106.0666666666666,2437.0,2964.0,2790.0,2533.4285714285716,3489.4,1772.0,2044.0,1624.0,1842.7142857142858,1914.2,1284.0,1375.0,1174.0,1315.142857142857,1308.2333333333333,752.0,784.0,618.0,765.0,752.0666666666667,100.41,110.28,127.82,104.92,113.16466666666666,1388.5,1566.0,1765.5,1434.9285714285713,1610.5833333333333,83.511,83.33,82.842,83.38300000000001,83.066,673.5,666.0,661.5,668.5,664.7333333333333,539.5,529.5,511.5,533.2857142857143,520.0666666666667,101.0,100.0,97.5,100.57142857142857,99.71666666666667,4,3,0,1,0,122.0
2024-04-05,1628.0,real,2274.0,real,1695.0,real,1261.0,real,735.0,real,0.03702238502103288,0.8954846577761258,-0.127545551982851,21.347858550289896,99.97,real,1388.5,forward_filled,101.0,forward_filled_monthly,83.321,real,674.5,543.0,real,17.421196118995862,46.282277074809656,32.80871513017394,1669.0,1845.0,1866.0,1740.7142857142858,2098.133333333333,2354.0,2638.0,3145.0,2481.4285714285716,3460.366666666667,1733.0,1941.0,1595.0,1807.5714285714287,1917.5333333333333,1273.0,1353.0,1189.0,1302.0,1310.6333333333334,745.0,779.0,628.0,758.7142857142857,755.6333333333333,99.89,109.84,126.85,103.50999999999999,112.26866666666666,1388.5,1545.5,1690.0,1412.5,1600.5333333333333,83.365,83.322,82.887,83.38285714285713,83.08046666666665,674.0,664.5,663.0,669.9285714285714,665.1166666666667,541.5,527.5,510.5,535.5,521.15,101.0,100.0,97.5,100.71428571428571,99.83333333333333,4,4,0,1,0,123.0
2024-04-08,1594.0,real,2198.0,real,1667.0,real,1258.0,real,733.0,real,0.036144331703293175,0.8979634295500739,-0.1480491715660075,20.43917560257284,102.68,real,1388.5,real,101.0,forward_filled_monthly,83.285,real,677.0,546.0,real,20.60853353545634,45.56371420055816,32.26350536154371,1628.0,1821.0,1871.0,1708.2857142857142,2088.9,2274.0,2637.0,3163.0,2418.714285714286,3428.2,1695.0,1879.0,1578.0,1777.2857142857142,1920.5,1261.0,1331.0,1198.0,1291.5714285714287,1312.6333333333334,735.0,772.0,639.0,753.1428571428571,758.7666666666667,99.97,109.53,126.11,102.53142857142858,111.48766666666666,1388.5,1491.0,1647.5,1397.857142857143,1591.9,83.321,83.38,82.874,83.36928571428572,83.09416666666667,674.5,663.5,656.5,671.8571428571429,665.8,543.0,526.5,504.5,538.2857142857143,522.5333333333333,101.0,100.0,97.5,100.85714285714286,99.95,4,0,0,1,0,126.0
2024-04-09,1570.0,real,2153.0,real,1633.0,real,1259.0,real,727.0,real,0.03456942557955349,0.9024094384282058,-0.1732490784623486,19.322361784022785,104.33,real,1388.5,real,101.0,forward_filled_monthly,83.193,real,673.0,544.0,real,22.09819899750127,45.05649334814534,31.593417070413672,1594.0,1821.0,1899.0,1672.4285714285713,2077.9333333333334,2198.0,2637.0,3224.0,2349.5714285714284,3392.5,1667.0,1879.0,1581.0,1742.142857142857,1922.2333333333333,1258.0,1331.0,1220.0,1281.2857142857142,1313.9333333333334,733.0,772.0,667.0,746.7142857142857,760.7666666666667,102.68,109.53,125.84,101.78857142857144,110.77066666666668,1388.5,1454.0,1635.5,1388.5,1583.6666666666667,83.285,83.365,82.905,83.34471428571429,83.10376666666666,677.0,668.5,657.5,672.5,666.3166666666667,546.0,533.5,503.5,539.7857142857143,523.8833333333333,101.0,100.0,97.5,101.0,100.06666666666666,4,1,0,1,0,127.0
2024-04-10,1587.0,real,2202.0,real,1631.0,real,1260.0,real,724.0,real,0.038491481752920546,0.8913373520959006,-0.22243998040176383,17.142310910864357,104.02,real,1490.0,real,101.0,forward_filled_monthly,83.396,real,672.0,544.5,real,24.2580449161917,45.41577478527108,30.285386546518613,1570.0,1821.0,2041.0,1639.0,2062.8,2153.0,2637.0,3596.0,2287.4285714285716,3346.0333333333333,1633.0,1879.0,1627.0,1706.7142857142858,1922.3666666666666,1259.0,1331.0,1239.0,1271.142857142857,1314.6333333333334,727.0,772.0,686.0,739.8571428571429,762.0333333333333,104.33,102.33,125.36,102.03,110.05933333333334,1388.5,1388.5,1679.5,1403.0,1577.35,83.193,83.388,82.925,83.34585714285716,83.11946666666668,673.0,666.0,662.0,673.3571428571429,666.65,544.0,530.0,506.0,541.8571428571429,525.1666666666666,101.0,101.0,97.5,101.0,100.18333333333334,4,2,0,1,0,128.0
2024-04-11,1690.0,real,2475.0,real,1677.0,real,1261.0,real,724.0,real,0.057447108849024514,0.8378250283519838,-0.19943154902889626,18.162002539332633,104.71,real,1575.0,real,101.0,forward_filled_monthly,83.334,real,671.5,543.0,real,27.18412816694455,47.59259761020944,30.89720152359958,1587.0,1714.0,2111.0,1635.5714285714287,2048.766666666667,2202.0,2394.0,3743.0,2299.0,3303.766666666667,1631.0,1816.0,1681.0,1686.857142857143,1922.2333333333333,1260.0,1303.0,1257.0,1265.142857142857,1314.7666666666667,724.0,763.0,708.0,734.2857142857143,762.5666666666667,104.02,102.91,124.86,102.28714285714285,109.38766666666666,1490.0,1388.5,1697.5,1429.642857142857,1573.2666666666667,83.396,83.35,82.91,83.34357142857142,83.13359999999999,672.0,669.5,662.0,673.6428571428571,666.9666666666667,544.5,534.5,506.0,543.0714285714286,526.4,101.0,101.0,97.5,101.0,100.3,4,3,0,1,0,129.0
2024-04-12,1729.0,real,2552.0,real,1713.0,real,1272.0,real,722.0,real,0.058110453639474195,0.8359523854159091,-0.2151611438946891,17.46489564212969,106.05,real,1630.0,real,101.0,forward_filled_monthly,83.565,real,672.0,543.5,real,37.64892445063465,48.41683149538027,30.478937385277813,1690.0,1711.0,2203.0,1638.142857142857,2032.9666666666667,2475.0,2437.0,3977.0,2315.4285714285716,3256.266666666667,1677.0,1772.0,1723.0,1678.4285714285713,1921.9,1261.0,1284.0,1267.0,1263.4285714285713,1314.9333333333334,724.0,752.0,722.0,730.0,762.5666666666667,104.71,100.41,113.89,103.09285714285714,109.12633333333333,1575.0,1388.5,1650.0,1464.142857142857,1572.6,83.334,83.511,82.846,83.35128571428572,83.15756666666667,671.5,673.5,662.0,673.4285714285714,667.3,543.0,539.5,508.5,543.6428571428571,527.5666666666667,101.0,101.0,100.0,101.0,100.33333333333333,4,4,0,1,0,130.0
2024-04-15,1730.0,real,2529.0,real,1736.0,real,1280.0,real,721.0,real,0.05581592197924574,0.8424299195233431,-0.2468437091858946,16.060782251160372,106.05,real,1734.0,real,101.0,forward_filled_monthly,83.512,real,672.5,544.5,real,35.01484972692691,48.437965697564145,29.636469350696228,1729.0,1669.0,2297.0,1646.857142857143,2014.0666666666666,2552.0,2354.0,4205.0,2340.4285714285716,3200.4,1713.0,1733.0,1773.0,1678.857142857143,1920.6666666666667,1272.0,1273.0,1282.0,1264.4285714285713,1314.8666666666666,722.0,745.0,741.0,726.5714285714286,761.9,106.05,99.89,116.94,103.97285714285714,108.76333333333334,1630.0,1388.5,1780.0,1513.5,1571.0666666666666,83.565,83.365,82.916,83.37228571428571,83.17743333333334,672.0,674.0,666.5,673.2142857142857,667.5,543.5,541.5,513.5,544.0714285714286,528.6,101.0,101.0,100.0,101.0,100.36666666666666,4,0,0,1,0,133.0
2024-04-16,1779.0,real,2631.0,real,1754.0,real,1311.0,real,724.0,real,0.052688144337925805,0.8512597329023843,-0.2234831951113051,17.096077541506173,106.07,real,1669.0,real,101.0,forward_filled_monthly,83.665,real,672.5,546.0,real,33.455376360299944,49.473541604573654,30.257646524903706,1730.0,1628.0,2291.0,1668.4285714285713,1997.0,2529.0,2274.0,4148.0,2391.4285714285716,3149.8333333333335,1736.0,1695.0,1805.0,1687.2857142857142,1918.9666666666667,1280.0,1261.0,1297.0,1271.5714285714287,1315.3333333333333,721.0,735.0,753.0,725.0,760.9333333333333,106.05,99.97,116.21,104.8442857142857,108.42533333333333,1734.0,1388.5,1780.0,1553.5714285714287,1567.3666666666666,83.512,83.321,82.896,83.42142857142856,83.20306666666667,672.5,674.5,666.0,672.9285714285714,667.7166666666667,544.5,543.0,510.5,544.5,529.7833333333333,101.0,101.0,100.0,101.0,100.4,4,1,0,1,0,134.0
2024-04-17,1844.0,real,2760.0,real,1805.0,real,1337.0,real,729.0,real,0.047106611592597485,0.8670165731135252,-0.15257352941176472,20.23866433151966,107.3,real,1635.5,real,101.0,forward_filled_monthly,83.661,real,672.0,547.0,real,32.77834315508017,50.84726474652504,32.143198598911795,1779.0,1594.0,2176.0,1704.142857142857,1985.9333333333334,2631.0,2198.0,3769.0,2471.714285714286,3116.2,1754.0,1667.0,1823.0,1707.0,1918.3666666666666,1311.0,1258.0,1312.0,1282.857142857143,1316.1666666666667,724.0,733.0,758.0,724.4285714285714,759.9666666666667,106.07,102.68,116.96,105.50428571428571,108.10333333333332,1669.0,1388.5,1780.0,1588.857142857143,1562.55,83.665,83.285,82.805,83.47514285714286,83.2316,672.5,677.0,663.5,672.2142857142857,668.0,546.0,546.0,511.0,544.6428571428571,530.9833333333333,101.0,101.0,100.0,101.0,100.43333333333334,4,2,0,1,0,135.0
2024-04-18,1901.0,real,2845.0,real,1876.0,real,1365.0,real,735.0,real,0.040795490107657664,0.8848330649856777,-0.15548645046645937,20.10956899400075,107.95,real,1695.5,real,101.0,forward_filled_monthly,83.54,real,665.5,543.5,real,34.461422507993134,52.051914271005494,32.065741396400455,1844.0,1570.0,2251.0,1751.4285714285713,1974.2666666666667,2760.0,2153.0,3979.0,2570.5714285714284,3078.4,1805.0,1633.0,1840.0,1741.7142857142858,1919.5666666666666,1337.0,1259.0,1317.0,1298.0,1317.7666666666667,729.0,727.0,759.0,725.5714285714286,759.1666666666666,107.3,104.33,117.96,106.02142857142857,107.76966666666665,1635.5,1388.5,1780.0,1632.7142857142858,1559.7333333333333,83.661,83.193,82.713,83.52471428571428,83.25916666666667,672.0,673.0,663.5,671.1428571428571,668.0666666666667,547.0,544.0,512.5,544.5714285714286,532.0166666666667,101.0,101.0,100.0,101.0,100.46666666666667,4,3,0,1,0,136.0
2024-04-19,1919.0,real,2839.0,real,1916.0,real,1394.0,real,741.0,real,0.04365988607630349,0.8767467862449205,-0.1816631130063966,18.949467150435282,108.25,real,1700.5,real,101.0,forward_filled_monthly,83.386,real,665.0,543.0,real,35.36447863963856,52.43232991031511,31.36968029026117,1901.0,1587.0,2345.0,1798.857142857143,1960.0666666666666,2845.0,2202.0,4245.0,2661.5714285714284,3031.5333333333333,1876.0,1631.0,1861.0,1782.4285714285713,1921.4,1365.0,1260.0,1318.0,1317.142857142857,1320.3,735.0,724.0,762.0,728.0,758.4666666666667,107.95,104.02,117.05,106.62571428571428,107.47633333333333,1695.5,1490.0,1780.0,1662.7857142857142,1557.0833333333333,83.54,83.396,82.744,83.52328571428572,83.28056666666666,665.5,672.0,661.0,670.1428571428571,668.2,543.5,544.5,513.5,544.3571428571429,533.0,101.0,101.0,100.0,101.0,100.5,4,4,0,1,0,137.0
2024-04-22,1882.0,real,2702.0,real,1928.0,real,1410.0,real,744.0,real,0.03453279047315583,0.9025128604708533,-0.2082456878418174,17.7713760157752,108.62,real,1666.0,real,101.0,forward_filled_monthly,83.37,real,661.5,540.5,real,41.49943408072062,51.65036442951202,30.662825609465123,1919.0,1690.0,2377.0,1826.2857142857142,1943.5666666666666,2839.0,2475.0,4314.0,2694.0,2977.8,1916.0,1677.0,1893.0,1818.2857142857142,1922.5666666666666,1394.0,1261.0,1316.0,1338.4285714285713,1323.4333333333334,741.0,724.0,764.0,730.8571428571429,757.8,108.25,104.71,113.0,107.18428571428572,107.33033333333334,1700.5,1575.0,1640.5,1675.7857142857142,1557.9333333333334,83.386,83.334,82.731,83.52842857142858,83.30186666666667,665.0,671.5,658.0,668.7142857142857,668.3166666666667,543.0,543.0,511.0,544.0,533.9833333333333,101.0,101.0,100.0,101.0,100.53333333333333,4,0,0,1,0,140.0
2024-04-23,1804.0,real,2458.0,real,1914.0,real,1430.0,real,751.0,real,0.05070130622100212,0.8568686385851421,-0.22073434125269975,17.217901720741963,108.76,real,1628.0,real,101.0,forward_filled_monthly,83.297,real,662.5,542.5,real,36.85490363738336,50.00189665917034,30.33074103244518,1882.0,1729.0,2315.0,1837.0,1926.5333333333333,2702.0,2552.0,4092.0,2680.5714285714284,2923.3333333333335,1928.0,1713.0,1949.0,1847.0,1921.4,1410.0,1272.0,1306.0,1361.0,1327.5666666666666,744.0,722.0,766.0,735.0,757.3,108.62,106.05,113.15,107.57142857142857,107.184,1666.0,1630.0,1748.0,1675.5,1553.9333333333334,83.37,83.565,82.786,83.49014285714286,83.3189,661.5,672.0,656.5,667.3571428571429,668.5166666666667,540.5,543.5,511.5,543.8571428571429,535.0166666666667,101.0,101.0,100.0,101.0,100.56666666666666,4,1,0,1,0,141.0
2024-04-24,1774.0,real,2345.0,real,1910.0,real,1456.0,real,751.0,real,0.05314927691859538,0.8499579413119215,-0.2514767932489451,15.855452432863698,109.23,real,1622.5,real,101.0,forward_filled_monthly,83.325,real,664.0,543.5,real,37.00408717007419,49.36787059365432,29.513271459718222,1804.0,1730.0,2370.0,1843.2857142857142,1906.6666666666667,2458.0,2529.0,4189.0,2654.285714285714,2861.866666666667,1914.0,1736.0,2043.0,1871.857142857143,1916.9666666666667,1430.0,1280.0,1301.0,1386.142857142857,1332.7333333333333,751.0,721.0,769.0,739.2857142857143,756.7,108.76,106.05,111.77,108.0257142857143,107.09933333333333,1628.0,1734.0,1780.0,1659.5714285714287,1548.6833333333334,83.297,83.512,82.835,83.46342857142858,83.33523333333332,662.5,672.5,657.5,666.1428571428571,668.7333333333333,542.5,544.5,512.0,543.7142857142857,536.0666666666667,101.0,101.0,100.0,101.0,100.6,4,2,0,1,0,142.0
2024-04-25,1743.0,real,2230.0,real,1896.0,real,1488.0,real,750.0,real,0.049814148551041534,0.8593731122280419,-0.25829787234042556,15.553154673664663,109.68,real,1646.5,real,101.0,forward_filled_monthly,83.315,real,662.0,549.0,real,38.856504062365424,48.712710325954426,29.331892804198798,1774.0,1779.0,2350.0,1838.142857142857,1886.4333333333334,2345.0,2631.0,4042.0,2597.0,2801.4666666666667,1910.0,1754.0,2133.0,1892.142857142857,1909.0666666666666,1456.0,1311.0,1314.0,1411.4285714285713,1338.5333333333333,751.0,724.0,777.0,743.0,755.8,109.23,106.07,110.94,108.54142857142857,107.05733333333333,1622.5,1669.0,1772.0,1656.357142857143,1544.5,83.325,83.665,82.943,83.41342857142857,83.34763333333333,664.0,672.5,664.5,664.6428571428571,668.65,543.5,546.0,518.5,544.1428571428571,537.0833333333334,101.0,101.0,100.0,101.0,100.63333333333334,4,3,0,1,0,143.0
2024-04-26,1721.0,real,2172.0,real,1878.0,real,1495.0,real,751.0,real,0.03876258078380971,0.8905720311158005,-0.27506318449873635,14.810146678923806,110.16,real,1631.0,real,101.0,forward_filled_monthly,83.405,real,664.0,548.0,real,48.96194524765216,48.247757877909336,28.886088007354285,1743.0,1844.0,2374.0,1820.5714285714287,1864.6666666666667,2230.0,2760.0,4019.0,2513.0,2739.9,1896.0,1805.0,2234.0,1902.5714285714287,1897.2,1488.0,1337.0,1326.0,1434.0,1344.1666666666667,750.0,729.0,781.0,746.1428571428571,754.8,109.68,107.3,109.61,108.95,107.07566666666666,1646.5,1635.5,1497.0,1655.7142857142858,1548.9666666666667,83.315,83.661,82.888,83.37685714285715,83.36486666666669,662.0,672.0,666.0,663.5,668.5833333333334,549.0,547.0,519.0,544.2857142857143,538.05,101.0,101.0,100.0,101.0,100.66666666666667,4,4,0,1,0,144.0
2024-04-29,1684.0,real,2080.0,real,1858.0,real,1492.0,real,750.0,real,0.02667842357073822,0.9246859820644968,-0.30384456386936753,13.534608545776203,110.54,real,1628.5,real,101.0,forward_filled_monthly,83.425,real,666.0,551.0,real,48.15274149274325,47.465792397106235,28.12076512746572,1721.0,1901.0,2419.0,1789.5714285714287,1840.1666666666667,2172.0,2845.0,4089.0,2403.714285714286,2672.9333333333334,1878.0,1876.0,2298.0,1900.0,1882.5333333333333,1495.0,1365.0,1338.0,1452.142857142857,1349.3,751.0,735.0,783.0,748.2857142857143,753.7,110.16,107.95,110.47,109.32000000000001,107.078,1631.0,1695.5,1506.5,1646.142857142857,1553.0333333333333,83.405,83.54,82.925,83.36042857142857,83.38153333333334,664.0,665.5,669.5,663.5714285714286,668.4666666666667,548.0,543.5,528.5,545.3571428571429,538.8,101.0,101.0,100.0,101.0,100.7,4,0,0,1,0,147.0
2024-04-30,1685.0,real,2100.0,real,1845.0,real,1485.0,real,746.0,real,0.029881165788447107,0.9156445413591363,-0.2955685618729097,13.901385829121402,110.91,real,1566.5,real,101.0,forward_filled_monthly,83.46,real,662.0,551.0,real,45.22342994386979,47.4869265992901,28.34083149747284,1684.0,1919.0,2392.0,1756.142857142857,1816.6,2080.0,2839.0,3990.0,2298.1428571428573,2609.9333333333334,1858.0,1916.0,2306.0,1889.857142857143,1867.1666666666667,1492.0,1394.0,1351.0,1465.142857142857,1353.7666666666667,750.0,741.0,788.0,749.0,752.3,110.54,108.25,110.71,109.7,107.08466666666666,1628.5,1700.5,1526.5,1627.0,1554.3666666666666,83.425,83.386,83.035,83.371,83.3957,666.0,665.0,672.0,663.1428571428571,668.1333333333333,551.0,543.0,527.5,546.5,539.5833333333334,101.0,101.0,100.0,101.0,100.73333333333333,4,1,0,1,0,148.0
2024-05-01,1688.0,real,2116.0,real,1847.0,real,1478.0,real,742.0,real,0.03489851720500683,0.9014804025533498,-0.2609457092819615,15.435807379575891,117.21,real,1566.5,forward_filled,101.5,real,83.468,real,658.5,550.0,real,47.96701424719377,48.31955997507248,29.261484427745536,1685.0,1882.0,2284.0,1728.4285714285713,1796.7333333333333,2100.0,2702.0,3690.0,2214.4285714285716,2557.4666666666667,1845.0,1928.0,2251.0,1878.2857142857142,1853.7,1485.0,1410.0,1370.0,1474.857142857143,1357.3666666666666,746.0,744.0,790.0,748.7142857142857,750.7,110.91,108.62,110.29,110.92714285714285,107.31533333333333,1566.5,1666.0,1581.5,1612.7857142857142,1553.8666666666666,83.46,83.37,83.201,83.38499999999999,83.4046,662.0,661.5,671.0,662.7142857142857,667.7166666666667,551.0,540.5,530.5,547.8571428571429,540.2333333333333,101.0,101.0,100.0,101.07142857142857,100.78333333333333,5,2,0,1,0,149.0
2024-05-02,1774.0,real,2372.0,real,1863.0,real,1466.0,real,732.0,real,0.06011929376145566,0.830281367389851,-0.20803571428571432,17.780681660036134,118.08,real,1566.5,forward_filled,101.5,forward_filled_monthly,83.463,real,645.0,541.5,real,48.091905280781305,50.1371013628851,30.668408996021682,1688.0,1804.0,2240.0,1724.142857142857,1781.2,2116.0,2458.0,3588.0,2202.1428571428573,2516.9333333333334,1847.0,1914.0,2204.0,1871.0,1842.3333333333333,1478.0,1430.0,1379.0,1480.0,1360.2666666666667,742.0,751.0,795.0,746.0,748.6,117.21,108.76,110.94,112.25857142857141,107.55333333333333,1566.5,1628.0,1581.5,1604.0,1553.3666666666666,83.468,83.297,83.202,83.40871428571428,83.41329999999999,658.5,662.5,668.0,660.2142857142857,666.95,550.0,542.5,527.5,547.7142857142857,540.7,101.5,101.0,100.0,101.14285714285714,100.83333333333333,5,3,0,1,0,150.0
2024-05-03,1876.0,real,2673.0,real,1884.0,real,1458.0,real,729.0,real,0.0737665787982459,0.7917546580696232,-0.14571948998178508,20.542422832683,118.03,real,1566.5,forward_filled,101.5,forward_filled_monthly,83.381,real,645.5,538.0,real,48.28008716810573,52.29278998563959,32.325453699609795,1774.0,1774.0,2196.0,1738.7142857142858,1770.5333333333333,2372.0,2345.0,3482.0,2249.0,2489.9666666666667,1863.0,1910.0,2165.0,1867.2857142857142,1832.9666666666667,1466.0,1456.0,1383.0,1480.2857142857142,1362.7666666666667,732.0,751.0,795.0,742.8571428571429,746.4,118.08,109.23,110.64,113.51571428571427,107.79966666666668,1566.5,1622.5,1581.5,1596.0,1552.8666666666666,83.463,83.325,83.587,83.41671428571428,83.40643333333333,645.0,664.0,665.0,657.5714285714286,666.3,541.5,543.5,526.0,546.9285714285714,541.1,101.5,101.0,100.0,101.21428571428571,100.88333333333334,5,4,0,1,0,151.0
2024-05-06,1876.0,forward_filled,2673.0,forward_filled,1884.0,forward_filled,1458.0,forward_filled,729.0,forward_filled,0.06810640063726055,0.8077335167306037,-0.11634479510127183,21.844255624891133,119.56,real,1512.0,real,101.5,forward_filled_monthly,83.495,real,646.0,534.0,real,47.0790547846072,52.29278998563959,33.10655337493468,1876.0,1743.0,2123.0,1757.7142857142858,1762.3,2673.0,2230.0,3295.0,2312.285714285714,2469.233333333333,1884.0,1896.0,2120.0,1865.5714285714287,1825.1,1458.0,1488.0,1386.0,1476.0,1365.1666666666667,729.0,750.0,792.0,739.8571428571429,744.3,118.03,109.68,110.67,114.92714285714285,108.096,1566.5,1646.5,1592.0,1576.7857142857142,1550.2,83.381,83.315,83.415,83.44242857142856,83.40910000000001,645.5,662.0,665.0,655.2857142857143,665.6666666666666,538.0,549.0,527.5,544.7857142857143,541.3166666666667,101.5,101.0,100.0,101.28571428571429,100.93333333333334,5,0,0,1,0,154.0
2024-05-07,2083.0,real,3239.0,real,1949.0,real,1461.0,real,722.0,real,0.09178840255902967,0.7408784901299674,0.047259929612870843,29.094918021876477,118.69,real,1568.5,real,101.5,forward_filled_monthly,83.467,real,644.0,537.5,real,49.62291588026364,56.66756983770016,37.456950813125886,1876.0,1721.0,1989.0,1809.4285714285713,1765.4333333333334,2673.0,2172.0,2964.0,2464.714285714286,2478.4,1884.0,1878.0,2044.0,1875.7142857142858,1821.9333333333334,1458.0,1495.0,1375.0,1471.142857142857,1368.0333333333333,729.0,751.0,784.0,735.7142857142857,742.2333333333333,119.56,110.16,110.28,116.14571428571428,108.37633333333333,1512.0,1631.0,1566.0,1567.857142857143,1550.2833333333333,83.495,83.405,83.33,83.45128571428572,83.41366666666666,646.0,664.0,666.0,652.4285714285714,664.9333333333333,534.0,548.0,529.5,543.2857142857143,541.5833333333334,101.5,101.0,100.0,101.35714285714286,100.98333333333333,5,1,0,1,0,155.0
2024-05-08,2203.0,real,3541.0,real,2005.0,real,1477.0,real,711.0,real,0.07957169660120691,0.7753666302998918,0.1940379403794037,35.599851209036515,116.59,real,1535.0,real,101.5,forward_filled_monthly,83.471,real,639.0,533.5,real,48.015575453207326,59.20367409976427,41.35991072542191,2083.0,1684.0,1845.0,1883.5714285714287,1777.3666666666666,3239.0,2080.0,2638.0,2673.4285714285716,2508.5,1949.0,1858.0,1941.0,1896.7142857142858,1824.0666666666666,1461.0,1492.0,1353.0,1469.0,1372.1666666666667,722.0,750.0,779.0,730.1428571428571,739.9666666666667,118.69,110.54,109.84,117.00999999999999,108.60133333333333,1568.5,1628.5,1545.5,1554.5,1549.9333333333334,83.467,83.425,83.322,83.45785714285715,83.41863333333332,644.0,666.0,664.5,648.5714285714286,664.0833333333334,537.5,551.0,527.5,540.7857142857143,541.7833333333333,101.5,101.0,100.0,101.42857142857143,101.03333333333333,5,2,0,1,0,156.0
2024-05-09,2166.0,real,3405.0,real,2020.0,real,1488.0,real,709.0,real,0.08837923777930852,0.7505026681359958,0.18945634266886335,35.39680317178715,116.96,real,1495.0,real,101.5,forward_filled_monthly,83.45,real,642.5,536.0,real,49.03145136094204,58.421708618961176,41.23808190307229,2203.0,1685.0,1821.0,1952.2857142857142,1788.8666666666666,3541.0,2100.0,2637.0,2859.8571428571427,2534.1,2005.0,1845.0,1879.0,1921.7142857142858,1828.7666666666667,1477.0,1485.0,1331.0,1469.4285714285713,1377.4,711.0,746.0,772.0,724.8571428571429,737.8666666666667,116.59,110.91,109.53,117.87428571428572,108.84899999999999,1535.0,1566.5,1491.0,1544.2857142857142,1550.0666666666666,83.471,83.46,83.38,83.45642857142857,83.42096666666666,639.0,662.0,663.5,645.7857142857143,663.3833333333333,533.5,551.0,526.5,538.6428571428571,542.1,101.5,101.0,100.0,101.5,101.08333333333333,5,3,0,1,0,157.0
2024-05-10,2129.0,real,3292.0,real,2026.0,real,1485.0,real,703.0,real,0.09465509436880054,0.7327857301584431,0.16913783635365176,34.496324105794265,116.93,real,1488.5,real,101.5,forward_filled_monthly,83.546,real,645.5,538.5,real,50.17049536558552,57.639743138158074,40.69779446347656,2166.0,1688.0,1821.0,2015.2857142857142,1799.1333333333334,3405.0,2116.0,2637.0,3027.8571428571427,2555.9333333333334,2020.0,1847.0,1879.0,1947.2857142857142,1833.6666666666667,1488.0,1478.0,1331.0,1470.4285714285713,1382.5333333333333,709.0,742.0,772.0,719.2857142857143,735.5666666666667,116.96,117.21,109.53,117.8342857142857,109.09566666666666,1495.0,1566.5,1454.0,1533.142857142857,1551.2166666666667,83.45,83.468,83.365,83.46757142857143,83.42699999999999,642.5,658.5,668.5,643.9285714285714,662.6166666666667,536.0,550.0,533.5,537.0,542.2666666666667,101.5,101.5,100.0,101.5,101.13333333333334,5,4,0,1,0,158.0
2024-05-13,2066.0,real,3108.0,real,2017.0,real,1485.0,real,701.0,real,0.10173244821028468,0.7128061405571265,0.13454146073585949,32.963075966401,117.31,real,1422.0,real,101.5,forward_filled_monthly,83.47,real,640.0,533.5,real,56.28674761542438,56.30828840057441,39.7778455798406,2129.0,1774.0,1821.0,2057.0,1807.3,3292.0,2372.0,2637.0,3133.0,2571.633333333333,2026.0,1863.0,1879.0,1969.2857142857142,1838.2666666666667,1485.0,1466.0,1331.0,1473.142857142857,1387.6666666666667,703.0,732.0,772.0,714.8571428571429,733.2,116.93,118.08,102.33,117.72428571428573,109.595,1488.5,1566.5,1388.5,1512.5,1552.3333333333333,83.546,83.463,83.388,83.46857142857144,83.42973333333335,645.5,645.0,666.0,643.2142857142857,661.75,538.5,541.5,530.0,535.8571428571429,542.3833333333333,101.5,101.5,101.0,101.5,101.15,5,0,0,1,0,161.0
2024-05-14,1993.0,real,2931.0,real,1978.0,real,1475.0,real,698.0,real,0.10033115321619696,0.71676203982673,0.16277712952158696,34.21442920376084,116.65,real,1322.5,real,101.5,forward_filled_monthly,83.491,real,639.5,531.5,real,51.340744495953636,54.76549164115209,40.5286575222565,2066.0,1876.0,1714.0,2073.714285714286,1816.6,3108.0,2673.0,2394.0,3169.8571428571427,2589.5333333333333,2017.0,1884.0,1816.0,1982.7142857142858,1843.6666666666667,1485.0,1458.0,1303.0,1475.5714285714287,1393.4,701.0,729.0,763.0,710.4285714285714,731.0333333333333,117.31,118.03,102.91,117.52714285714285,110.05300000000001,1422.0,1566.5,1388.5,1477.642857142857,1550.1333333333334,83.47,83.381,83.35,83.48428571428572,83.43443333333335,640.0,645.5,669.5,642.3571428571429,660.75,533.5,538.0,534.5,534.9285714285714,542.2833333333333,101.5,101.5,101.0,101.5,101.16666666666667,5,1,0,1,0,162.0
2024-05-15,1889.0,real,2699.0,real,1905.0,real,1453.0,real,694.0,real,0.1068445879089764,0.6983744114883084,0.10403272939801278,31.61098475095745,116.3,real,1359.5,real,101.5,forward_filled_monthly,83.42,real,636.0,530.0,real,54.72223678945113,52.56753461402987,38.96659085057447,1993.0,1876.0,1711.0,2075.5714285714284,1822.5333333333333,2931.0,2673.0,2437.0,3173.5714285714284,2598.266666666667,1978.0,1884.0,1772.0,1985.7142857142858,1848.1,1475.0,1458.0,1284.0,1474.857142857143,1399.0333333333333,698.0,729.0,752.0,705.4285714285714,729.1,116.65,119.56,100.41,117.06142857142858,110.58266666666667,1322.5,1512.0,1388.5,1455.857142857143,1549.1666666666667,83.491,83.495,83.511,83.47357142857143,83.4314,639.5,646.0,673.5,640.9285714285714,659.5,531.5,534.0,539.5,534.3571428571429,541.9666666666667,101.5,101.5,101.0,101.5,101.18333333333334,5,2,0,1,0,163.0
2024-05-16,1817.0,real,2558.0,real,1845.0,real,1425.0,real,693.0,real,0.05708689117948689,0.8388419340155552,0.08867585380467347,30.93039609073166,116.85,real,1337.0,real,101.5,forward_filled_monthly,83.465,real,637.0,531.0,real,54.72069738889108,51.045872056791396,38.558237654439,1889.0,2083.0,1669.0,2037.5714285714287,1827.4666666666667,2699.0,3239.0,2354.0,3076.285714285714,2605.0666666666666,1905.0,1949.0,1733.0,1970.857142857143,1851.8333333333333,1453.0,1461.0,1273.0,1469.7142857142858,1404.1,694.0,722.0,745.0,701.2857142857143,727.3666666666667,116.3,118.69,99.89,116.79857142857142,111.14799999999998,1359.5,1568.5,1388.5,1422.7857142857142,1547.45,83.42,83.467,83.365,83.47328571428571,83.43473333333333,636.0,644.0,674.0,639.9285714285714,658.2666666666667,530.0,537.5,541.5,533.4285714285714,541.6166666666667,101.5,101.5,101.0,101.5,101.2,5,3,0,1,0,164.0
2024-05-17,1844.0,real,2675.0,real,1825.0,real,1405.0,real,690.0,real,0.04001845307379704,0.8870266646543221,0.13267813267813278,32.88049667228213,117.02,real,1499.0,real,101.5,forward_filled_monthly,83.308,real,637.0,531.5,real,61.21204016941777,51.61649551575582,39.728298003369275,1817.0,2203.0,1628.0,1986.2857142857142,1834.6666666666667,2558.0,3541.0,2274.0,2952.5714285714284,2618.4333333333334,1845.0,2005.0,1695.0,1945.142857142857,1856.1666666666667,1425.0,1477.0,1261.0,1459.4285714285713,1408.9,693.0,711.0,735.0,698.2857142857143,725.8666666666667,116.85,116.59,99.97,116.86,111.71633333333332,1337.0,1535.0,1388.5,1417.642857142857,1551.1333333333334,83.465,83.471,83.321,83.45000000000002,83.4343,637.0,639.0,674.5,639.6428571428571,657.0166666666667,531.0,533.5,543.0,533.1428571428571,541.2333333333333,101.5,101.5,101.0,101.5,101.21666666666667,5,4,0,1,0,165.0
2024-05-20,1847.0,real,2708.0,real,1811.0,real,1392.0,real,691.0,real,0.044410865232332536,0.8746267487743259,0.158720200752823,34.034633535131334,117.24,real,1444.0,real,101.5,forward_filled_monthly,83.305,real,638.0,536.0,real,56.805454100706186,51.67989812230742,40.4207801210788,1844.0,2166.0,1594.0,1940.7142857142858,1843.1,2675.0,3405.0,2198.0,2853.0,2635.4333333333334,1825.0,2020.0,1667.0,1915.2857142857142,1860.9666666666667,1405.0,1488.0,1258.0,1445.7142857142858,1413.3666666666666,690.0,709.0,733.0,695.7142857142857,724.4666666666667,117.02,116.96,102.68,116.89999999999999,112.20166666666667,1499.0,1495.0,1388.5,1410.357142857143,1552.9833333333333,83.308,83.45,83.285,83.42928571428571,83.43496666666667,637.0,642.5,677.0,639.0,655.7166666666667,531.5,536.0,546.0,533.1428571428571,540.9,101.5,101.5,101.0,101.5,101.23333333333333,5,0,0,1,0,168.0
2024-05-21,1829.0,real,2655.0,real,1822.0,real,1382.0,real,688.0,real,0.04461396507011084,0.87405339162732,0.1649681528662421,34.31153135410378,117.57,real,1430.5,real,101.5,forward_filled_monthly,83.265,real,635.0,536.0,real,55.117905646429264,51.2994824829978,40.586918812462265,1847.0,2129.0,1570.0,1897.857142857143,1851.7333333333333,2708.0,3292.0,2153.0,2762.0,2652.1666666666665,1811.0,2026.0,1633.0,1886.142857142857,1867.2666666666667,1392.0,1485.0,1259.0,1431.0,1417.4666666666667,691.0,703.0,727.0,693.5714285714286,723.1666666666666,117.24,116.93,104.33,116.99142857142859,112.643,1444.0,1488.5,1388.5,1402.0714285714287,1554.3833333333334,83.305,83.546,83.193,83.38914285714286,83.43736666666668,638.0,645.5,673.0,637.5,654.45,536.0,538.5,544.0,532.7857142857143,540.6333333333333,101.5,101.5,101.0,101.5,101.25,5,1,0,1,0,169.0
2024-05-22,1804.0,real,2584.0,real,1831.0,real,1371.0,real,686.0,real,0.04306134218148993,0.8784364942409588,0.13673597983616892,33.06033304224573,117.64,real,1457.0,real,101.5,forward_filled_monthly,83.235,real,629.0,533.0,real,52.540937917480235,50.77112742840112,39.836199825347435,1829.0,2066.0,1587.0,1860.4285714285713,1858.9666666666667,2655.0,3108.0,2202.0,2687.1428571428573,2664.9,1822.0,2017.0,1631.0,1859.5714285714287,1873.9333333333334,1382.0,1485.0,1260.0,1414.7142857142858,1421.1666666666667,688.0,701.0,724.0,691.4285714285714,721.9,117.57,117.31,104.02,117.03857142857143,113.097,1430.5,1422.0,1490.0,1407.0714285714287,1553.2833333333333,83.265,83.47,83.396,83.35557142857144,83.432,635.0,640.0,672.0,635.9285714285714,653.0166666666667,536.0,533.5,544.5,532.7142857142857,540.25,101.5,101.5,101.0,101.5,101.26666666666667,5,2,0,1,0,170.0
2024-05-23,1796.0,real,2584.0,real,1832.0,real,1345.0,real,686.0,real,0.04141723915875373,0.8830778481130813,0.06272189349112423,29.78016400283136,117.53,real,1446.5,real,101.5,forward_filled_monthly,83.25,real,625.0,529.5,real,48.60661517879887,50.60205381093018,37.868098401698816,1804.0,1993.0,1690.0,1832.2857142857142,1862.5,2584.0,2931.0,2475.0,2637.5714285714284,2668.5333333333333,1831.0,1978.0,1677.0,1838.7142857142858,1879.1,1371.0,1475.0,1261.0,1396.142857142857,1423.9666666666667,686.0,698.0,724.0,689.7142857142857,720.6333333333333,117.64,116.65,104.71,117.16428571428571,113.52433333333333,1457.0,1322.5,1575.0,1424.7857142857142,1549.0,83.235,83.491,83.334,83.32114285714286,83.42920000000001,629.0,639.5,671.5,633.8571428571429,651.4666666666667,533.0,531.5,543.0,532.4285714285714,539.8,101.5,101.5,101.0,101.5,101.28333333333333,5,3,0,1,0,171.0
2024-05-24,1797.0,real,2613.0,real,1824.0,real,1326.0,real,688.0,real,0.031820508046442694,0.9101697179605768,0.0393290919606708,28.743437791449907,117.66,real,1419.0,real,101.5,forward_filled_monthly,83.065,real,620.5,529.5,real,44.96633221948269,50.62318801311404,37.24606267486995,1796.0,1889.0,1729.0,1819.142857142857,1864.7666666666667,2584.0,2699.0,2552.0,2625.285714285714,2670.5666666666666,1832.0,1905.0,1713.0,1827.142857142857,1882.8,1345.0,1453.0,1272.0,1378.0,1425.7666666666667,686.0,694.0,722.0,688.8571428571429,719.5,117.53,116.3,106.05,117.35857142857141,113.91133333333333,1446.5,1359.5,1630.0,1433.2857142857142,1541.9666666666667,83.25,83.42,83.565,83.27042857142858,83.41253333333334,625.0,636.0,672.0,631.6428571428571,649.75,529.5,530.0,543.5,532.3571428571429,539.3333333333334,101.5,101.5,101.0,101.5,101.3,5,4,0,1,0,172.0
2024-05-27,1797.0,forward_filled,2613.0,forward_filled,1824.0,forward_filled,1326.0,forward_filled,688.0,forward_filled,0.023779886987847044,0.9328686408191174,0.03872832369942203,28.716812840069377,117.66,forward_filled,1399.5,real,101.5,forward_filled_monthly,83.13,real,621.5,531.0,real,41.46780825713275,50.62318801311404,37.23008770404162,1797.0,1817.0,1730.0,1816.2857142857142,1867.0,2613.0,2558.0,2529.0,2633.1428571428573,2673.366666666667,1824.0,1845.0,1736.0,1824.142857142857,1885.7333333333333,1326.0,1425.0,1280.0,1363.857142857143,1427.3,688.0,693.0,721.0,688.1428571428571,718.4,117.66,116.85,106.05,117.47428571428573,114.29833333333333,1419.0,1337.0,1734.0,1442.2142857142858,1530.8166666666666,83.065,83.465,83.512,83.22257142857143,83.3998,620.5,637.0,672.5,629.4285714285714,648.05,529.5,531.0,544.5,532.3571428571429,538.8833333333333,101.5,101.5,101.0,101.5,101.31666666666666,5,0,0,1,0,175.0
2024-05-28,1784.0,real,2608.0,real,1801.0,real,1309.0,real,708.0,real,0.014680248113889165,0.9585572038461907,0.0028105677346823565,27.1250035386408,117.68,real,1351.5,real,101.5,forward_filled_monthly,83.18,real,622.0,537.5,real,41.61357131938983,50.348443384723765,36.27500212318448,1797.0,1844.0,1779.0,1807.7142857142858,1867.1666666666667,2613.0,2675.0,2631.0,2623.5714285714284,2672.6,1824.0,1825.0,1754.0,1820.7142857142858,1887.3,1326.0,1405.0,1311.0,1350.142857142857,1427.2333333333333,688.0,690.0,724.0,690.7142857142857,717.8666666666667,117.66,117.02,106.07,117.56857142857143,114.68533333333333,1399.5,1499.0,1669.0,1421.142857142857,1520.2333333333333,83.13,83.308,83.665,83.20428571428572,83.38363333333334,621.5,637.0,672.5,627.2857142857143,646.3666666666667,531.0,531.5,546.0,533.2142857142857,538.6,101.5,101.5,101.0,101.5,101.33333333333333,5,1,0,1,0,176.0
2024-05-29,1790.0,real,2674.0,real,1762.0,real,1293.0,real,712.0,real,0.017553171012161865,0.95044685331839,-0.029284164859002204,25.702623646098417,117.74,real,1294.0,real,101.5,forward_filled_monthly,83.365,real,628.5,542.5,real,39.6497377566151,50.47524859782697,35.42157418765905,1784.0,1847.0,1844.0,1799.5714285714287,1865.3666666666666,2608.0,2708.0,2760.0,2618.714285714286,2669.733333333333,1801.0,1811.0,1805.0,1813.7142857142858,1885.8666666666666,1309.0,1392.0,1337.0,1336.0,1425.7666666666667,708.0,691.0,729.0,693.7142857142857,717.3,117.68,117.24,107.3,117.64,115.03333333333333,1351.5,1444.0,1635.5,1399.7142857142858,1508.85,83.18,83.305,83.661,83.21285714285715,83.37376666666667,622.0,638.0,672.0,625.9285714285714,644.9166666666666,537.5,536.0,547.0,534.1428571428571,538.45,101.5,101.5,101.0,101.5,101.35,5,2,0,1,0,177.0
2024-05-30,1801.0,real,2750.0,real,1718.0,real,1286.0,real,718.0,real,0.018729576544634245,0.9471258239803135,-0.05260389268805887,24.669135927614104,117.62,real,1213.5,real,101.5,forward_filled_monthly,83.305,real,627.0,542.5,real,34.89187534908631,50.70772482184951,34.80148155656846,1790.0,1829.0,1901.0,1795.5714285714287,1862.0333333333333,2674.0,2655.0,2845.0,2632.285714285714,2666.5666666666666,1762.0,1822.0,1876.0,1798.857142857143,1880.6,1293.0,1382.0,1365.0,1322.2857142857142,1423.1333333333334,712.0,688.0,735.0,698.0,716.7333333333333,117.74,117.57,107.95,117.64714285714285,115.35566666666666,1294.0,1430.5,1695.5,1368.7142857142858,1492.7833333333333,83.365,83.265,83.54,83.21857142857142,83.36593333333332,628.5,635.0,665.5,624.7857142857143,643.6333333333333,542.5,536.0,543.5,535.0714285714286,538.4166666666666,101.5,101.5,101.0,101.5,101.36666666666666,5,3,0,1,0,178.0
2024-05-31,1815.0,real,2820.0,real,1693.0,real,1278.0,real,720.0,real,0.0135835532905457,0.9616532073778857,-0.05419489317352788,24.598625693794563,117.52,real,1185.5,real,101.5,forward_filled_monthly,83.451,real,619.5,537.0,real,33.5632198201982,51.00360365242366,34.75917541627674,1801.0,1804.0,1919.0,1797.142857142857,1858.5666666666666,2750.0,2584.0,2839.0,2666.0,2665.9333333333334,1718.0,1831.0,1916.0,1779.142857142857,1873.1666666666667,1286.0,1371.0,1394.0,1309.0,1419.2666666666667,718.0,686.0,741.0,702.8571428571429,716.0333333333333,117.62,117.64,108.25,117.63,115.66466666666666,1213.5,1457.0,1700.5,1329.9285714285713,1475.6166666666666,83.305,83.235,83.386,83.24942857142857,83.36809999999998,627.0,629.0,665.0,623.4285714285714,642.1166666666667,542.5,533.0,543.0,535.6428571428571,538.2166666666667,101.5,101.5,101.0,101.5,101.38333333333334,5,4,0,1,0,179.0
2024-06-01,1815.0,forward_filled,2820.0,forward_filled,1693.0,forward_filled,1278.0,forward_filled,720.0,forward_filled,0.0135835532905457,0.9616532073778857,-0.0356004250797024,25.422698536650483,117.52,forward_filled,1185.5,forward_filled,97.5,real,83.451,forward_filled,619.5,537.0,forward_filled,34.07322539133584,44.8497574985775,35.25361912199029,1815.0,1796.0,1882.0,1799.857142857143,1856.3333333333333,2820.0,2584.0,2702.0,2699.714285714286,2669.866666666667,1693.0,1832.0,1928.0,1759.2857142857142,1865.3333333333333,1278.0,1345.0,1410.0,1299.4285714285713,1414.8666666666666,720.0,686.0,744.0,707.7142857142857,715.2333333333333,117.52,117.53,108.62,117.62857142857142,115.96133333333333,1185.5,1446.5,1666.0,1292.642857142857,1459.6,83.451,83.25,83.37,83.27814285714285,83.37079999999999,619.5,625.0,661.5,622.6428571428571,640.7166666666667,537.0,529.5,540.5,536.7142857142857,538.1,101.5,101.5,101.0,100.92857142857143,101.26666666666667,6,5,1,0,0,180.0
2024-06-03,1808.0,real,2816.0,real,1681.0,real,1272.0,real,722.0,real,0.01460550850867041,0.9587681960719124,0.0022172949002217113,27.098710770876956,110.1,real,1182.5,real,97.5,forward_filled_monthly,83.111,real,615.5,535.0,real,29.505219045308138,44.70181808329043,36.25922646252617,1815.0,1797.0,1804.0,1801.4285714285713,1856.4666666666667,2820.0,2613.0,2458.0,2728.714285714286,2681.8,1693.0,1824.0,1914.0,1738.857142857143,1857.5666666666666,1278.0,1326.0,1430.0,1291.7142857142858,1409.6,720.0,688.0,751.0,712.5714285714286,714.2666666666667,117.52,117.66,108.76,116.54857142857144,116.006,1185.5,1419.0,1628.0,1258.857142857143,1444.75,83.451,83.065,83.297,83.28471428571427,83.36460000000001,619.5,620.5,662.5,621.9285714285714,639.15,537.0,529.5,542.5,537.5,537.85,97.5,101.5,101.0,100.35714285714286,101.15,6,0,1,0,0,182.0
2024-06-04,1813.0,real,2839.0,real,1679.0,real,1265.0,real,717.0,real,0.013905026534149184,0.9607456784314943,0.0219842164599775,27.97474460857877,107.69,real,1207.5,real,97.5,forward_filled_monthly,83.552,real,606.5,528.0,real,28.44792445890224,44.80748909420977,36.784846765147265,1808.0,1797.0,1774.0,1803.7142857142858,1857.7666666666667,2816.0,2613.0,2345.0,2761.0,2698.266666666667,1681.0,1824.0,1910.0,1718.142857142857,1849.8666666666666,1272.0,1326.0,1456.0,1283.0,1403.2333333333333,722.0,688.0,751.0,716.7142857142857,713.1333333333333,110.1,117.66,109.23,115.1242857142857,115.95466666666667,1182.5,1399.5,1622.5,1231.4285714285713,1430.9166666666667,83.111,83.13,83.325,83.345,83.37216666666667,615.5,621.5,664.0,619.7857142857143,637.2333333333333,535.0,531.0,543.5,537.0714285714286,537.3333333333334,97.5,101.5,101.0,99.78571428571429,101.03333333333333,6,1,1,0,0,183.0
2024-06-05,1852.0,real,2945.0,real,1702.0,real,1258.0,real,714.0,real,0.01521064918641933,0.9570598651528595,0.06253585771658066,29.771919237300697,107.02,real,1207.5,real,97.5,forward_filled_monthly,83.379,real,597.5,521.5,real,27.06487257310412,45.631722979380605,37.86315154238042,1813.0,1784.0,1743.0,1813.4285714285713,1861.4,2839.0,2608.0,2230.0,2809.1428571428573,2722.1,1679.0,1801.0,1896.0,1704.0,1843.4,1265.0,1309.0,1488.0,1275.7142857142858,1395.5666666666666,717.0,708.0,750.0,717.5714285714286,711.9333333333333,107.69,117.68,109.68,113.60142857142857,115.866,1207.5,1351.5,1646.5,1210.857142857143,1416.2833333333333,83.552,83.18,83.315,83.37342857142858,83.3743,606.5,622.0,662.0,616.2857142857143,635.0833333333334,528.0,537.5,549.0,534.7857142857143,536.4166666666666,97.5,101.5,101.0,99.21428571428571,100.91666666666667,6,2,1,0,0,184.0
2024-06-06,1869.0,real,2977.0,real,1731.0,real,1255.0,real,716.0,real,0.01497015163341669,0.9577387972109047,0.08599651365485173,30.811652632026604,108.5,real,1207.5,real,97.5,forward_filled_monthly,83.475,real,599.0,520.0,real,28.159083432227316,45.99100441650636,38.48699157921596,1852.0,1790.0,1721.0,1824.7142857142858,1866.3333333333333,2945.0,2674.0,2172.0,2852.4285714285716,2748.9333333333334,1702.0,1762.0,1878.0,1699.5714285714287,1838.5,1258.0,1293.0,1495.0,1270.2857142857142,1387.5666666666666,714.0,712.0,751.0,718.1428571428571,710.7666666666667,107.02,117.74,110.16,112.28142857142858,115.81066666666666,1207.5,1294.0,1631.0,1198.5,1402.1666666666667,83.379,83.365,83.405,83.38914285714284,83.37663333333333,597.5,628.5,664.0,612.0714285714286,632.9166666666666,521.5,542.5,548.0,531.5714285714286,535.4833333333333,97.5,101.5,101.0,98.64285714285714,100.8,6,3,1,0,0,185.0
2024-06-07,1881.0,real,2998.0,real,1750.0,real,1254.0,real,714.0,real,0.01405804649006405,0.9603136983456506,0.1169833729216152,32.184933603457964,108.48,real,1207.5,real,97.5,forward_filled_monthly,83.526,real,606.5,525.0,real,27.945989191820797,46.244614842712764,39.31096016207478,1869.0,1801.0,1684.0,1836.142857142857,1872.9,2977.0,2750.0,2080.0,2887.8571428571427,2779.5333333333333,1731.0,1718.0,1858.0,1704.142857142857,1834.9,1255.0,1286.0,1492.0,1265.7142857142858,1379.6333333333334,716.0,718.0,750.0,717.5714285714286,709.5666666666667,108.5,117.62,110.54,110.97571428571428,115.74199999999999,1207.5,1213.5,1628.5,1197.642857142857,1388.1333333333334,83.475,83.305,83.425,83.42071428571428,83.38000000000001,599.0,627.0,666.0,609.1428571428571,630.9333333333333,520.0,542.5,551.0,529.0714285714286,534.6166666666667,97.5,101.5,101.0,98.07142857142857,100.68333333333334,6,4,1,0,0,186.0
2024-06-10,1883.0,real,2985.0,real,1769.0,real,1257.0,real,714.0,real,0.013989829600274018,0.9605062767432283,0.11750741839762613,32.20815834121454,107.38,real,1207.5,forward_filled,97.5,forward_filled_monthly,83.515,real,606.5,523.5,real,28.544026106838533,46.2868832470805,39.324895004728724,1881.0,1815.0,1685.0,1845.857142857143,1879.5,2998.0,2820.0,2100.0,2911.4285714285716,2809.0333333333333,1750.0,1693.0,1845.0,1715.0,1832.3666666666666,1254.0,1278.0,1485.0,1262.7142857142858,1372.0333333333333,714.0,720.0,746.0,716.7142857142857,708.5,108.48,117.52,110.91,109.52714285714286,115.62433333333334,1207.5,1185.5,1566.5,1200.7857142857142,1376.1666666666667,83.526,83.451,83.46,83.42985714285714,83.38183333333333,606.5,619.5,662.0,607.2857142857143,629.0833333333334,525.0,537.0,551.0,527.1428571428571,533.7,97.5,101.5,101.0,97.5,100.56666666666666,6,0,1,0,0,189.0
2024-06-11,1831.0,real,2784.0,real,1807.0,real,1271.0,real,711.0,real,0.032068390487650575,0.9094699381338743,0.08471563981042651,30.754886644153807,106.27,real,1207.5,real,97.5,forward_filled_monthly,83.625,real,611.5,531.0,real,23.788694552443467,45.18790473351939,38.45293198649229,1883.0,1815.0,1688.0,1848.142857142857,1884.2666666666667,2985.0,2820.0,2116.0,2906.285714285714,2831.3,1769.0,1693.0,1847.0,1731.2857142857142,1831.0333333333333,1257.0,1278.0,1478.0,1261.7142857142858,1365.1333333333334,714.0,720.0,742.0,715.4285714285714,707.4666666666667,107.38,117.52,117.21,107.92,115.25966666666666,1207.5,1185.5,1566.5,1203.9285714285713,1364.2,83.515,83.451,83.468,83.45471428571429,83.38706666666667,606.5,619.5,658.5,606.1428571428571,627.5166666666667,523.5,537.0,550.0,526.2857142857143,533.0666666666667,97.5,97.5,101.5,97.5,100.43333333333334,6,1,1,0,0,190.0
2024-06-12,1836.0,real,2726.0,real,1864.0,real,1297.0,real,708.0,real,0.03290095063386332,0.9071195949954204,0.03494926719278468,28.549331962260784,106.42,real,1207.5,real,97.5,forward_filled_monthly,83.44,real,615.5,532.5,real,23.370452491566102,45.293575744438726,37.12959917735647,1831.0,1808.0,1774.0,1852.142857142857,1886.3333333333333,2784.0,2816.0,2372.0,2893.4285714285716,2843.1,1807.0,1681.0,1863.0,1757.4285714285713,1831.0666666666666,1271.0,1272.0,1466.0,1265.2857142857142,1359.5,711.0,722.0,732.0,713.4285714285714,706.6666666666666,106.27,110.1,118.08,107.39428571428572,114.87100000000001,1207.5,1182.5,1566.5,1207.5,1352.2333333333333,83.625,83.111,83.463,83.50171428571427,83.38629999999999,611.5,615.5,645.0,606.1428571428571,626.5333333333333,531.0,535.0,541.5,525.9285714285714,532.7666666666667,97.5,97.5,101.5,97.5,100.3,6,2,1,0,0,191.0
2024-06-13,1942.0,real,2985.0,real,1920.0,real,1313.0,real,708.0,real,0.0501653995528687,0.8583815197457751,0.03518123667377404,28.559612425713144,107.12,real,1207.5,real,97.5,forward_filled_monthly,83.55,real,616.5,533.0,real,23.858476916472654,47.533801175928694,37.13576745542789,1836.0,1813.0,1876.0,1870.5714285714287,1888.5333333333333,2726.0,2839.0,2673.0,2914.285714285714,2853.5,1864.0,1679.0,1884.0,1791.857142857143,1832.2666666666667,1297.0,1265.0,1458.0,1272.142857142857,1354.6666666666667,708.0,717.0,729.0,712.1428571428571,705.9666666666667,106.42,107.69,118.03,107.31285714285714,114.50733333333332,1207.5,1207.5,1566.5,1207.5,1340.2666666666667,83.44,83.552,83.381,83.50142857142858,83.39193333333334,615.5,606.5,645.5,607.5714285714286,625.5666666666667,532.5,528.0,538.0,526.6428571428571,532.6,97.5,97.5,101.5,97.5,100.16666666666667,6,3,1,0,0,192.0
2024-06-14,1948.0,real,2957.0,real,1950.0,real,1335.0,real,711.0,real,0.04873831642537239,0.8624102197165484,0.03837953091684443,28.70135498139571,107.33,real,1207.5,real,97.5,forward_filled_monthly,83.552,real,616.5,531.0,real,24.628150527444095,47.66060638903189,37.22081298883742,1942.0,1852.0,1876.0,1884.2857142857142,1890.9333333333334,2985.0,2945.0,2673.0,2916.0,2862.9666666666667,1920.0,1702.0,1884.0,1827.2857142857142,1834.4666666666667,1313.0,1258.0,1458.0,1283.142857142857,1350.5666666666666,708.0,714.0,729.0,711.7142857142857,705.3666666666667,107.12,107.02,119.56,107.35714285714286,114.09966666666666,1207.5,1207.5,1512.0,1207.5,1330.1166666666666,83.55,83.379,83.495,83.52614285714286,83.39383333333333,616.5,597.5,646.0,610.2857142857143,624.5833333333334,533.0,521.5,534.0,528.0,532.5,97.5,97.5,101.5,97.5,100.03333333333333,6,4,1,0,0,193.0
2024-06-17,1948.0,real,2938.0,real,1960.0,real,1346.0,real,716.0,real,0.04862717175260799,0.8627239845780972,-0.06481036965914544,24.128167176689793,107.05,real,1194.0,real,97.5,forward_filled_monthly,83.51,real,618.0,532.5,real,22.894021109359645,47.66060638903189,34.476900306013874,1948.0,1869.0,2083.0,1895.5714285714287,1886.4333333333334,2957.0,2977.0,3239.0,2910.4285714285716,2852.9333333333334,1950.0,1731.0,1949.0,1860.0,1834.8333333333333,1335.0,1255.0,1461.0,1296.142857142857,1346.7333333333333,711.0,716.0,722.0,711.7142857142857,705.1666666666666,107.33,108.5,118.69,107.14999999999999,113.71166666666666,1207.5,1207.5,1568.5,1205.5714285714287,1317.6333333333334,83.552,83.475,83.467,83.53114285714285,83.39526666666667,616.5,599.0,644.0,613.0,623.7166666666667,531.0,520.0,537.5,529.7857142857143,532.3333333333334,97.5,97.5,101.5,97.5,99.9,6,0,1,0,0,196.0
2024-06-18,1961.0,real,2966.0,real,1954.0,real,1362.0,real,725.0,real,0.04870356082571827,0.8625083358533122,-0.10985020426690872,22.132084021221374,107.11,real,1446.5,real,97.5,forward_filled_monthly,83.345,real,624.0,536.0,real,34.17439023551717,47.935351017422164,33.27925041273282,1948.0,1881.0,2203.0,1907.0,1878.3666666666666,2938.0,2998.0,3541.0,2905.8571428571427,2833.766666666667,1960.0,1750.0,2005.0,1889.142857142857,1833.1333333333334,1346.0,1254.0,1477.0,1311.5714285714287,1342.9,716.0,714.0,711.0,713.2857142857143,705.6333333333333,107.05,108.48,116.59,106.9542857142857,113.39566666666668,1194.0,1207.5,1535.0,1239.7142857142858,1314.6833333333334,83.51,83.526,83.471,83.50528571428572,83.39106666666667,618.0,606.5,639.0,615.5,623.2166666666667,532.5,525.0,533.5,531.3571428571429,532.4166666666666,97.5,97.5,101.5,97.5,99.76666666666667,6,1,1,0,0,197.0
2024-06-19,1943.0,real,2927.0,real,1919.0,real,1374.0,real,734.0,real,0.048931458413831945,0.8618649738872972,-0.10295475530932596,22.437677716968444,107.11,forward_filled,1448.0,real,97.5,forward_filled_monthly,83.47,real,626.5,541.0,real,35.39504453216929,47.55493537811255,33.46260663018107,1961.0,1883.0,2166.0,1915.5714285714287,1870.9333333333334,2966.0,2985.0,3405.0,2897.5714285714284,2817.8333333333335,1954.0,1769.0,2020.0,1910.5714285714287,1829.7666666666667,1362.0,1257.0,1488.0,1328.2857142857142,1339.1,725.0,714.0,709.0,716.1428571428571,706.4666666666667,107.11,107.38,116.96,106.91571428571429,113.06733333333334,1446.5,1207.5,1495.0,1274.0714285714287,1313.1166666666666,83.345,83.515,83.45,83.49885714285713,83.39173333333333,624.0,606.5,642.5,618.3571428571429,622.6833333333333,536.0,523.5,536.0,533.8571428571429,532.5833333333334,97.5,97.5,101.5,97.5,99.63333333333334,6,2,1,0,0,198.0
2024-06-20,1984.0,real,3079.0,real,1867.0,real,1389.0,real,744.0,real,0.04267114803117292,0.8795380244403496,-0.068107092531705,23.98206244403544,107.15,real,1435.5,real,97.5,forward_filled_monthly,83.63,real,627.0,542.0,real,35.20986105982914,48.421437667651126,34.389237466421264,1943.0,1831.0,2129.0,1937.4285714285713,1866.1,2927.0,2784.0,3292.0,2939.714285714286,2810.733333333333,1919.0,1807.0,2026.0,1919.142857142857,1824.4666666666667,1374.0,1271.0,1485.0,1345.142857142857,1335.9,734.0,711.0,703.0,720.8571428571429,707.8333333333334,107.11,106.27,116.93,107.04142857142857,112.74133333333333,1448.0,1207.5,1488.5,1306.642857142857,1311.35,83.47,83.625,83.546,83.49957142857143,83.39453333333334,626.5,611.5,645.5,620.5714285714286,622.0666666666667,541.0,531.0,538.5,535.4285714285714,532.7,97.5,97.5,101.5,97.5,99.5,6,3,1,0,0,199.0
2024-06-21,1997.0,real,3142.0,real,1827.0,real,1398.0,real,753.0,real,0.03959648357526916,0.8882178976481345,-0.03339787028073571,25.520311739973746,106.96,real,1436.5,real,97.5,forward_filled_monthly,83.563,real,628.5,543.5,real,37.3803230035893,48.6961822960414,35.31218704398425,1984.0,1836.0,2066.0,1960.4285714285713,1863.8,3079.0,2726.0,3108.0,2999.1428571428573,2811.866666666667,1867.0,1864.0,2017.0,1913.857142857143,1818.1333333333334,1389.0,1297.0,1485.0,1359.5714285714287,1333.0,744.0,708.0,701.0,727.2857142857143,709.5666666666667,107.15,106.42,117.31,107.11857142857143,112.39633333333333,1435.5,1207.5,1422.0,1339.357142857143,1311.8333333333333,83.63,83.44,83.47,83.51714285714286,83.39763333333333,627.0,615.5,640.0,622.4285714285714,621.6833333333333,542.0,532.5,533.5,537.0,533.0333333333333,97.5,97.5,101.5,97.5,99.36666666666666,6,4,1,0,0,200.0
2024-06-24,1973.0,real,3093.0,real,1792.0,real,1405.0,real,757.0,real,0.024331395918837456,0.9313117139860881,-0.01003512293025588,26.55570600502549,106.55,real,1427.0,real,97.5,forward_filled_monthly,83.475,real,627.5,540.5,real,41.301521242541234,48.188961443628585,35.93342360301529,1997.0,1942.0,1993.0,1964.857142857143,1863.1333333333334,3142.0,2985.0,2931.0,3014.5714285714284,2817.266666666667,1827.0,1920.0,1978.0,1895.5714285714287,1811.9333333333334,1398.0,1313.0,1475.0,1372.7142857142858,1330.6666666666667,753.0,708.0,698.0,734.2857142857143,711.5333333333333,106.96,107.12,116.65,107.03714285714285,112.05966666666667,1436.5,1207.5,1322.5,1370.7142857142858,1315.3166666666666,83.563,83.55,83.491,83.50642857142857,83.3971,628.5,616.5,639.5,624.0,621.2833333333333,543.5,533.0,531.5,538.0714285714286,533.3333333333334,97.5,97.5,101.5,97.5,99.23333333333333,6,0,1,0,0,203.0
2024-06-25,1926.0,real,2990.0,real,1735.0,real,1412.0,real,760.0,real,0.02812692746905959,0.9205968105927057,0.01958708311275803,27.86850803960675,106.46,real,1414.5,real,97.5,forward_filled_monthly,83.431,real,633.5,541.5,real,39.328319502982836,47.1956539409868,36.72110482376405,1973.0,1948.0,1889.0,1961.7142857142858,1864.3666666666666,3093.0,2957.0,2699.0,3019.285714285714,2826.9666666666667,1792.0,1950.0,1905.0,1864.857142857143,1806.2666666666667,1405.0,1335.0,1453.0,1383.7142857142858,1329.3,757.0,711.0,694.0,741.2857142857143,713.7333333333333,106.55,107.33,116.3,106.91285714285713,111.73166666666667,1427.0,1207.5,1359.5,1400.2857142857142,1317.15,83.475,83.552,83.42,83.48914285714285,83.39746666666666,627.5,616.5,636.0,626.4285714285714,621.2,540.5,531.0,530.0,539.5714285714286,533.7166666666667,97.5,97.5,101.5,97.5,99.1,6,1,1,0,0,204.0
2024-06-26,1964.0,real,3145.0,real,1683.0,real,1412.0,real,763.0,real,0.03337637383088647,0.9057774605513587,0.08090258668134287,30.585899098170273,106.56,real,1457.0,real,97.5,forward_filled_monthly,83.57,real,635.5,540.5,real,41.779161909685605,47.99875362397377,38.35153945890217,1926.0,1948.0,1817.0,1964.0,1869.2666666666667,2990.0,2938.0,2558.0,3048.8571428571427,2846.5333333333333,1735.0,1960.0,1845.0,1825.2857142857142,1800.8666666666666,1412.0,1346.0,1425.0,1393.142857142857,1328.8666666666666,760.0,716.0,693.0,748.0,716.0666666666667,106.46,107.05,116.85,106.84285714285714,111.38866666666668,1414.5,1194.0,1337.0,1437.857142857143,1321.15,83.431,83.51,83.465,83.49771428571428,83.40096666666666,633.5,618.0,637.0,628.9285714285714,621.15,541.5,532.5,531.0,540.7142857142857,534.0333333333333,97.5,97.5,101.5,97.5,98.96666666666667,6,2,1,0,0,205.0
2024-06-27,2031.0,real,3371.0,real,1672.0,real,1399.0,real,763.0,real,0.04067100441262453,0.885184491967245,0.101409978308026,31.49474921596268,106.51,real,1514.5,real,97.5,forward_filled_monthly,83.446,real,637.5,540.5,real,37.265614249121185,49.414745170292896,38.89684952957761,1964.0,1961.0,1844.0,1974.0,1875.5,3145.0,2966.0,2675.0,3106.714285714286,2869.733333333333,1683.0,1954.0,1825.0,1785.0,1795.7666666666667,1412.0,1362.0,1405.0,1398.4285714285713,1328.6666666666667,763.0,725.0,690.0,753.4285714285714,718.5,106.56,107.11,117.02,106.75714285714285,111.03833333333334,1457.0,1446.5,1499.0,1447.5714285714287,1321.6666666666667,83.57,83.345,83.308,83.51214285714286,83.40556666666666,635.5,624.0,637.0,630.8571428571429,621.1666666666666,540.5,536.0,531.5,541.3571428571429,534.3333333333334,97.5,97.5,101.5,97.5,98.83333333333333,6,3,1,0,0,206.0
2024-06-28,2050.0,real,3443.0,real,1667.0,real,1385.0,real,763.0,real,0.038114661041911725,0.8924011286609641,0.10990795885219273,31.87136418285659,106.51,real,1506.0,real,97.5,forward_filled_monthly,83.36,real,638.0,543.0,real,38.93061414194721,49.81629501178638,39.12281850971395,2031.0,1943.0,1847.0,1989.2857142857142,1882.2666666666667,3371.0,2927.0,2708.0,3180.4285714285716,2894.233333333333,1672.0,1919.0,1811.0,1749.0,1790.9666666666667,1399.0,1374.0,1392.0,1400.0,1328.4333333333334,763.0,734.0,691.0,757.5714285714286,720.9,106.51,107.11,117.24,106.67142857142856,110.68066666666667,1514.5,1448.0,1444.0,1455.857142857143,1323.7333333333333,83.446,83.47,83.305,83.49642857142855,83.4074,637.5,626.5,638.0,632.5,621.1666666666666,540.5,541.0,536.0,541.6428571428571,534.5666666666667,97.5,97.5,101.5,97.5,98.7,6,4,1,0,0,207.0
2024-07-01,2158.0,real,3791.0,real,1662.0,real,1369.0,real,762.0,real,0.0474762522141294,0.8659730661639512,0.17987971569163475,34.97238456630329,108.0,real,1506.0,real,102.8,real,83.465,real,636.0,541.0,real,40.25588192464055,60.252635001490226,40.98343073978197,2050.0,1984.0,1829.0,2014.142857142857,1893.2333333333333,3443.0,3079.0,2655.0,3282.1428571428573,2932.1,1667.0,1867.0,1822.0,1719.7142857142858,1785.6333333333334,1385.0,1389.0,1382.0,1397.142857142857,1328.0,763.0,744.0,688.0,760.1428571428571,723.3666666666667,106.51,107.15,117.57,106.79285714285713,110.36166666666666,1506.0,1435.5,1430.5,1465.9285714285713,1326.25,83.36,83.63,83.265,83.47285714285714,83.41406666666667,638.0,627.0,635.0,633.7857142857143,621.2,543.0,542.0,536.0,541.5,534.7333333333333,97.5,97.5,101.5,98.25714285714285,98.74333333333334,7,0,1,0,0,210.0
2024-07-02,2179.0,real,3888.0,real,1640.0,real,1351.0,real,755.0,real,0.047324107217965844,0.866402576211255,0.20787139689578704,36.21292471995696,110.32,real,1506.0,real,102.8,forward_filled_monthly,83.51,real,644.5,551.5,real,40.6826448875238,60.69645324735144,41.727754831974174,2158.0,1997.0,1804.0,2040.142857142857,1905.7333333333333,3791.0,3142.0,2584.0,3388.714285714286,2975.5666666666666,1662.0,1827.0,1831.0,1693.0,1779.2666666666667,1369.0,1398.0,1371.0,1390.4285714285713,1327.3333333333333,762.0,753.0,686.0,760.4285714285714,725.6666666666666,108.0,106.96,117.64,107.27285714285713,110.11766666666666,1506.0,1436.5,1457.0,1475.857142857143,1327.8833333333334,83.465,83.563,83.235,83.46528571428571,83.42323333333333,636.0,628.5,629.0,636.0714285714286,621.7166666666667,541.0,543.5,533.0,542.6428571428571,535.35,102.8,97.5,101.5,99.01428571428572,98.78666666666666,7,1,1,0,0,211.0
2024-07-03,2064.0,real,3580.0,real,1607.0,real,1340.0,real,749.0,real,0.06183572542693022,0.825435827513934,0.1492204899777283,33.61362371515478,113.06,real,1506.0,real,102.8,forward_filled_monthly,83.53,real,651.0,554.0,real,42.96651322387883,58.26601999620669,40.16817422909287,2179.0,1973.0,1796.0,2053.1428571428573,1914.6666666666667,3888.0,3093.0,2584.0,3458.285714285714,3008.766666666667,1640.0,1792.0,1832.0,1666.5714285714287,1771.7666666666667,1351.0,1405.0,1345.0,1381.142857142857,1327.1666666666667,755.0,757.0,686.0,759.2857142857143,727.7666666666667,110.32,106.55,117.53,108.20285714285714,109.96866666666666,1506.0,1427.0,1446.5,1487.142857142857,1329.8666666666666,83.51,83.475,83.25,83.47314285714286,83.43256666666666,644.5,627.5,625.0,639.4285714285714,622.5833333333334,551.5,540.5,529.5,544.5714285714286,536.1666666666666,102.8,97.5,101.5,99.77142857142857,98.83,7,2,1,0,0,212.0
2024-07-04,2021.0,real,3486.0,real,1568.0,real,1337.0,real,745.0,real,0.06082066832634291,0.8283013652199566,0.1246521981079578,32.524801920249075,113.06,forward_filled,1506.0,real,102.8,forward_filled_monthly,83.503,real,648.0,551.0,real,43.99671554004572,57.357249302300374,39.51488115214944,2064.0,1926.0,1797.0,2066.714285714286,1922.1333333333334,3580.0,2990.0,2613.0,3529.1428571428573,3037.866666666667,1607.0,1735.0,1824.0,1642.7142857142858,1763.2333333333333,1340.0,1412.0,1326.0,1370.4285714285713,1327.5333333333333,749.0,760.0,688.0,757.1428571428571,729.6666666666666,113.06,106.46,117.66,109.14571428571428,109.81533333333333,1506.0,1414.5,1419.0,1500.2142857142858,1332.7666666666667,83.53,83.431,83.065,83.48342857142858,83.44716666666667,651.0,633.5,620.5,641.5,623.5,554.0,541.5,529.5,545.9285714285714,536.8833333333333,102.8,97.5,101.5,100.52857142857144,98.87333333333335,7,3,1,0,0,213.0
2024-07-05,1966.0,real,3339.0,real,1546.0,real,1335.0,real,742.0,real,0.06388600333459361,0.8196478293325162,0.09404563160823587,31.16837482923377,111.31,real,1506.0,real,102.8,forward_filled_monthly,83.51,real,648.5,557.5,real,43.66210440540654,56.19486818218766,38.701024897540265,2021.0,1964.0,1797.0,2067.0,1927.7666666666667,3486.0,3145.0,2613.0,3556.8571428571427,3062.0666666666666,1568.0,1683.0,1824.0,1623.142857142857,1753.9666666666667,1337.0,1412.0,1326.0,1359.4285714285713,1327.8333333333333,745.0,763.0,688.0,754.1428571428571,731.4666666666667,113.06,106.56,117.66,109.82428571428571,109.60366666666667,1506.0,1457.0,1399.5,1507.2142857142858,1336.3166666666666,83.503,83.57,83.13,83.47485714285713,83.45983333333334,648.0,635.5,621.5,643.3571428571429,624.4,551.0,540.5,531.0,548.3571428571429,537.7666666666667,102.8,97.5,101.5,101.28571428571429,98.91666666666667,7,4,1,0,0,214.0
2024-07-08,1940.0,real,3276.0,real,1531.0,real,1334.0,real,739.0,real,0.058276998478769874,0.8354822241644199,0.08744394618834073,30.87580019659773,110.02,real,1506.0,real,102.8,forward_filled_monthly,83.51,real,646.0,551.5,real,44.90922710388362,55.64537892540711,38.52548011795864,1966.0,2031.0,1784.0,2054.0,1932.9666666666667,3339.0,3371.0,2608.0,3543.285714285714,3084.3333333333335,1546.0,1672.0,1801.0,1603.0,1744.9666666666667,1335.0,1399.0,1309.0,1350.142857142857,1328.6666666666667,742.0,763.0,708.0,750.7142857142857,732.5,111.31,106.51,117.68,110.32571428571428,109.34833333333334,1506.0,1514.5,1351.5,1506.0,1341.4666666666667,83.51,83.446,83.18,83.48400000000001,83.47083333333333,648.5,637.5,622.0,644.5714285714286,625.2,557.5,540.5,537.5,549.9285714285714,538.2333333333333,102.8,97.5,101.5,102.04285714285713,98.96000000000001,7,0,1,0,0,217.0
2024-07-09,1894.0,real,3119.0,real,1536.0,real,1347.0,real,737.0,real,0.059394197585367195,0.8323283364045715,0.058100558659217816,29.575354888986222,110.51,real,1506.0,real,102.8,forward_filled_monthly,83.493,real,643.5,549.5,real,47.9239727719481,54.6732056249492,37.745212933391734,1940.0,2050.0,1790.0,2031.7142857142858,1936.4333333333334,3276.0,3443.0,2674.0,3497.0,3099.1666666666665,1531.0,1667.0,1762.0,1584.2857142857142,1737.4333333333334,1334.0,1385.0,1293.0,1344.7142857142858,1330.4666666666667,739.0,763.0,712.0,747.0,733.3333333333334,110.02,106.51,117.74,110.89714285714287,109.10733333333333,1506.0,1506.0,1294.0,1506.0,1348.5333333333333,83.51,83.36,83.365,83.503,83.47510000000001,646.0,638.0,628.5,645.3571428571429,625.7,551.5,543.0,542.5,550.8571428571429,538.4666666666667,102.8,97.5,101.5,102.8,99.00333333333333,7,1,1,0,0,218.0
2024-07-10,1939.0,real,3215.0,real,1579.0,real,1353.0,real,735.0,real,0.03964103391420856,0.8880921306583041,0.07662409772348688,30.396284286881382,108.74,real,1506.0,real,102.8,forward_filled_monthly,83.52,real,643.5,548.0,real,51.09097278395125,55.624244723223235,38.23777057212883,1894.0,2158.0,1801.0,2000.4285714285713,1941.0333333333333,3119.0,3791.0,2750.0,3414.714285714286,3114.6666666666665,1536.0,1662.0,1718.0,1572.4285714285713,1732.8,1347.0,1369.0,1286.0,1342.4285714285713,1332.7,737.0,762.0,718.0,743.1428571428571,733.9,110.51,108.0,117.62,111.00285714285714,108.81133333333334,1506.0,1506.0,1213.5,1506.0,1358.2833333333333,83.493,83.465,83.305,83.51085714285715,83.48226666666667,643.5,636.0,627.0,646.4285714285714,626.25,549.5,541.0,542.5,551.8571428571429,538.65,102.8,102.8,101.5,102.8,99.04666666666667,7,2,1,0,0,219.0
2024-07-11,1947.0,real,3183.0,real,1638.0,real,1361.0,real,740.0,real,0.03436884355796585,0.9029756877019433,0.07272727272727275,30.223584124847246,109.58,real,1506.0,real,102.8,forward_filled_monthly,83.516,real,640.5,547.5,real,53.32036580524304,55.79331834069418,38.134150474908346,1939.0,2179.0,1815.0,1967.2857142857142,1945.4333333333334,3215.0,3888.0,2820.0,3314.0,3126.766666666667,1579.0,1640.0,1693.0,1572.142857142857,1730.9666666666667,1353.0,1351.0,1278.0,1343.857142857143,1335.4666666666667,735.0,755.0,720.0,741.0,734.5666666666667,108.74,110.32,117.52,110.89714285714285,108.54666666666667,1506.0,1506.0,1185.5,1506.0,1368.9666666666667,83.52,83.51,83.451,83.51171428571429,83.48443333333334,643.5,644.5,619.5,645.8571428571429,626.95,548.0,551.5,537.0,551.2857142857143,539.0,102.8,102.8,101.5,102.8,99.09,7,3,1,0,0,220.0
2024-07-12,1997.0,real,3296.0,real,1678.0,real,1364.0,real,741.0,real,0.03301009840915776,0.9068114674374202,0.10027548209366399,31.444470417136,109.58,real,1506.0,real,102.8,forward_filled_monthly,83.518,real,635.0,549.5,real,53.32036580524304,56.85002844988756,38.8666822502816,1947.0,2064.0,1815.0,1957.7142857142858,1951.5,3183.0,3580.0,2820.0,3273.4285714285716,3142.633333333333,1638.0,1607.0,1693.0,1582.2857142857142,1730.4666666666667,1361.0,1340.0,1278.0,1347.2857142857142,1338.3333333333333,740.0,749.0,720.0,739.8571428571429,735.2666666666667,109.58,113.06,117.52,110.4,108.282,1506.0,1506.0,1185.5,1506.0,1379.65,83.516,83.53,83.451,83.51,83.48666666666668,640.5,651.0,619.5,643.5714285714286,627.4666666666667,547.5,554.0,537.0,550.6428571428571,539.4166666666666,102.8,102.8,97.5,102.8,99.26666666666667,7,4,1,0,0,221.0
2024-07-15,1993.0,real,3263.0,real,1702.0,real,1368.0,real,742.0,real,0.03234521504199967,0.9086884538233058,0.10232300884955747,31.535213060917943,109.67,real,1598.5,real,102.8,forward_filled_monthly,83.56,real,639.0,547.5,real,62.73201285219032,56.765491641152074,38.92112783655077,1997.0,2021.0,1808.0,1953.7142857142858,1957.6666666666667,3296.0,3486.0,2816.0,3241.5714285714284,3157.5333333333333,1678.0,1568.0,1681.0,1601.4285714285713,1731.1666666666667,1364.0,1337.0,1272.0,1351.7142857142858,1341.5333333333333,741.0,745.0,722.0,739.4285714285714,735.9333333333333,109.58,113.06,110.1,109.91571428571429,108.26766666666667,1506.0,1506.0,1182.5,1519.2142857142858,1393.5166666666667,83.518,83.503,83.111,83.51814285714285,83.50163333333333,635.0,648.0,615.5,642.2857142857143,628.25,549.5,551.0,535.0,550.1428571428571,539.8333333333334,102.8,102.8,97.5,102.8,99.44333333333334,7,0,1,0,0,224.0
2024-07-16,1942.0,real,3099.0,real,1713.0,real,1366.0,real,743.0,real,0.03384033410897089,0.9044676862833116,0.07115278543849968,30.153805725725917,109.39,real,1605.5,real,102.8,forward_filled_monthly,83.533,real,638.5,545.0,real,63.03101595984168,55.68764732977485,38.09228343543555,1993.0,1966.0,1813.0,1950.2857142857142,1961.9666666666667,3263.0,3339.0,2839.0,3207.285714285714,3166.2,1702.0,1546.0,1679.0,1625.2857142857142,1732.3,1368.0,1335.0,1265.0,1356.142857142857,1344.9,742.0,742.0,717.0,739.5714285714286,736.8,109.67,111.31,107.69,109.64142857142858,108.32433333333333,1598.5,1506.0,1207.5,1533.4285714285713,1406.7833333333333,83.56,83.51,83.552,83.52142857142857,83.501,639.0,648.5,606.5,640.8571428571429,629.3166666666667,547.5,557.5,528.0,548.3571428571429,540.4,102.8,102.8,97.5,102.8,99.61999999999999,7,1,1,0,0,225.0
2024-07-17,1890.0,real,2940.0,real,1713.0,real,1370.0,real,747.0,real,0.037285968016372635,0.8947405547977068,0.02051835853131756,27.90978046416774,108.94,real,1601.0,real,102.8,forward_filled_monthly,83.59,real,635.5,543.0,real,62.99212791400184,54.588668816213726,36.745868278500645,1942.0,1940.0,1852.0,1943.142857142857,1963.2333333333333,3099.0,3276.0,2945.0,3159.285714285714,3166.0333333333333,1713.0,1531.0,1702.0,1651.2857142857142,1732.6666666666667,1366.0,1334.0,1258.0,1361.2857142857142,1348.6333333333334,743.0,739.0,714.0,740.7142857142857,737.9,109.39,110.02,107.02,109.48714285714287,108.38833333333334,1605.5,1506.0,1207.5,1547.0,1419.9,83.533,83.51,83.379,83.53285714285714,83.50803333333333,638.5,646.0,597.5,639.3571428571429,630.5833333333334,545.0,551.5,521.5,547.1428571428571,541.1166666666667,102.8,102.8,97.5,102.8,99.79666666666667,7,2,1,0,0,226.0
2024-07-18,1912.0,real,3007.0,real,1714.0,real,1370.0,real,749.0,real,0.03636457706768036,0.8973416700491916,0.023006955591225342,28.020070537727953,108.73,real,1619.5,real,102.8,forward_filled_monthly,83.59,real,637.0,543.5,real,62.61366239588932,55.05362126425881,36.81204232263677,1890.0,1894.0,1869.0,1945.7142857142858,1964.6666666666667,2940.0,3119.0,2977.0,3143.285714285714,3167.0333333333333,1713.0,1536.0,1731.0,1676.7142857142858,1732.1,1370.0,1347.0,1255.0,1364.5714285714287,1352.4666666666667,747.0,737.0,716.0,742.4285714285714,739.0,108.94,110.51,108.5,109.23285714285714,108.396,1601.0,1506.0,1207.5,1563.2142857142858,1433.6333333333334,83.59,83.493,83.475,83.54671428571429,83.51186666666666,635.5,643.5,599.0,638.4285714285714,631.85,543.0,549.5,520.0,546.2857142857143,541.9,102.8,102.8,97.5,102.8,99.97333333333334,7,3,1,0,0,227.0
2024-07-19,1902.0,real,2973.0,real,1714.0,real,1374.0,real,752.0,real,0.03284152605412578,0.9072873524287746,0.011164274322169154,27.495224547448277,108.45,real,1639.0,real,102.8,forward_filled_monthly,83.729,real,637.0,543.5,real,63.31870662389695,54.84227924242013,36.497134728468964,1912.0,1939.0,1881.0,1940.4285714285713,1965.3666666666666,3007.0,3215.0,2998.0,3108.714285714286,3166.2,1714.0,1579.0,1750.0,1696.0,1730.9,1370.0,1353.0,1254.0,1367.5714285714287,1356.4666666666667,749.0,735.0,714.0,744.8571428571429,740.2666666666667,108.73,108.74,108.48,109.19142857142857,108.395,1619.5,1506.0,1207.5,1582.2142857142858,1448.0166666666667,83.59,83.52,83.526,83.57657142857144,83.51863333333334,637.0,643.5,606.5,637.5,632.8666666666667,543.5,548.0,525.0,545.6428571428571,542.5166666666667,102.8,102.8,97.5,102.8,100.15,7,4,1,0,0,228.0
2024-07-22,1896.0,real,2957.0,real,1712.0,real,1374.0,real,756.0,real,0.032903084380648824,0.9071135713620057,0.006903876792352603,27.30641151518638,108.16,real,1626.0,real,102.8,forward_filled_monthly,83.66,real,630.0,535.0,real,63.308128154207125,54.71547402931694,36.383846909111824,1902.0,1947.0,1883.0,1933.142857142857,1965.8,2973.0,3183.0,2985.0,3076.4285714285716,3165.266666666667,1714.0,1638.0,1769.0,1706.5714285714287,1729.0,1374.0,1361.0,1257.0,1369.4285714285713,1360.3666666666666,752.0,740.0,714.0,747.1428571428571,741.6666666666666,108.45,109.58,107.38,108.98857142857143,108.421,1639.0,1506.0,1207.5,1599.357142857143,1461.9666666666667,83.729,83.516,83.515,83.59714285714287,83.52346666666668,637.0,640.5,606.5,636.0,633.65,543.5,547.5,523.5,543.8571428571429,542.9,102.8,102.8,97.5,102.8,100.32666666666667,7,0,1,0,0,231.0
2024-07-23,1869.0,real,2854.0,real,1728.0,real,1380.0,real,757.0,real,0.026881647218572266,0.92411227539786,0.020753686510103675,27.9202097701045,107.79,real,1613.0,real,102.8,forward_filled_monthly,83.685,real,626.0,533.0,real,63.2588011351777,54.14485057035251,36.7521258620627,1896.0,1997.0,1831.0,1914.857142857143,1967.0666666666666,2957.0,3296.0,2784.0,3013.285714285714,3167.6,1712.0,1678.0,1807.0,1713.7142857142858,1726.3666666666666,1374.0,1364.0,1271.0,1371.7142857142858,1364.0,756.0,741.0,711.0,749.4285714285714,743.2,108.16,109.58,106.27,108.73285714285714,108.47166666666666,1626.0,1506.0,1207.5,1614.642857142857,1475.4833333333333,83.66,83.518,83.625,83.621,83.52546666666667,630.0,635.0,611.5,634.7142857142857,634.1333333333333,535.0,549.5,531.0,541.5,542.9666666666667,102.8,102.8,97.5,102.8,100.50333333333333,7,1,1,0,0,232.0
2024-07-24,1864.0,real,2803.0,real,1765.0,real,1385.0,real,758.0,real,0.026554970644549404,0.9250344935075556,0.015250544662309462,27.676320580896817,107.47,real,1619.5,real,102.8,forward_filled_monthly,83.72,real,623.0,526.0,real,63.21257126598695,54.03917955943317,36.60579234853809,1869.0,1993.0,1836.0,1896.4285714285713,1968.0,2854.0,3263.0,2726.0,2947.5714285714284,3170.1666666666665,1728.0,1702.0,1864.0,1722.7142857142858,1723.0666666666666,1380.0,1368.0,1297.0,1374.142857142857,1366.9333333333334,757.0,742.0,708.0,751.7142857142857,744.8666666666667,107.79,109.67,106.42,108.41857142857144,108.50666666666666,1613.0,1598.5,1207.5,1617.642857142857,1489.2166666666667,83.685,83.56,83.44,83.64385714285716,83.5348,626.0,639.0,615.5,632.4285714285714,634.3833333333333,533.0,547.5,532.5,538.4285714285714,542.75,102.8,102.8,97.5,102.8,100.68,7,2,1,0,0,233.0
2024-07-25,1834.0,real,2696.0,real,1785.0,real,1387.0,real,760.0,real,0.024674257945215397,0.9303438038419388,-0.05561277033985579,24.535787969080925,107.14,real,1608.5,real,102.8,forward_filled_monthly,83.735,real,622.0,524.5,real,61.9619859675648,53.40515349391715,34.721472781448554,1864.0,1942.0,1942.0,1881.0,1964.4,2803.0,3099.0,2985.0,2890.0,3160.5333333333333,1765.0,1713.0,1920.0,1733.0,1718.5666666666666,1385.0,1366.0,1313.0,1377.142857142857,1369.4,758.0,743.0,708.0,754.1428571428571,746.6,107.47,109.39,107.12,108.09714285714287,108.50733333333334,1619.5,1605.5,1207.5,1618.0714285714287,1502.5833333333333,83.72,83.533,83.55,83.67271428571429,83.54096666666666,623.0,638.5,616.5,630.0714285714286,634.5666666666667,526.0,545.0,533.0,535.5,542.4666666666667,102.8,102.8,97.5,102.8,100.85666666666667,7,3,1,0,0,234.0
2024-07-26,1808.0,real,2614.0,real,1792.0,real,1386.0,real,759.0,real,0.021195670972559342,0.9401639628537397,-0.07186858316221767,23.815360053753473,106.86,real,1605.5,real,102.8,forward_filled_monthly,83.731,real,624.5,525.0,real,61.47203465575546,52.855664237136594,34.289216032252085,1834.0,1890.0,1948.0,1869.2857142857142,1959.7333333333333,2696.0,2940.0,2957.0,2843.4285714285716,3149.1,1785.0,1713.0,1950.0,1744.2857142857142,1713.3,1387.0,1370.0,1335.0,1379.4285714285713,1371.1,760.0,747.0,711.0,755.8571428571429,748.2,107.14,108.94,107.33,107.8,108.49166666666666,1608.5,1601.0,1207.5,1618.7142857142858,1515.85,83.735,83.59,83.552,83.69285714285715,83.54693333333333,622.0,635.5,616.5,628.5,634.8333333333334,524.5,543.0,531.0,532.9285714285714,542.2666666666667,102.8,102.8,97.5,102.8,101.03333333333333,7,4,1,0,0,235.0
2024-07-29,1797.0,real,2582.0,real,1792.0,real,1383.0,real,759.0,real,0.012895888193551018,0.9635945072943277,-0.07751540041067762,23.565103433368,106.59,real,1606.0,real,102.8,forward_filled_monthly,83.757,real,621.5,522.0,real,62.33025080048221,52.62318801311404,34.139062060020805,1808.0,1912.0,1948.0,1852.857142857143,1954.7,2614.0,3007.0,2938.0,2782.714285714286,3137.233333333333,1792.0,1714.0,1960.0,1755.4285714285713,1707.7,1386.0,1370.0,1346.0,1381.2857142857142,1372.3333333333333,759.0,749.0,716.0,757.2857142857143,749.6333333333333,106.86,108.73,107.05,107.49428571428571,108.47633333333333,1605.5,1619.5,1194.0,1616.7857142857142,1529.5833333333333,83.731,83.59,83.51,83.71671428571429,83.55516666666668,624.5,637.0,618.0,626.2857142857143,634.95,525.0,543.5,532.5,529.8571428571429,541.9166666666666,102.8,102.8,97.5,102.8,101.21000000000001,7,0,1,0,0,238.0
2024-07-30,1762.0,real,2499.0,real,1772.0,real,1377.0,real,760.0,real,0.012562355387754453,0.964536080759163,-0.10147883732789398,22.50308770453269,106.25,real,1613.5,real,102.8,forward_filled_monthly,83.73,real,616.0,523.0,real,49.38329564592077,51.883490936678676,33.50185262271961,1797.0,1902.0,1961.0,1832.857142857143,1948.0666666666666,2582.0,2973.0,2966.0,2715.0,3121.6666666666665,1792.0,1714.0,1954.0,1763.7142857142858,1701.6333333333334,1383.0,1374.0,1362.0,1381.7142857142858,1372.8333333333333,759.0,752.0,725.0,758.4285714285714,750.8,106.59,108.45,107.11,107.17999999999999,108.44766666666666,1606.0,1639.0,1446.5,1613.142857142857,1535.15,83.757,83.729,83.345,83.71685714285715,83.568,621.5,637.0,624.0,623.2857142857143,634.6833333333333,522.0,543.5,536.0,526.9285714285714,541.4833333333333,102.8,102.8,97.5,102.8,101.38666666666667,7,1,1,0,0,239.0
2024-07-31,1708.0,real,2377.0,real,1739.0,real,1363.0,real,762.0,real,0.012306628764937693,0.9652580049540592,-0.12094698919197122,21.640294793714858,105.94,real,1598.5,real,102.8,forward_filled_monthly,83.708,real,617.0,525.0,real,48.52473123900997,50.74224401874983,32.984176876228915,1762.0,1896.0,1943.0,1806.0,1940.2333333333333,2499.0,2957.0,2927.0,2632.1428571428573,3103.3333333333335,1772.0,1712.0,1919.0,1767.5714285714287,1695.6333333333334,1377.0,1374.0,1374.0,1380.142857142857,1372.4666666666667,760.0,756.0,734.0,759.2857142857143,751.7333333333333,106.25,108.16,107.11,106.86285714285714,108.40866666666668,1613.5,1626.0,1448.0,1609.2142857142858,1540.1666666666667,83.73,83.66,83.47,83.7237142857143,83.57593333333332,616.0,630.0,626.5,621.4285714285714,634.3666666666667,523.0,535.0,541.0,525.5,540.95,102.8,102.8,97.5,102.8,101.56333333333333,7,2,1,0,0,240.0
2024-08-01,1668.0,real,2289.0,real,1713.0,real,1352.0,real,761.0,real,0.012457715465214785,0.9648314825088963,-0.15927419354838712,19.94170314305078,102.83,real,1598.5,real,101.5,real,83.72,real,625.0,532.0,real,46.78221692451584,47.89687593139513,31.96502188583047,1708.0,1869.0,1984.0,1777.2857142857142,1929.7,2377.0,2854.0,3079.0,2551.4285714285716,3077.0,1739.0,1728.0,1867.0,1765.4285714285713,1690.5,1363.0,1380.0,1389.0,1376.142857142857,1371.2333333333333,762.0,757.0,744.0,759.8571428571429,752.3,105.94,107.79,107.15,106.1542857142857,108.26466666666667,1598.5,1613.0,1435.5,1607.142857142857,1545.6,83.708,83.685,83.63,83.72871428571429,83.57893333333332,617.0,626.0,627.0,621.2857142857143,634.3,525.0,533.0,542.0,525.3571428571429,540.6166666666667,102.8,102.8,97.5,102.61428571428573,101.69666666666667,8,3,1,0,0,241.0
2024-08-02,1675.0,real,2327.0,real,1705.0,real,1342.0,real,759.0,real,0.02180136932554565,0.9384540576001792,-0.16124186279419128,19.854499638169216,104.0,real,1598.5,real,101.5,forward_filled_monthly,83.799,real,621.0,528.5,real,47.71695537883146,48.0448153466822,31.91269978290153,1668.0,1864.0,1997.0,1750.2857142857142,1918.9666666666667,2289.0,2803.0,3142.0,2483.4285714285716,3049.8333333333335,1713.0,1765.0,1827.0,1756.857142857143,1686.4333333333334,1352.0,1385.0,1398.0,1370.0,1369.3666666666666,761.0,758.0,753.0,760.0,752.5,102.83,107.47,106.96,105.65857142857142,108.166,1598.5,1619.5,1436.5,1604.142857142857,1551.0,83.72,83.72,83.563,83.74,83.58680000000001,625.0,623.0,628.5,621.0,634.05,532.0,526.0,543.5,525.7142857142857,540.1166666666667,101.5,102.8,97.5,102.42857142857143,101.83,8,4,1,0,0,242.0
2024-08-05,1677.0,real,2351.0,real,1697.0,real,1330.0,real,758.0,real,0.024797273533327394,0.9299965270178473,-0.15002534211860108,20.35159533531127,104.18,real,1600.0,real,101.5,forward_filled_monthly,84.046,real,608.0,515.0,real,48.603181822983444,48.08708375104994,32.21095720118676,1675.0,1834.0,1973.0,1727.857142857143,1909.1,2327.0,2696.0,3093.0,2434.1428571428573,3025.1,1705.0,1785.0,1792.0,1744.2857142857142,1683.2666666666667,1342.0,1387.0,1405.0,1361.857142857143,1366.8666666666666,759.0,760.0,757.0,759.7142857142857,752.5333333333333,104.0,107.14,106.55,105.23571428571428,108.08699999999999,1598.5,1608.5,1427.0,1602.9285714285713,1556.7666666666667,83.799,83.735,83.475,83.78442857142856,83.60583333333332,621.0,622.0,627.5,619.0,633.4,528.5,524.5,540.5,524.3571428571429,539.2666666666667,101.5,102.8,97.5,102.24285714285715,101.96333333333334,8,0,1,0,0,245.0
2024-08-06,1685.0,real,2402.0,real,1678.0,real,1320.0,real,759.0,real,0.0283959637932311,0.9198373126977034,-0.12512980269989615,21.454920143511423,102.86,real,1595.0,real,101.5,forward_filled_monthly,83.94,real,604.0,504.0,real,48.05988472561167,48.25615736852088,32.87295208610685,1677.0,1808.0,1926.0,1710.2857142857142,1901.0666666666666,2351.0,2614.0,2990.0,2403.8571428571427,3005.5,1697.0,1792.0,1735.0,1728.0,1681.3666666666666,1330.0,1386.0,1412.0,1352.4285714285713,1363.8,758.0,759.0,760.0,759.7142857142857,752.5,104.18,106.86,106.46,104.66428571428571,107.967,1600.0,1605.5,1414.5,1601.4285714285713,1562.7833333333333,84.046,83.731,83.431,83.81428571428572,83.6228,608.0,624.5,633.5,616.0714285714286,632.4166666666666,515.0,525.0,541.5,521.3571428571429,538.0166666666667,101.5,102.8,97.5,102.05714285714286,102.09666666666666,8,1,1,0,0,246.0
2024-08-07,1698.0,real,2473.0,real,1651.0,real,1309.0,real,756.0,real,0.032370314766555656,0.9086175965216974,-0.13543788187372707,20.99808491346881,101.71,real,1600.0,real,101.5,forward_filled_monthly,83.913,real,604.5,507.5,real,45.531289848917666,48.530901996911155,32.598850948081285,1685.0,1797.0,1964.0,1696.142857142857,1892.2,2402.0,2582.0,3145.0,2388.285714285714,2983.1,1678.0,1792.0,1683.0,1707.857142857143,1680.3,1320.0,1383.0,1412.0,1341.857142857143,1360.3666666666666,759.0,759.0,763.0,759.2857142857143,752.2666666666667,102.86,106.59,106.56,103.96714285714286,107.80533333333332,1595.0,1606.0,1457.0,1600.5714285714287,1567.55,83.94,83.757,83.57,83.83657142857143,83.63423333333334,604.0,621.5,635.5,613.6428571428571,631.3833333333333,504.0,522.0,540.5,519.2857142857143,536.9166666666666,101.5,102.8,97.5,101.87142857142858,102.23,8,2,1,0,0,247.0
2024-08-08,1683.0,real,2459.0,real,1620.0,real,1302.0,real,756.0,real,0.030240276899992608,0.9146307595431282,-0.17134416543574593,19.406784047961974,100.75,real,1600.0,real,101.5,forward_filled_monthly,84.0,real,609.0,512.0,real,42.570566117457666,48.21388896415314,31.644070428777184,1698.0,1762.0,2031.0,1684.857142857143,1880.6,2473.0,2499.0,3371.0,2382.5714285714284,2952.7,1651.0,1772.0,1672.0,1686.142857142857,1678.5666666666666,1309.0,1377.0,1399.0,1331.142857142857,1357.1333333333334,756.0,760.0,763.0,758.7142857142857,752.0333333333333,101.71,106.25,106.51,103.18142857142857,107.61333333333333,1600.0,1613.5,1514.5,1598.642857142857,1570.4,83.913,83.73,83.446,83.87514285714285,83.65270000000001,604.5,616.0,637.5,612.6428571428571,630.4333333333333,507.5,523.0,540.5,517.7142857142857,535.9666666666667,101.5,102.8,97.5,101.6857142857143,102.36333333333333,8,3,1,0,0,248.0
2024-08-09,1670.0,real,2437.0,real,1599.0,real,1301.0,real,755.0,real,0.022760883084959393,0.9357453204705569,-0.18536585365853664,18.78536845182392,101.26,real,1600.0,real,101.5,forward_filled_monthly,83.95,real,610.5,512.0,real,43.26948206970825,47.93914433576286,31.271221071094352,1683.0,1708.0,2050.0,1679.4285714285713,1867.9333333333334,2459.0,2377.0,3443.0,2391.1428571428573,2919.1666666666665,1620.0,1739.0,1667.0,1666.142857142857,1676.3,1302.0,1363.0,1385.0,1322.2857142857142,1354.3333333333333,756.0,762.0,763.0,757.7142857142857,751.7666666666667,100.75,105.94,106.51,102.51285714285714,107.43833333333333,1600.0,1598.5,1506.0,1598.857142857143,1573.5333333333333,84.0,83.708,83.36,83.90971428571429,83.67236666666668,609.0,617.0,638.0,611.7142857142857,629.5166666666667,512.0,525.0,543.0,515.8571428571429,534.9333333333333,101.5,102.8,97.5,101.5,102.49666666666667,8,4,1,0,0,249.0
2024-08-12,1655.0,real,2413.0,real,1584.0,real,1294.0,real,756.0,real,0.015933363864293695,0.9550196191815277,-0.23308619091751626,16.670490317713213,100.67,real,1600.0,real,101.5,forward_filled_monthly,83.94,real,618.0,517.5,real,41.83310411103205,47.622131303004856,30.002294190627932,1670.0,1668.0,2158.0,1677.5714285714287,1851.1666666666667,2437.0,2289.0,3791.0,2408.8571428571427,2873.233333333333,1599.0,1713.0,1662.0,1647.7142857142858,1673.7,1301.0,1352.0,1369.0,1314.0,1351.8333333333333,755.0,761.0,762.0,757.0,751.5666666666667,101.26,102.83,108.0,102.2042857142857,107.19399999999999,1600.0,1598.5,1506.0,1599.0714285714287,1576.6666666666667,83.95,83.72,83.465,83.94114285714285,83.6882,610.5,625.0,636.0,610.7142857142857,628.9166666666666,512.0,532.0,541.0,513.7857142857143,534.15,101.5,101.5,102.8,101.5,102.45333333333333,8,0,1,0,0,252.0
2024-08-13,1670.0,real,2477.0,real,1563.0,real,1292.0,real,756.0,real,0.017247133886359987,0.9513108056250342,-0.2335933914639743,16.6480121164488,100.44,real,1600.0,real,101.5,forward_filled_monthly,83.92,real,624.5,520.5,real,40.15643929865136,47.93914433576286,29.98880726986928,1655.0,1675.0,2179.0,1676.857142857143,1834.2,2413.0,2327.0,3888.0,2430.285714285714,2826.2,1584.0,1705.0,1640.0,1627.4285714285713,1671.1333333333334,1294.0,1342.0,1351.0,1306.857142857143,1349.8666666666666,756.0,759.0,755.0,756.5714285714286,751.6,100.67,104.0,110.32,101.6957142857143,106.86466666666666,1600.0,1598.5,1506.0,1599.2857142857142,1579.8,83.94,83.799,83.51,83.95842857142858,83.70186666666667,618.0,621.0,644.5,611.2142857142857,628.25,517.5,528.5,551.5,512.6428571428571,533.1166666666667,101.5,101.5,102.8,101.5,102.41000000000001,8,1,1,0,0,253.0
2024-08-14,1728.0,real,2650.0,real,1560.0,real,1297.0,real,757.0,real,0.028774635303168816,0.9187683112698082,-0.16279069767441856,19.785858106912553,99.2,real,1599.5,real,101.5,forward_filled_monthly,83.97,real,622.5,518.5,real,37.58438976729736,49.16492806242718,31.87151486414753,1670.0,1677.0,2064.0,1684.142857142857,1823.0,2477.0,2351.0,3580.0,2473.0,2795.2,1563.0,1697.0,1607.0,1607.857142857143,1669.5666666666666,1292.0,1330.0,1340.0,1302.142857142857,1348.4333333333334,756.0,758.0,749.0,756.4285714285714,751.8666666666667,100.44,104.18,113.06,100.98428571428572,106.40266666666668,1600.0,1600.0,1506.0,1599.2142857142858,1582.9166666666667,83.92,84.046,83.53,83.94757142857144,83.71653333333333,624.5,608.0,651.0,613.2857142857143,627.3,520.5,515.0,554.0,513.1428571428571,531.9333333333333,101.5,101.5,102.8,101.5,102.36666666666666,8,2,1,0,0,254.0
2024-08-15,1692.0,real,2542.0,real,1554.0,real,1300.0,real,756.0,real,0.036052287205964394,0.898223274023429,-0.16279069767441856,19.785858106912553,98.55,real,1341.5,real,101.5,forward_filled_monthly,83.95,real,620.0,514.5,real,27.695214430191157,48.40409678380795,31.87151486414753,1728.0,1685.0,2021.0,1685.142857142857,1812.0333333333333,2650.0,2402.0,3486.0,2493.0,2763.733333333333,1560.0,1678.0,1568.0,1590.142857142857,1669.1,1297.0,1320.0,1337.0,1299.2857142857142,1347.2,757.0,759.0,745.0,756.0,752.2333333333333,99.2,102.86,113.06,100.36857142857141,105.919,1599.5,1595.0,1506.0,1563.0,1577.4333333333334,83.97,83.94,83.503,83.949,83.73143333333333,622.5,604.0,648.0,615.5714285714286,626.3666666666667,518.5,504.0,551.0,514.6428571428571,530.7166666666667,101.5,101.5,102.8,101.5,102.32333333333332,8,3,1,0,0,255.0
2024-08-16,1691.0,real,2537.0,real,1552.0,real,1304.0,real,754.0,real,0.03496103089914663,0.9013039244541408,-0.13987792472024418,20.80131032908871,97.81,real,1362.5,real,101.5,forward_filled_monthly,83.89,real,619.5,516.5,real,29.00947794581524,48.38296258162408,32.48078619745323,1692.0,1698.0,1966.0,1684.142857142857,1802.8666666666666,2542.0,2473.0,3339.0,2502.1428571428573,2737.0,1554.0,1651.0,1546.0,1576.0,1669.3,1300.0,1309.0,1335.0,1298.5714285714287,1346.1666666666667,756.0,756.0,742.0,755.7142857142857,752.6333333333333,98.55,101.71,111.31,99.81142857142856,105.469,1341.5,1600.0,1506.0,1529.0714285714287,1572.65,83.95,83.913,83.51,83.94571428571429,83.74409999999999,620.0,604.5,648.5,617.7142857142857,625.4,514.5,507.5,557.5,515.9285714285714,529.35,101.5,101.5,102.8,101.5,102.28,8,4,1,0,0,256.0
2024-08-19,1708.0,real,2594.0,real,1544.0,real,1305.0,real,754.0,real,0.035258036012008435,0.9004654698004129,-0.1195876288659794,21.700539159009587,98.1,real,1334.0,real,101.5,forward_filled_monthly,83.86,real,615.5,512.0,real,28.9664919341457,48.74224401874984,33.02032349540575,1691.0,1683.0,1940.0,1687.7142857142858,1795.1333333333334,2537.0,2459.0,3276.0,2521.4285714285716,2714.266666666667,1552.0,1620.0,1531.0,1565.142857142857,1669.7333333333333,1304.0,1302.0,1334.0,1299.0,1345.2,754.0,756.0,739.0,755.4285714285714,753.1333333333333,97.81,100.75,110.02,99.43285714285716,105.07166666666667,1362.5,1600.0,1506.0,1491.0714285714287,1566.9166666666667,83.89,84.0,83.51,83.92571428571429,83.75576666666666,619.5,609.0,646.0,618.6428571428571,624.3833333333333,516.5,512.0,551.5,515.9285714285714,528.0333333333333,101.5,101.5,102.8,101.5,102.23666666666666,8,0,1,0,0,259.0
2024-08-20,1735.0,real,2691.0,real,1521.0,real,1309.0,real,755.0,real,0.03585010243409901,0.8987940479109557,-0.08394931362196412,23.279964158398702,97.99,real,1329.0,real,101.5,forward_filled_monthly,83.76,real,609.5,506.0,real,28.400844807660917,49.31286747771425,33.96797849503922,1708.0,1670.0,1894.0,1697.0,1789.8333333333333,2594.0,2437.0,3119.0,2557.714285714286,2700.0,1544.0,1599.0,1536.0,1554.0,1669.2333333333333,1305.0,1301.0,1347.0,1300.142857142857,1343.9333333333334,754.0,755.0,737.0,755.4285714285714,753.7333333333333,98.1,101.26,110.51,98.96571428571428,104.65433333333334,1334.0,1600.0,1506.0,1452.357142857143,1561.0166666666667,83.86,83.95,83.493,83.89857142857143,83.76466666666667,615.5,610.5,643.5,618.5,623.25,512.0,512.0,549.5,515.0714285714286,526.5833333333334,101.5,101.5,102.8,101.5,102.19333333333334,8,1,1,0,0,260.0
2024-08-21,1759.0,real,2788.0,real,1487.0,real,1310.0,real,754.0,real,0.034769707336223275,0.9018440368116527,-0.09283135636926254,22.886328256570216,98.38,real,1336.0,real,101.5,forward_filled_monthly,83.88,real,610.0,504.5,real,30.05022368573595,49.82008833012708,33.73179695394213,1735.0,1655.0,1939.0,1711.857142857143,1783.8333333333333,2691.0,2413.0,3215.0,2611.285714285714,2685.766666666667,1521.0,1584.0,1579.0,1540.142857142857,1666.1666666666667,1309.0,1294.0,1353.0,1302.4285714285713,1342.5,755.0,756.0,735.0,755.1428571428571,754.3666666666667,97.99,100.67,108.74,98.63857142857144,104.309,1329.0,1600.0,1506.0,1414.642857142857,1555.35,83.76,83.94,83.52,83.89,83.77666666666666,609.5,618.0,643.5,617.3571428571429,622.1333333333333,506.0,517.5,548.0,513.2142857142857,525.1333333333333,101.5,101.5,102.8,101.5,102.15,8,2,1,0,0,261.0
2024-08-22,1768.0,real,2847.0,real,1444.0,real,1313.0,real,753.0,real,0.03469611033711718,0.9020518034248477,-0.0919363122752953,22.92599497504128,98.19,real,1327.5,real,101.5,forward_filled_monthly,83.94,real,609.5,501.0,real,29.068836952257993,50.01029614978189,33.755596985024766,1759.0,1670.0,1947.0,1725.857142857143,1777.8666666666666,2788.0,2477.0,3183.0,2664.1428571428573,2674.5666666666666,1487.0,1563.0,1638.0,1523.142857142857,1659.7,1310.0,1292.0,1361.0,1305.4285714285713,1340.9,754.0,756.0,740.0,754.7142857142857,754.8,98.38,100.44,109.58,98.31714285714284,103.92933333333333,1336.0,1600.0,1506.0,1375.7142857142858,1549.4,83.88,83.92,83.516,83.89285714285714,83.79079999999999,610.0,624.5,640.5,615.2142857142857,621.1,504.5,520.5,547.5,510.42857142857144,523.5833333333334,101.5,101.5,102.8,101.5,102.10666666666665,8,3,1,0,0,262.0
2024-08-23,1762.0,real,2851.0,real,1414.0,real,1318.0,real,753.0,real,0.027377774589923763,0.9227116924269365,-0.11767651477215824,21.78523624291489,98.05,real,1273.5,real,101.5,forward_filled_monthly,83.814,real,615.5,505.0,real,26.993265899508046,49.883490936678676,33.07114174574893,1768.0,1728.0,1997.0,1730.7142857142858,1770.0333333333333,2847.0,2650.0,3296.0,2692.8571428571427,2659.733333333333,1444.0,1560.0,1678.0,1502.2857142857142,1650.9,1313.0,1297.0,1364.0,1308.4285714285713,1339.3666666666666,753.0,757.0,741.0,754.1428571428571,755.2,98.19,99.2,109.58,98.15285714285713,103.545,1327.5,1599.5,1506.0,1329.142857142857,1541.65,83.94,83.97,83.518,83.87057142857144,83.80066666666667,609.5,622.5,635.0,614.2142857142857,620.45,501.0,518.5,549.5,508.5,522.1,101.5,101.5,102.8,101.5,102.06333333333333,8,4,1,0,0,263.0
2024-08-26,1762.0,forward_filled,2851.0,forward_filled,1414.0,forward_filled,1318.0,forward_filled,753.0,forward_filled,0.016916199683714786,0.952245043152503,-0.1159056698444556,21.863716853732335,98.3,real,1248.5,real,101.5,forward_filled_monthly,83.85,real,623.5,505.5,real,23.552788345069565,49.883490936678676,33.1182301122394,1762.0,1692.0,1993.0,1740.7142857142858,1762.3333333333333,2851.0,2542.0,3263.0,2737.0,2646.0,1414.0,1554.0,1702.0,1482.2857142857142,1641.3,1318.0,1300.0,1368.0,1311.0,1337.7,753.0,756.0,742.0,753.7142857142857,755.5666666666667,98.05,98.55,109.67,98.11714285714287,103.166,1273.5,1341.5,1598.5,1315.857142857143,1529.9833333333333,83.814,83.95,83.56,83.85628571428572,83.81033333333333,615.5,620.0,639.0,614.7142857142857,619.9333333333333,505.0,514.5,547.5,507.2142857142857,520.7,101.5,101.5,102.8,101.5,102.02,8,0,1,0,0,266.0
2024-08-27,1721.0,real,2755.0,real,1381.0,real,1317.0,real,748.0,real,0.02502902050430358,0.9293422981245125,-0.11380020597322349,21.957027164580797,98.45,real,1281.0,real,101.5,forward_filled_monthly,83.92,real,631.5,506.5,real,24.764439168232617,49.01698864714012,33.174216298748476,1762.0,1691.0,1942.0,1745.0,1754.9666666666667,2851.0,2537.0,3099.0,2768.1428571428573,2634.5333333333333,1414.0,1552.0,1713.0,1457.857142857143,1630.2333333333333,1318.0,1304.0,1366.0,1312.857142857143,1336.0666666666666,753.0,754.0,743.0,752.8571428571429,755.7333333333333,98.3,97.81,109.39,98.20857142857143,102.80133333333333,1248.5,1362.5,1605.5,1304.2142857142858,1519.1666666666667,83.85,83.89,83.533,83.86057142857143,83.82323333333333,623.5,619.5,638.5,616.4285714285714,619.7,505.5,516.5,545.0,505.7857142857143,519.4166666666666,101.5,101.5,102.8,101.5,101.97666666666667,8,1,1,0,0,267.0
2024-08-28,1755.0,real,2883.0,real,1350.0,real,1316.0,real,746.0,real,0.028133495183301604,0.9205782697315147,-0.0714285714285714,23.834860569627665,98.51,real,1316.0,real,101.5,forward_filled_monthly,83.915,real,630.5,500.5,real,26.42330009417576,49.735551521391606,34.3009163417766,1721.0,1708.0,1890.0,1751.7142857142858,1750.4666666666667,2755.0,2594.0,2940.0,2809.4285714285716,2632.633333333333,1381.0,1544.0,1713.0,1430.142857142857,1618.1333333333334,1317.0,1305.0,1370.0,1314.4285714285713,1334.2666666666667,748.0,754.0,747.0,751.7142857142857,755.7,98.45,98.1,108.94,98.26714285714286,102.45366666666668,1281.0,1334.0,1601.0,1301.642857142857,1509.6666666666667,83.92,83.86,83.59,83.86842857142857,83.83406666666666,631.5,615.5,635.5,618.5714285714286,619.5333333333333,506.5,512.0,543.0,504.14285714285717,518.0,101.5,101.5,102.8,101.5,101.93333333333334,8,2,1,0,0,268.0
2024-08-29,1827.0,real,3119.0,real,1331.0,real,1312.0,real,745.0,real,0.03738749086886796,0.8944539526334738,-0.044456066945606665,25.0302326736354,98.63,real,1331.5,real,101.5,forward_filled_monthly,83.89,real,626.0,498.0,real,26.653629191345885,51.25721407863008,35.01813960418124,1755.0,1735.0,1912.0,1764.857142857143,1747.6333333333334,2883.0,2691.0,3007.0,2870.5714285714284,2636.366666666667,1350.0,1521.0,1714.0,1403.0,1605.3666666666666,1316.0,1309.0,1370.0,1314.857142857143,1332.3333333333333,746.0,755.0,749.0,750.2857142857143,755.5666666666667,98.51,97.99,108.73,98.35857142857142,102.117,1316.0,1329.0,1619.5,1302.0,1500.0666666666666,83.915,83.76,83.59,83.88700000000001,83.84406666666668,630.5,609.5,637.0,620.9285714285714,619.1666666666666,500.5,506.0,543.5,503.0,516.4833333333333,101.5,101.5,102.8,101.5,101.89,8,3,1,0,0,269.0
2024-08-30,1814.0,real,3099.0,real,1316.0,real,1306.0,real,744.0,real,0.03814537506488594,0.8923144220206328,-0.046267087276551044,24.949971562370443,98.7,real,1272.0,real,101.5,forward_filled_monthly,83.872,real,629.0,500.0,real,24.34392997437609,50.98246945023979,34.969982937422266,1827.0,1759.0,1902.0,1772.7142857142858,1744.7,3119.0,2788.0,2973.0,2915.0,2640.5666666666666,1331.0,1487.0,1714.0,1378.5714285714287,1592.1,1312.0,1310.0,1374.0,1314.2857142857142,1330.0666666666666,745.0,754.0,752.0,748.8571428571429,755.3,98.63,98.38,108.45,98.4042857142857,101.792,1331.5,1336.0,1639.0,1292.857142857143,1487.8333333333333,83.89,83.88,83.729,83.88585714285715,83.84883333333332,626.0,610.0,637.0,623.6428571428571,618.9,498.0,504.5,543.5,502.35714285714283,515.0333333333333,101.5,101.5,102.8,101.5,101.84666666666666,8,4,1,0,0,270.0
2024-09-01,1814.0,forward_filled,3099.0,forward_filled,1316.0,forward_filled,1306.0,forward_filled,744.0,forward_filled,0.03848929224089029,0.8913435331563324,-0.043248945147679296,25.083730105595915,98.7,forward_filled,1272.0,forward_filled,104.0,real,83.872,forward_filled,629.0,500.0,forward_filled,24.874658888217805,54.828623296393644,35.050238063357554,1814.0,1768.0,1896.0,1779.2857142857142,1741.9666666666667,3099.0,2847.0,2957.0,2951.0,2645.3,1316.0,1444.0,1712.0,1360.2857142857142,1578.9,1306.0,1313.0,1374.0,1313.2857142857142,1327.8,744.0,753.0,756.0,747.5714285714286,754.9,98.7,98.19,108.16,98.47714285714287,101.47666666666666,1272.0,1327.5,1626.0,1284.9285714285713,1476.0333333333333,83.872,83.94,83.66,83.87614285714285,83.8559,629.0,609.5,630.0,626.4285714285714,618.8666666666667,500.0,501.0,535.0,502.2142857142857,513.8666666666667,101.5,101.5,102.8,101.85714285714286,101.88666666666667,9,6,1,0,0,272.0
2024-09-02,1919.0,real,3248.0,real,1305.0,real,1280.0,real,741.0,real,0.0401904334598792,0.8865411586855154,0.026752273943285276,28.18605620218519,98.7,forward_filled,1216.5,real,104.0,forward_filled_monthly,83.908,real,624.0,491.5,real,23.567483610820997,57.04771452569973,36.91163372131111,1814.0,1762.0,1869.0,1801.7142857142858,1743.6333333333334,3099.0,2851.0,2854.0,3007.714285714286,2658.4333333333334,1316.0,1414.0,1728.0,1344.7142857142858,1564.8,1306.0,1318.0,1380.0,1307.857142857143,1324.4666666666667,744.0,753.0,757.0,745.8571428571429,754.3666666666667,98.7,98.05,107.79,98.57000000000001,101.17366666666666,1272.0,1273.5,1613.0,1276.7857142857142,1462.8166666666666,83.872,83.814,83.685,83.88957142857143,83.86333333333333,629.0,615.5,626.0,627.6428571428571,618.8,500.0,505.0,533.0,500.2857142857143,512.4833333333333,104.0,101.5,102.8,102.21428571428571,101.92666666666668,9,0,1,0,0,273.0
2024-09-03,1947.0,real,3349.0,real,1300.0,real,1280.0,real,737.0,real,0.03938981645358582,0.8888013253483458,0.04452789699570814,28.97383932931909,100.55,real,1257.0,real,104.0,forward_filled_monthly,83.96,real,624.0,497.0,real,26.32092271784929,57.63947218684802,37.384303597591455,1919.0,1762.0,1864.0,1828.142857142857,1746.4,3248.0,2851.0,2803.0,3078.8571428571427,2676.633333333333,1305.0,1414.0,1765.0,1328.4285714285713,1549.3,1280.0,1318.0,1385.0,1302.4285714285713,1320.9666666666667,741.0,753.0,758.0,743.5714285714286,753.6666666666666,98.7,98.3,107.47,98.89142857142858,100.943,1216.5,1248.5,1619.5,1278.0,1450.7333333333333,83.908,83.85,83.72,83.90528571428571,83.87133333333333,624.0,623.5,623.0,627.7142857142857,618.8333333333334,491.5,505.5,526.0,499.07142857142856,511.51666666666665,104.0,101.5,102.8,102.57142857142857,101.96666666666667,9,1,1,0,0,274.0
2024-09-04,1902.0,real,3224.0,real,1300.0,real,1271.0,real,732.0,real,0.04029355721359413,0.8862500371274418,0.037077426390403456,28.64364808849695,92.93,real,1218.5,real,104.0,forward_filled_monthly,83.97,real,616.0,488.5,real,20.018268841136702,56.68843308857399,37.18618885309817,1947.0,1721.0,1834.0,1854.0,1748.6666666666667,3349.0,2755.0,2696.0,3145.8571428571427,2694.233333333333,1300.0,1381.0,1785.0,1316.857142857143,1533.1333333333334,1280.0,1317.0,1387.0,1295.857142857143,1317.1,737.0,748.0,760.0,741.2857142857143,752.7333333333333,100.55,98.45,107.14,98.10285714285713,100.46933333333332,1257.0,1281.0,1608.5,1269.0714285714287,1437.7333333333333,83.96,83.92,83.735,83.91242857142858,83.87916666666666,624.0,631.5,622.0,625.5,618.6333333333333,497.0,506.5,524.5,496.5,510.31666666666666,104.0,101.5,102.8,102.92857142857143,102.00666666666666,9,2,1,0,0,275.0
2024-09-05,1919.0,real,3285.0,real,1294.0,real,1266.0,real,727.0,real,0.03898933121522106,0.8899319076087681,0.061393805309734484,29.72130556183274,91.3,real,1235.0,real,104.0,forward_filled_monthly,83.989,real,616.0,485.0,real,19.659330841079086,57.04771452569973,37.83278333709964,1902.0,1755.0,1808.0,1877.4285714285713,1752.3666666666666,3224.0,2883.0,2614.0,3203.285714285714,2716.6,1300.0,1350.0,1792.0,1308.857142857143,1516.5333333333333,1271.0,1316.0,1386.0,1288.7142857142858,1313.1,732.0,746.0,759.0,738.5714285714286,751.6666666666666,92.93,98.51,106.86,97.07285714285715,99.95066666666666,1218.5,1316.0,1605.5,1257.5,1425.3833333333334,83.97,83.915,83.731,83.923,83.88776666666666,616.0,630.5,624.5,623.4285714285714,618.35,488.5,500.5,525.0,494.2857142857143,508.98333333333335,104.0,101.5,102.8,103.28571428571429,102.04666666666667,9,3,1,0,0,276.0
2024-09-06,1941.0,real,3356.0,real,1294.0,real,1260.0,real,724.0,real,0.02802814761875198,0.9208756691766099,0.08013355592654414,30.551817060590448,91.61,real,1235.0,real,104.0,forward_filled_monthly,83.99,real,612.5,482.5,real,20.03829295677492,57.51266697374482,38.33109023635427,1919.0,1827.0,1797.0,1893.7142857142858,1757.1666666666667,3285.0,3119.0,2582.0,3237.1428571428573,2742.4,1294.0,1331.0,1792.0,1303.5714285714287,1499.9333333333334,1266.0,1312.0,1383.0,1281.2857142857142,1309.0,727.0,745.0,759.0,735.5714285714286,750.5,91.3,98.63,106.59,96.07000000000001,99.45133333333334,1235.0,1331.5,1606.0,1243.7142857142858,1413.0166666666667,83.989,83.89,83.757,83.93728571428572,83.89553333333333,616.0,626.0,621.5,621.5,618.05,485.0,498.0,522.0,492.07142857142856,507.6666666666667,104.0,101.5,102.8,103.64285714285714,102.08666666666666,9,4,1,0,0,277.0
2024-09-09,1958.0,real,3404.0,real,1302.0,real,1259.0,real,719.0,real,0.02697516516107883,0.9238482713430269,0.11123723041997735,31.930275069377483,91.76,real,1248.5,real,104.0,forward_filled_monthly,83.956,real,604.0,479.0,real,20.624273787929724,57.871948410870566,39.15816504162649,1941.0,1814.0,1762.0,1914.2857142857142,1763.7,3356.0,3099.0,2499.0,3280.714285714286,2772.5666666666666,1294.0,1316.0,1772.0,1301.5714285714287,1484.2666666666667,1260.0,1306.0,1377.0,1274.5714285714287,1305.0666666666666,724.0,744.0,760.0,732.0,749.1333333333333,91.61,98.7,106.25,95.07857142857144,98.96833333333333,1235.0,1272.0,1613.5,1240.357142857143,1400.85,83.99,83.872,83.73,83.94928571428571,83.90306666666666,612.5,629.0,616.0,617.9285714285714,617.65,482.5,500.0,523.0,489.07142857142856,506.2,104.0,101.5,102.8,104.0,102.12666666666668,9,0,1,0,0,280.0
2024-09-10,1941.0,real,3342.0,real,1317.0,real,1258.0,real,714.0,real,0.029307200214093183,0.9172648639935166,0.13641686182669788,33.04619031528283,91.28,real,1216.5,real,104.0,forward_filled_monthly,83.977,real,596.0,474.5,real,19.7660192524805,57.51266697374482,39.8277141891697,1958.0,1814.0,1708.0,1932.4285714285713,1771.4666666666667,3404.0,3099.0,2377.0,3315.4285714285716,2804.733333333333,1302.0,1316.0,1739.0,1301.7142857142858,1470.2,1259.0,1306.0,1363.0,1267.7142857142858,1301.5666666666666,719.0,744.0,762.0,727.7142857142857,747.5333333333333,91.76,98.7,105.94,94.01857142857143,98.47966666666666,1248.5,1272.0,1598.5,1232.4285714285713,1388.1166666666666,83.956,83.872,83.708,83.96428571428571,83.91203333333334,604.0,629.0,617.0,613.2142857142857,616.95,479.0,500.0,525.0,485.42857142857144,504.51666666666665,104.0,104.0,102.8,104.0,102.16666666666667,9,1,1,0,0,281.0
2024-09-11,1963.0,real,3375.0,real,1356.0,real,1259.0,real,710.0,real,0.02445192502758228,0.9309714565704396,0.17685851318944845,34.83849039292563,92.3,real,1216.5,real,104.0,forward_filled_monthly,83.97,real,587.5,474.5,real,22.547528461109227,57.977619421789896,40.903094235755376,1941.0,1919.0,1668.0,1938.7142857142858,1781.3,3342.0,3248.0,2289.0,3333.5714285714284,2840.9333333333334,1317.0,1305.0,1713.0,1309.0,1458.3,1258.0,1280.0,1352.0,1264.7142857142858,1298.4666666666667,714.0,741.0,761.0,723.2857142857143,745.8333333333334,91.28,98.7,102.83,93.10428571428572,98.12866666666667,1216.5,1216.5,1598.5,1232.4285714285713,1375.3833333333334,83.977,83.908,83.72,83.97314285714286,83.92036666666667,596.0,624.0,625.0,608.0,615.7,474.5,491.5,532.0,483.0,502.6,104.0,104.0,101.5,104.0,102.25,9,2,1,0,0,282.0
2024-09-12,1927.0,real,3225.0,real,1402.0,real,1263.0,real,709.0,real,0.027837765346018298,0.9214131242426954,0.1504477611940298,33.66801413251276,93.06,real,1207.5,real,104.0,forward_filled_monthly,83.93,real,589.5,479.5,real,22.021407598746695,57.216788143170675,40.20080847950766,1963.0,1947.0,1675.0,1935.857142857143,1789.7,3375.0,3349.0,2327.0,3315.8571428571427,2870.866666666667,1356.0,1300.0,1705.0,1323.5714285714287,1448.2,1259.0,1280.0,1342.0,1262.2857142857142,1295.8333333333333,710.0,737.0,759.0,719.2857142857143,744.1666666666666,92.3,100.55,104.0,92.03428571428572,97.764,1216.5,1257.0,1598.5,1225.357142857143,1362.35,83.97,83.96,83.799,83.96885714285715,83.92473333333334,587.5,624.0,621.0,603.0714285714286,614.65,474.5,497.0,528.5,480.5,500.96666666666664,104.0,104.0,101.5,104.0,102.33333333333333,9,3,1,0,0,283.0
2024-09-13,1890.0,real,3089.0,real,1428.0,real,1264.0,real,707.0,real,0.028817491985317,0.9186473255256765,0.12701252236135963,32.629407177455036,92.26,real,1220.5,real,104.0,forward_filled_monthly,83.885,real,591.5,483.0,real,21.717104524817195,56.434822662367566,39.57764430647302,1927.0,1902.0,1677.0,1934.142857142857,1796.8,3225.0,3224.0,2351.0,3296.5714285714284,2895.4666666666667,1402.0,1300.0,1697.0,1341.857142857143,1439.2333333333333,1263.0,1271.0,1330.0,1261.2857142857142,1293.6333333333334,709.0,732.0,758.0,715.7142857142857,742.4666666666667,93.06,92.93,104.18,91.93857142857144,97.36666666666666,1207.5,1218.5,1600.0,1225.642857142857,1349.7,83.93,83.97,84.046,83.95671428571428,83.91936666666668,589.5,616.0,608.0,599.5714285714286,614.1,479.5,488.5,515.0,479.7142857142857,499.9,104.0,104.0,101.5,104.0,102.41666666666667,9,4,1,0,0,284.0
2024-09-16,1896.0,real,3097.0,real,1442.0,real,1265.0,real,707.0,real,0.027098952563485098,0.9234988156632228,0.1252225519287833,32.55007895921517,91.94,real,1220.5,forward_filled,104.0,forward_filled_monthly,83.85,real,591.0,481.5,real,22.48703320007266,56.561627875470776,39.5300473755291,1890.0,1919.0,1685.0,1930.857142857143,1803.8333333333333,3089.0,3285.0,2402.0,3269.714285714286,2918.633333333333,1428.0,1294.0,1678.0,1363.0,1431.3666666666666,1264.0,1266.0,1320.0,1261.142857142857,1291.8,707.0,727.0,759.0,712.8571428571429,740.7333333333333,92.26,91.3,102.86,92.03,97.00266666666667,1220.5,1235.0,1595.0,1223.5714285714287,1337.2166666666667,83.885,83.989,83.94,83.93685714285714,83.91636666666666,591.5,616.0,604.0,596.0,613.6666666666666,483.0,485.0,504.0,479.2142857142857,499.15,104.0,104.0,101.5,104.0,102.5,9,0,1,0,0,287.0
2024-09-17,1901.0,real,3090.0,real,1466.0,real,1266.0,real,706.0,real,0.024074986276804572,0.9320355663654349,0.1195524146054181,32.29878883572943,91.98,real,1220.5,forward_filled,104.0,forward_filled_monthly,83.775,real,590.5,483.0,real,23.16693362148404,56.667298886390114,39.379273301437664,1896.0,1941.0,1698.0,1925.142857142857,1810.6,3097.0,3356.0,2473.0,3231.714285714286,2939.2,1442.0,1294.0,1651.0,1387.5714285714287,1425.2,1265.0,1260.0,1309.0,1262.0,1290.3666666666666,707.0,724.0,756.0,710.2857142857143,739.0666666666667,91.94,91.61,101.71,92.08285714285714,96.67833333333333,1220.5,1235.0,1600.0,1221.5,1324.5666666666666,83.85,83.99,83.913,83.90614285714285,83.91176666666667,591.0,612.5,604.5,592.8571428571429,613.2,481.5,482.5,507.5,479.2857142857143,498.3333333333333,104.0,104.0,101.5,104.0,102.58333333333333,9,1,1,0,0,288.0
2024-09-18,1890.0,real,3024.0,real,1502.0,real,1270.0,real,706.0,real,0.021327532946014884,0.9397917124091993,0.12299465240641716,32.45134252407061,91.57,real,1115.0,real,104.0,forward_filled_monthly,83.66,real,588.5,483.0,real,19.883325911295362,56.434822662367566,39.47080551444237,1901.0,1958.0,1683.0,1915.4285714285713,1817.5,3090.0,3404.0,2459.0,3177.4285714285716,2958.0333333333333,1466.0,1302.0,1620.0,1416.142857142857,1421.2666666666667,1266.0,1259.0,1302.0,1263.5714285714287,1289.3,706.0,719.0,756.0,708.4285714285714,737.4,91.98,91.76,100.75,92.05571428571429,96.37233333333333,1220.5,1248.5,1600.0,1202.4285714285713,1308.4,83.775,83.956,84.0,83.86385714285714,83.90043333333332,590.5,604.0,609.0,590.6428571428571,612.5166666666667,483.0,479.0,512.0,479.85714285714283,497.3666666666667,104.0,104.0,101.5,104.0,102.66666666666667,9,2,1,0,0,289.0
2024-09-19,1976.0,real,3253.0,real,1528.0,real,1276.0,real,707.0,real,0.04079305952410661,0.8848399265984964,0.1832335329341317,35.12101961708818,92.03,real,1106.0,real,104.0,forward_filled_monthly,83.63,real,589.5,486.0,real,19.570520187673242,58.25236405018017,41.072611770252905,1890.0,1941.0,1670.0,1920.4285714285713,1827.7,3024.0,3342.0,2437.0,3164.714285714286,2985.233333333333,1502.0,1317.0,1599.0,1446.2857142857142,1418.9,1270.0,1258.0,1301.0,1266.142857142857,1288.4666666666667,706.0,714.0,755.0,707.4285714285714,735.8,91.57,91.28,101.26,92.16285714285713,96.06466666666665,1115.0,1216.5,1600.0,1186.642857142857,1291.9333333333334,83.66,83.977,83.95,83.81428571428572,83.88976666666666,588.5,596.0,610.5,589.7142857142857,611.8166666666667,483.0,474.5,512.0,481.5,496.5,104.0,104.0,101.5,104.0,102.75,9,3,1,0,0,290.0
2024-09-20,1977.0,real,3235.0,real,1538.0,real,1289.0,real,707.0,real,0.04038689446807846,0.8859865431605046,0.19456193353474327,35.62307362803656,91.93,real,1066.5,real,104.0,forward_filled_monthly,83.49,real,598.5,488.5,real,18.544482857179258,58.27349825236405,41.37384417682193,1976.0,1963.0,1655.0,1922.4285714285713,1838.4333333333334,3253.0,3375.0,2413.0,3144.714285714286,3012.633333333333,1528.0,1356.0,1584.0,1472.2857142857142,1417.3666666666666,1276.0,1259.0,1294.0,1270.4285714285713,1288.3,707.0,710.0,756.0,707.0,734.1666666666666,92.03,92.3,100.67,92.11000000000001,95.77333333333334,1106.0,1216.5,1600.0,1165.2142857142858,1274.15,83.63,83.97,83.94,83.74571428571429,83.87476666666667,589.5,587.5,618.0,591.2857142857143,611.1666666666666,486.0,474.5,517.5,483.5,495.53333333333336,104.0,104.0,101.5,104.0,102.83333333333333,9,4,1,0,0,291.0
2024-09-23,1999.0,real,3275.0,real,1552.0,real,1301.0,real,708.0,real,0.03676731200391767,0.8962047368218363,0.19700598802395208,35.731389656268945,91.6,real,993.5,real,104.0,forward_filled_monthly,83.54,real,603.0,480.5,real,15.936802221829335,58.73845070040914,41.43883379376137,1977.0,1927.0,1670.0,1932.7142857142858,1849.4,3235.0,3225.0,2477.0,3151.8571428571427,3039.233333333333,1538.0,1402.0,1563.0,1493.7142857142858,1417.0,1289.0,1263.0,1292.0,1275.857142857143,1288.6,707.0,709.0,756.0,706.8571428571429,732.5666666666667,91.93,93.06,100.44,91.90142857142857,95.47866666666667,1066.5,1207.5,1600.0,1134.642857142857,1253.9333333333334,83.49,83.93,83.92,83.69000000000001,83.86210000000001,598.5,589.5,624.5,593.2142857142857,610.45,488.5,479.5,520.5,483.64285714285717,494.2,104.0,104.0,101.5,104.0,102.91666666666667,9,0,1,0,0,294.0
2024-09-24,2014.0,real,3301.0,real,1560.0,real,1312.0,real,711.0,real,0.030983371832882745,0.9125329794792096,0.1655092592592593,34.33551220052171,91.88,real,998.5,real,104.0,forward_filled_monthly,83.61,real,609.0,483.0,real,17.219389884010372,59.055463733167144,40.601307320313026,1999.0,1890.0,1728.0,1950.4285714285713,1858.9333333333334,3275.0,3089.0,2650.0,3182.1428571428573,3060.9333333333334,1552.0,1428.0,1560.0,1512.5714285714287,1417.0,1301.0,1264.0,1297.0,1282.7142857142858,1289.1,708.0,707.0,757.0,707.4285714285714,731.0333333333333,91.6,92.26,99.2,91.84714285714286,95.23466666666667,993.5,1220.5,1599.5,1102.9285714285713,1233.9,83.54,83.885,83.97,83.6507142857143,83.85009999999998,603.0,591.5,622.5,595.7142857142857,610.0,480.5,483.0,518.5,483.64285714285717,493.01666666666665,104.0,104.0,101.5,104.0,103.0,9,1,1,0,0,295.0
2024-09-25,2016.0,real,3315.0,real,1543.0,real,1317.0,real,713.0,real,0.030924454370121587,0.9126993053055967,0.1914893617021276,35.48690285981633,92.25,real,1000.0,real,104.0,forward_filled_monthly,83.61,real,606.5,483.5,real,24.662490701274248,59.097732137534884,41.2921417158898,2014.0,1896.0,1692.0,1967.5714285714287,1869.7333333333333,3301.0,3097.0,2542.0,3213.285714285714,3086.7,1560.0,1442.0,1554.0,1527.0,1416.6333333333334,1312.0,1265.0,1300.0,1290.142857142857,1289.6666666666667,711.0,707.0,756.0,708.2857142857143,729.6,91.88,91.94,98.55,91.89142857142858,95.02466666666668,998.5,1220.5,1341.5,1071.4285714285713,1222.5166666666667,83.61,83.85,83.95,83.61642857142859,83.83876666666667,609.0,591.0,620.0,597.9285714285714,609.55,483.0,481.5,514.5,483.92857142857144,491.98333333333335,104.0,104.0,101.5,104.0,103.08333333333333,9,2,1,0,0,296.0
2024-09-26,2091.0,real,3580.0,real,1498.0,real,1314.0,real,712.0,real,0.03976518811301493,0.8877416395008757,0.2365464222353637,37.483749436819785,92.54,real,1000.5,real,104.0,forward_filled_monthly,83.629,real,597.5,469.0,real,24.826052104151277,60.68279730132495,42.49024966209187,2016.0,1901.0,1691.0,1994.7142857142858,1883.0666666666666,3315.0,3090.0,2537.0,3283.285714285714,3121.4666666666667,1543.0,1466.0,1552.0,1531.5714285714287,1414.8333333333333,1317.0,1266.0,1304.0,1297.0,1290.0,713.0,706.0,754.0,709.1428571428571,728.2,92.25,91.98,97.81,91.97142857142858,94.849,1000.0,1220.5,1362.5,1040.0,1210.45,83.61,83.775,83.89,83.59557142857143,83.83006666666667,606.5,590.5,619.5,598.9285714285714,608.8166666666667,483.5,483.0,516.5,481.92857142857144,490.4,104.0,104.0,101.5,104.0,103.16666666666667,9,3,1,0,0,297.0
2024-09-27,2110.0,real,3689.0,real,1446.0,real,1306.0,real,710.0,real,0.03489415417271375,0.9014927195289576,0.23536299765807955,37.431302222369375,92.98,real,1005.0,real,104.0,forward_filled_monthly,83.72,real,591.0,480.5,real,26.007446219812657,61.08434714281843,42.458781333421626,2091.0,1890.0,1708.0,2026.142857142857,1896.4666666666667,3580.0,3024.0,2594.0,3378.285714285714,3157.9666666666667,1498.0,1502.0,1544.0,1523.5714285714287,1411.5666666666666,1314.0,1270.0,1305.0,1302.142857142857,1290.0333333333333,712.0,706.0,754.0,709.7142857142857,726.7333333333333,92.54,91.57,98.1,92.17285714285715,94.67833333333333,1000.5,1115.0,1334.0,1024.2857142857142,1199.4833333333333,83.629,83.66,83.86,83.60414285714286,83.8254,597.5,588.5,615.5,599.2857142857143,608.0,469.0,483.0,512.0,481.57142857142856,489.35,104.0,104.0,101.5,104.0,103.25,9,4,1,0,0,298.0
2024-09-30,2084.0,real,3649.0,real,1414.0,real,1296.0,real,711.0,real,0.030799236028312353,0.9130528005717571,0.20115273775216136,35.91516602566519,93.83,real,1014.5,real,104.0,forward_filled_monthly,83.783,real,592.0,482.5,real,27.310673390390818,60.53485788603788,41.549099615399115,2110.0,1976.0,1735.0,2041.5714285714287,1908.1,3689.0,3253.0,2691.0,3434.8571428571427,3189.9,1446.0,1528.0,1521.0,1507.2857142857142,1408.0,1306.0,1276.0,1309.0,1305.0,1289.6,710.0,707.0,755.0,710.2857142857143,725.2666666666667,92.98,92.03,97.99,92.42999999999999,94.53966666666666,1005.0,1106.0,1329.0,1011.2142857142857,1189.0,83.72,83.63,83.76,83.626,83.82616666666667,591.0,589.5,609.5,599.6428571428571,607.4166666666666,480.5,486.0,506.0,481.07142857142856,488.56666666666666,104.0,104.0,101.5,104.0,103.33333333333333,9,0,1,0,0,301.0
2024-10-01,2030.0,real,3524.0,real,1386.0,real,1283.0,real,713.0,real,0.03579914333998842,0.8989379070155856,0.1540648095508812,33.8283151052073,108.74,real,1014.5,forward_filled,103.8,real,83.91,real,588.5,480.5,real,38.5135849360764,59.085918660416716,40.296989063124386,2084.0,1977.0,1759.0,2049.1428571428573,1917.1333333333334,3649.0,3235.0,2788.0,3476.1428571428573,3214.4333333333334,1414.0,1538.0,1487.0,1485.5714285714287,1404.6333333333334,1296.0,1289.0,1310.0,1304.142857142857,1288.7,711.0,707.0,754.0,711.1428571428571,723.9,93.83,91.93,98.38,94.83142857142856,94.88499999999999,1014.5,1066.5,1336.0,1003.7857142857143,1178.2833333333333,83.783,83.49,83.88,83.686,83.82716666666667,592.0,598.5,610.0,598.2142857142857,606.7,482.5,488.5,504.5,479.92857142857144,487.76666666666665,104.0,104.0,101.5,103.97142857142856,103.41000000000001,10,1,0,1,0,302.0
2024-10-02,1978.0,real,3399.0,real,1364.0,real,1272.0,real,713.0,real,0.04019879532664041,0.8865175528760658,0.11877828054298645,32.26448062888207,109.29,real,1014.5,forward_filled,103.8,forward_filled_monthly,83.93,real,603.5,498.5,real,39.380040461210676,57.9869401468556,39.358688377329244,2030.0,1999.0,1768.0,2046.142857142857,1924.1333333333334,3524.0,3275.0,2847.0,3493.8571428571427,3232.8333333333335,1386.0,1552.0,1444.0,1458.7142857142858,1401.9666666666667,1283.0,1301.0,1313.0,1300.0,1287.3333333333333,713.0,708.0,753.0,711.8571428571429,722.5666666666667,108.74,91.6,98.19,97.35857142857142,95.25499999999998,1014.5,993.5,1327.5,1006.7857142857143,1167.85,83.91,83.54,83.94,83.74171428571428,83.82683333333334,588.5,603.0,609.5,598.2857142857143,606.5,480.5,480.5,501.0,482.5,487.68333333333334,103.8,104.0,101.5,103.94285714285714,103.48666666666666,10,2,0,1,0,303.0
2024-10-03,1941.0,real,3299.0,real,1367.0,real,1260.0,real,712.0,real,0.04232233540371792,0.8805227333160677,0.101589103291714,31.502687707872724,108.31,real,1014.5,forward_filled,103.8,forward_filled_monthly,84.0,real,603.0,501.5,real,40.51670350050864,57.2049746660525,38.90161262472363,1978.0,2014.0,1762.0,2035.7142857142858,1930.1,3399.0,3301.0,2851.0,3493.5714285714284,3247.766666666667,1364.0,1560.0,1414.0,1431.142857142857,1400.4,1272.0,1312.0,1318.0,1292.5714285714287,1285.4,713.0,711.0,753.0,712.0,721.2,109.29,91.88,98.05,99.7057142857143,95.59700000000001,1014.5,998.5,1273.5,1009.0714285714286,1159.2166666666667,83.93,83.61,83.814,83.79742857142857,83.83303333333333,603.5,609.0,615.5,597.4285714285714,606.0833333333334,498.5,483.0,505.0,485.14285714285717,487.56666666666666,103.8,104.0,101.5,103.91428571428571,103.56333333333333,10,3,0,1,0,304.0
2024-10-04,1928.0,real,3243.0,real,1388.0,real,1258.0,real,712.0,real,0.0427805359625376,0.8792292189143077,0.09421112372304208,31.17570913731026,108.84,real,1014.5,forward_filled,103.8,forward_filled_monthly,84.028,real,615.0,515.0,real,41.59576703243287,56.93023003766222,38.705425482386154,1941.0,2016.0,1762.0,2023.142857142857,1935.6333333333334,3299.0,3315.0,2851.0,3483.285714285714,3260.8333333333335,1367.0,1543.0,1414.0,1409.0,1399.5333333333333,1260.0,1317.0,1318.0,1284.142857142857,1283.4,712.0,713.0,753.0,711.8571428571429,719.8333333333334,108.31,92.25,98.3,102.0757142857143,95.94833333333332,1014.5,1000.0,1248.5,1011.1428571428571,1151.4166666666667,84.0,83.61,83.85,83.85714285714286,83.83896666666666,603.0,606.5,623.5,598.6428571428571,605.8,501.5,483.5,505.5,489.64285714285717,487.8833333333333,103.8,104.0,101.5,103.88571428571427,103.64,10,4,0,1,0,305.0
2024-10-07,1907.0,real,3161.0,real,1415.0,real,1257.0,real,715.0,real,0.022912356926536565,0.9353177051134856,0.10807669959325983,31.790206119291636,112.39,real,1014.5,forward_filled,103.8,forward_filled_monthly,83.99,real,616.0,515.5,real,43.11653745142599,56.486411791801004,39.07412367157498,1928.0,2091.0,1721.0,1996.857142857143,1941.8333333333333,3243.0,3580.0,2755.0,3423.4285714285716,3274.366666666667,1388.0,1498.0,1381.0,1397.142857142857,1400.6666666666667,1258.0,1314.0,1317.0,1276.0,1281.4,712.0,712.0,748.0,712.2857142857143,718.7333333333333,108.84,92.54,98.45,104.91142857142857,96.41300000000001,1014.5,1000.5,1281.0,1013.1428571428571,1142.5333333333333,84.028,83.629,83.92,83.90871428571428,83.8413,615.0,597.5,631.5,601.2857142857143,605.2833333333333,515.0,469.0,506.5,496.2857142857143,488.18333333333334,103.8,104.0,101.5,103.85714285714286,103.71666666666667,10,0,0,1,0,308.0
2024-10-08,1860.0,real,2989.0,real,1441.0,real,1264.0,real,717.0,real,0.014151952339672258,0.9600485992170275,0.05982905982905984,29.651958901842306,106.3,real,1011.5,real,103.8,forward_filled_monthly,83.973,real,622.0,521.0,real,36.996447344602025,55.493104289159234,37.79117534110539,1907.0,2110.0,1755.0,1961.142857142857,1945.3333333333333,3161.0,3689.0,2883.0,3323.4285714285716,3277.9,1415.0,1446.0,1350.0,1396.4285714285713,1403.7,1257.0,1306.0,1316.0,1270.0,1279.6666666666667,715.0,710.0,746.0,713.2857142857143,717.7666666666667,112.39,92.98,98.51,106.8142857142857,96.67266666666666,1014.5,1005.0,1316.0,1014.0714285714286,1132.3833333333334,83.99,83.72,83.915,83.94485714285715,83.84323333333333,616.0,591.0,630.5,605.7142857142857,605.0,515.5,480.5,500.5,502.07142857142856,488.8666666666667,103.8,104.0,101.5,103.82857142857142,103.79333333333332,10,1,0,1,0,309.0
2024-10-09,1799.0,real,2786.0,real,1457.0,real,1270.0,real,716.0,real,0.017613222799440612,0.9502773252586761,-0.01532567049808431,26.32123860577073,106.53,real,1011.5,real,103.8,forward_filled_monthly,83.96,real,612.5,515.0,real,36.58195180679539,54.203917955943304,35.79274316346244,1860.0,2084.0,1827.0,1920.4285714285713,1944.4,2989.0,3649.0,3119.0,3200.1428571428573,3266.8,1441.0,1414.0,1331.0,1402.5714285714287,1407.9,1264.0,1296.0,1312.0,1266.2857142857142,1278.2666666666667,717.0,711.0,745.0,714.0,716.8,106.3,93.83,98.63,108.62857142857145,96.93599999999999,1011.5,1014.5,1331.5,1013.6428571428571,1121.7166666666667,83.973,83.783,83.89,83.97014285714285,83.84556666666667,622.0,592.0,626.0,608.6428571428571,604.55,521.0,482.5,498.0,506.7142857142857,489.43333333333334,103.8,104.0,101.5,103.8,103.86999999999999,10,2,0,1,0,310.0
2024-10-10,1790.0,real,2755.0,real,1455.0,real,1274.0,real,717.0,real,0.020322856548688983,0.9426279450676602,-0.013230429988974612,26.41409583589404,105.81,real,1011.5,real,103.8,forward_filled_monthly,83.95,real,616.5,514.5,real,37.91782055538256,54.01371013628851,35.84845750153642,1799.0,2030.0,1814.0,1886.142857142857,1943.6,2786.0,3524.0,3099.0,3090.285714285714,3255.3333333333335,1457.0,1386.0,1316.0,1412.4285714285713,1412.5333333333333,1270.0,1283.0,1306.0,1265.0,1277.2,716.0,713.0,744.0,714.5714285714286,715.9,106.53,108.74,98.7,108.21000000000001,97.173,1011.5,1014.5,1272.0,1013.2142857142857,1113.0333333333333,83.96,83.91,83.872,83.97585714285715,83.84816666666667,612.5,588.5,629.0,612.6428571428571,604.1333333333333,515.0,480.5,500.0,511.57142857142856,489.9166666666667,103.8,103.8,101.5,103.8,103.94666666666667,10,3,0,1,0,311.0
2024-10-11,1809.0,real,2835.0,real,1435.0,real,1269.0,real,718.0,real,0.03136696456501948,0.911450085288274,-0.002756339581036382,26.87828838043183,106.44,real,1011.5,real,103.8,forward_filled_monthly,84.106,real,624.0,519.0,real,38.41129487645338,54.415259977781986,36.1269730282591,1790.0,1978.0,1814.0,1862.0,1943.4333333333334,2755.0,3399.0,3099.0,3009.714285714286,3246.5333333333333,1455.0,1364.0,1316.0,1422.5714285714287,1416.5,1274.0,1272.0,1306.0,1264.5714285714287,1275.9666666666667,717.0,713.0,744.0,715.2857142857143,715.0333333333333,105.81,109.29,98.7,107.80285714285716,97.43100000000001,1011.5,1014.5,1272.0,1012.7857142857143,1104.35,83.95,83.93,83.872,84.00099999999999,83.85596666666667,616.5,603.5,629.0,615.5714285714286,603.9666666666667,514.5,498.5,500.0,514.5,490.55,103.8,103.8,104.0,103.8,103.94,10,4,0,1,0,312.0
2024-10-14,1814.0,real,2878.0,real,1409.0,real,1262.0,real,719.0,real,0.03470636313779974,0.9020228594502366,-0.054715997915581016,24.57553128399254,107.11,real,1011.5,real,103.8,forward_filled_monthly,84.072,real,622.5,517.5,real,40.93620766859871,54.52093098870132,34.74531877039553,1809.0,1941.0,1919.0,1843.857142857143,1939.9333333333334,2835.0,3299.0,3248.0,2949.5714285714284,3234.2,1435.0,1367.0,1305.0,1428.5714285714287,1419.9666666666667,1269.0,1260.0,1280.0,1264.857142857143,1275.3666666666666,718.0,712.0,741.0,716.2857142857143,714.3,106.44,108.31,98.7,107.63142857142857,97.71133333333333,1011.5,1014.5,1216.5,1012.3571428571429,1097.5166666666667,84.106,84.0,83.908,84.0112857142857,83.86143333333332,624.0,603.0,624.0,618.3571428571429,603.9166666666666,519.0,501.5,491.5,516.7857142857143,491.4166666666667,103.8,103.8,104.0,103.8,103.93333333333334,10,0,0,1,0,315.0
2024-10-15,1766.0,real,2773.0,real,1364.0,real,1260.0,real,720.0,real,0.03531453908315879,0.9003059598764945,-0.09296353364149978,22.88047040143051,106.63,real,1050.0,real,103.8,forward_filled_monthly,84.05,real,608.5,501.5,real,39.235128540439746,53.50648928387568,33.728282240858306,1814.0,1928.0,1947.0,1820.7142857142858,1933.9,2878.0,3243.0,3349.0,2882.4285714285716,3215.0,1409.0,1388.0,1300.0,1425.142857142857,1422.1,1262.0,1258.0,1280.0,1265.142857142857,1274.7,719.0,712.0,737.0,717.4285714285714,713.7333333333333,107.11,108.84,100.55,107.31571428571428,97.914,1011.5,1014.5,1257.0,1017.4285714285714,1090.6166666666666,84.072,84.028,83.96,84.01442857142857,83.86443333333334,622.5,615.0,624.0,617.4285714285714,603.4,517.5,515.0,497.0,514.8571428571429,491.56666666666666,103.8,103.8,104.0,103.8,103.92666666666666,10,1,0,1,0,316.0
2024-10-16,1676.0,real,2552.0,real,1309.0,real,1257.0,real,723.0,real,0.04168183312526267,0.8823308911316674,-0.11882229232386965,21.734457475834542,106.2,real,1050.0,real,103.8,forward_filled_monthly,84.04,real,605.5,502.5,real,47.055070126881596,51.604411087327605,33.04067448550073,1766.0,1907.0,1902.0,1787.7142857142858,1926.3666666666666,2773.0,3161.0,3224.0,2795.4285714285716,3192.6,1364.0,1415.0,1300.0,1410.0,1422.4,1260.0,1257.0,1271.0,1265.142857142857,1274.2333333333333,720.0,715.0,732.0,718.5714285714286,713.4333333333333,106.63,112.39,92.93,106.43142857142857,98.35633333333334,1050.0,1014.5,1218.5,1022.5,1085.0,84.05,83.99,83.97,84.02157142857142,83.86676666666668,608.5,616.0,616.0,615.9285714285714,603.05,501.5,515.5,488.5,513.0,492.03333333333336,103.8,103.8,104.0,103.8,103.92,10,2,0,1,0,317.0
2024-10-17,1594.0,real,2322.0,real,1288.0,real,1254.0,real,725.0,real,0.047095181250726544,0.8670488413234663,-0.16935904116727463,19.494761127547523,105.36,real,1105.0,real,103.8,forward_filled_monthly,84.063,real,605.0,500.5,real,49.741624866097276,49.87140650825046,31.696856676528515,1676.0,1860.0,1919.0,1749.7142857142858,1915.5333333333333,2552.0,2989.0,3285.0,2700.1428571428573,3160.5,1309.0,1441.0,1294.0,1388.142857142857,1422.2,1257.0,1264.0,1266.0,1263.7142857142858,1273.8333333333333,723.0,717.0,727.0,719.7142857142857,713.3666666666667,106.2,106.3,91.3,106.29714285714286,98.825,1050.0,1011.5,1235.0,1035.857142857143,1080.6666666666667,84.04,83.973,83.989,84.03442857142856,83.86923333333334,605.5,622.0,616.0,613.5,602.6833333333333,502.5,521.0,485.0,510.07142857142856,492.55,103.8,103.8,104.0,103.8,103.91333333333334,10,3,0,1,0,318.0
2024-10-18,1576.0,real,2276.0,real,1285.0,real,1250.0,real,727.0,real,0.04485424338422277,0.8733750784874691,-0.18804739824832561,18.666527296368333,105.37,real,1180.0,real,103.8,forward_filled_monthly,84.07,real,602.5,500.0,real,52.796181153101394,49.49099086894084,31.199916377821,1594.0,1799.0,1941.0,1717.857142857143,1903.3666666666666,2322.0,2786.0,3356.0,2627.285714285714,3124.5,1288.0,1457.0,1294.0,1363.5714285714287,1421.9,1254.0,1270.0,1260.0,1260.857142857143,1273.5,725.0,716.0,724.0,721.2857142857143,713.4666666666667,105.36,106.53,91.61,106.13142857142857,99.28366666666668,1105.0,1011.5,1235.0,1059.9285714285713,1078.8333333333333,84.063,83.96,83.99,84.05014285714286,83.8719,605.0,612.5,612.5,612.0714285714286,602.35,500.5,515.0,482.5,507.92857142857144,493.1333333333333,103.8,103.8,104.0,103.8,103.90666666666667,10,4,0,1,0,319.0
2024-10-21,1546.0,real,2191.0,real,1278.0,real,1250.0,real,726.0,real,0.044343464339818596,0.8748170235862616,-0.2104187946884576,17.67506789188027,105.23,real,1070.0,real,103.8,forward_filled_monthly,84.08,real,602.0,509.0,real,47.105954077757374,48.856964803424816,30.605040735128167,1576.0,1790.0,1958.0,1683.0,1889.6333333333334,2276.0,2755.0,3404.0,2546.714285714286,3084.0666666666666,1285.0,1455.0,1302.0,1338.2857142857142,1421.1,1250.0,1274.0,1259.0,1257.4285714285713,1273.2,727.0,717.0,719.0,722.5714285714286,713.7,105.37,105.81,91.76,106.04857142857144,99.73266666666667,1180.0,1011.5,1248.5,1068.2857142857142,1072.8833333333334,84.07,83.95,83.956,84.06871428571428,83.87603333333335,602.5,616.5,604.0,610.0,602.2833333333333,500.0,514.5,479.0,507.14285714285717,494.1333333333333,103.8,103.8,104.0,103.8,103.9,10,0,0,1,0,322.0
2024-10-22,1480.0,real,2008.0,real,1260.0,real,1249.0,real,729.0,real,0.03887928095435726,0.8902425829115469,-0.23750643997939203,16.474592957693503,104.94,real,1125.5,real,103.8,forward_filled_monthly,84.08,real,603.5,527.0,real,51.084639902547224,47.46210745928956,29.884755774616103,1546.0,1809.0,1941.0,1636.0,1874.2666666666667,2191.0,2835.0,3342.0,2428.5714285714284,3039.6,1278.0,1435.0,1317.0,1313.2857142857142,1419.2,1250.0,1269.0,1258.0,1254.5714285714287,1272.9,726.0,718.0,714.0,724.1428571428571,714.2,105.23,106.44,91.28,105.83428571428571,100.188,1070.0,1011.5,1216.5,1084.5714285714287,1069.85,84.08,84.106,83.977,84.06500000000001,83.87946666666667,602.0,624.0,596.0,607.0714285714286,602.5333333333333,509.0,519.0,474.5,508.2857142857143,495.8833333333333,103.8,103.8,104.0,103.8,103.89333333333333,10,1,0,1,0,323.0
2024-10-23,1445.0,real,1921.0,real,1238.0,real,1249.0,real,731.0,real,0.027935560886609985,0.9211370443956757,-0.26388181355068774,15.305684604380504,104.62,real,1154.5,real,103.8,forward_filled_monthly,84.084,real,608.5,535.5,real,51.14864891140931,46.72241038285419,29.183410762628302,1480.0,1814.0,1963.0,1583.2857142857142,1857.0,2008.0,2878.0,3375.0,2291.8571428571427,2991.133333333333,1260.0,1409.0,1356.0,1288.857142857143,1415.2666666666667,1249.0,1262.0,1259.0,1252.7142857142858,1272.5666666666666,729.0,719.0,710.0,725.8571428571429,714.9,104.94,107.11,92.3,105.47857142857143,100.59866666666667,1125.5,1011.5,1216.5,1105.0,1067.7833333333333,84.08,84.072,83.97,84.06671428571428,83.88326666666667,603.5,622.5,587.5,605.0714285714286,603.2333333333333,527.0,517.5,474.5,510.85714285714283,497.9166666666667,103.8,103.8,104.0,103.8,103.88666666666667,10,2,0,1,0,324.0
2024-10-24,1417.0,real,1859.0,real,1216.0,real,1245.0,real,727.0,real,0.028459941060853488,0.9196567028851182,-0.26466009340944474,15.271192663416816,104.4,real,1156.5,real,103.8,forward_filled_monthly,84.065,real,609.0,522.0,real,50.731507351380124,46.13065272170591,29.162715598050088,1445.0,1766.0,1927.0,1533.4285714285713,1840.0,1921.0,2773.0,3225.0,2161.285714285714,2945.6,1238.0,1364.0,1402.0,1267.7142857142858,1409.0666666666666,1249.0,1260.0,1263.0,1250.5714285714287,1271.9666666666667,731.0,720.0,709.0,726.8571428571429,715.5,104.62,106.63,93.06,105.16000000000001,100.97666666666667,1154.5,1050.0,1207.5,1120.2142857142858,1066.0833333333333,84.084,84.05,83.93,84.06885714285714,83.88776666666666,608.5,608.5,589.5,605.1428571428571,603.8833333333333,535.5,501.5,479.5,513.7857142857143,499.3333333333333,103.8,103.8,104.0,103.8,103.88000000000001,10,3,0,1,0,325.0
2024-10-25,1410.0,real,1856.0,real,1201.0,real,1240.0,real,728.0,real,0.03228412460032117,0.9088609140366336,-0.25396825396825395,15.745035447152421,104.23,real,1155.5,real,103.8,forward_filled_monthly,84.1,real,606.5,520.0,real,50.73353080227746,45.98271330641883,29.44702126829145,1417.0,1676.0,1890.0,1495.4285714285713,1824.0,1859.0,2552.0,3089.0,2061.8571428571427,2904.5,1216.0,1309.0,1428.0,1252.2857142857142,1401.5,1245.0,1257.0,1264.0,1248.142857142857,1271.1666666666667,727.0,723.0,707.0,727.5714285714286,716.2,104.4,106.2,92.26,104.87857142857142,101.37566666666666,1156.5,1050.0,1220.5,1135.2857142857142,1063.9166666666667,84.065,84.04,83.885,84.07742857142856,83.89493333333333,609.0,605.5,591.5,605.2857142857143,604.3833333333333,522.0,502.5,483.0,516.2857142857143,500.56666666666666,103.8,103.8,104.0,103.8,103.87333333333332,10,4,0,1,0,326.0
2024-10-28,1382.0,real,1786.0,real,1190.0,real,1234.0,real,723.0,real,0.025078030070211876,0.9292039425985182,-0.2710970464135021,14.98591867038741,104.15,real,1160.5,real,103.8,forward_filled_monthly,84.07,real,591.0,509.5,real,51.196107577795566,45.39095564527054,28.991551202232444,1410.0,1594.0,1896.0,1465.142857142857,1806.8666666666666,1856.0,2322.0,3097.0,1985.2857142857142,2860.8,1201.0,1288.0,1442.0,1238.2857142857142,1393.1,1240.0,1254.0,1265.0,1245.2857142857142,1270.1333333333334,728.0,725.0,707.0,727.2857142857143,716.7333333333333,104.23,105.36,91.94,104.7057142857143,101.78266666666667,1155.5,1105.0,1220.5,1143.2142857142858,1061.9166666666667,84.1,84.063,83.85,84.07842857142857,83.90226666666668,606.5,605.0,591.0,603.2857142857143,604.3833333333333,520.0,500.5,481.5,517.5714285714286,501.5,103.8,103.8,104.0,103.8,103.86666666666666,10,0,0,1,0,329.0
2024-10-29,1402.0,real,1859.0,real,1195.0,real,1221.0,real,722.0,real,0.03863807893726525,0.8909235036935856,-0.26249342451341395,15.367215469106672,104.09,real,1157.5,real,103.8,forward_filled_monthly,84.065,real,584.5,509.5,real,50.97207889534159,45.813639688947895,29.220329281464,1382.0,1576.0,1901.0,1440.2857142857142,1790.2333333333333,1786.0,2276.0,3090.0,1925.7142857142858,2819.766666666667,1190.0,1285.0,1466.0,1225.4285714285713,1384.0666666666666,1234.0,1250.0,1266.0,1241.142857142857,1268.6333333333334,723.0,727.0,706.0,726.5714285714286,717.2666666666667,104.15,105.37,91.98,104.52285714285713,102.18633333333334,1160.5,1180.0,1220.5,1140.0,1059.8166666666666,84.07,84.07,83.775,84.07771428571428,83.91193333333334,591.0,602.5,590.5,600.7142857142857,604.1833333333333,509.5,500.0,483.0,518.9285714285714,502.3833333333333,103.8,103.8,104.0,103.8,103.85999999999999,10,1,0,1,0,330.0
2024-10-30,1395.0,real,1846.0,real,1202.0,real,1207.0,real,720.0,real,0.03909481516916613,0.8896341231321755,-0.26190476190476186,15.393303920088282,104.08,real,1167.5,real,103.8,forward_filled_monthly,84.09,real,589.5,512.0,real,56.796953965564725,45.66570027366082,29.23598235205297,1402.0,1546.0,1890.0,1418.7142857142858,1773.7333333333333,1859.0,2191.0,3024.0,1876.4285714285713,2780.5,1195.0,1278.0,1502.0,1214.5714285714287,1374.0666666666666,1221.0,1250.0,1270.0,1235.0,1266.5333333333333,722.0,726.0,706.0,725.7142857142857,717.7333333333333,104.09,105.23,91.57,104.35857142857142,102.60333333333332,1157.5,1070.0,1115.0,1153.9285714285713,1061.5666666666666,84.065,84.08,83.66,84.07914285714286,83.92626666666666,584.5,602.0,588.5,598.9285714285714,604.2166666666667,509.5,509.0,483.0,519.3571428571429,503.35,103.8,103.8,104.0,103.8,103.85333333333332,10,2,0,1,0,331.0
2024-10-31,1388.0,real,1853.0,real,1204.0,real,1182.0,real,719.0,real,0.02951033680837994,0.9166914030817463,-0.2975708502024291,13.812648069719064,103.78,real,1115.5,real,103.8,forward_filled_monthly,84.089,real,591.0,513.5,real,53.98341911268596,45.51776085837375,28.287588841831436,1395.0,1480.0,1976.0,1405.5714285714287,1754.1333333333334,1846.0,2008.0,3253.0,1854.2857142857142,2733.8333333333335,1202.0,1260.0,1528.0,1206.5714285714287,1363.2666666666667,1207.0,1249.0,1276.0,1225.4285714285713,1263.4,720.0,729.0,707.0,724.2857142857143,718.1333333333333,104.08,104.94,92.03,104.19285714285715,102.99500000000002,1167.5,1125.5,1106.0,1152.5,1061.8833333333334,84.09,84.08,83.63,84.08042857142857,83.94156666666666,589.5,603.5,589.5,597.1428571428571,604.2666666666667,512.0,527.0,486.0,517.4285714285714,504.26666666666665,103.8,103.8,104.0,103.8,103.84666666666666,10,3,0,1,0,332.0
2024-11-01,1378.0,real,1848.0,real,1199.0,real,1163.0,real,718.0,real,0.025872291960482775,0.9269617166255053,-0.30298431967627715,13.572732996240353,102.49,real,1156.0,real,101.8,real,84.085,real,595.5,515.0,real,57.146381870419894,42.22949575961199,28.143639797744214,1388.0,1445.0,1977.0,1396.0,1734.1666666666667,1853.0,1921.0,3235.0,1843.857142857143,2687.6,1204.0,1238.0,1538.0,1201.0,1351.9666666666667,1182.0,1249.0,1289.0,1213.142857142857,1259.2,719.0,731.0,707.0,722.4285714285714,718.5,103.78,104.62,91.93,103.88857142857144,103.347,1115.5,1154.5,1066.5,1152.7142857142858,1064.8666666666666,84.089,84.084,83.49,84.08057142857142,83.96139999999998,591.0,608.5,598.5,595.2857142857143,604.1666666666666,513.5,535.5,488.5,514.5,505.15,103.8,103.8,104.0,103.51428571428572,103.77333333333333,11,4,0,1,0,333.0
2024-11-04,1374.0,real,1849.0,real,1195.0,real,1154.0,real,715.0,real,0.02296548559252224,0.935167721240101,-0.31265632816408206,13.14408725652604,103.91,real,1156.0,real,101.8,forward_filled_monthly,84.14,real,596.0,505.5,real,63.04620534253191,42.14495895087652,27.886452353915626,1378.0,1417.0,1999.0,1389.857142857143,1713.3333333333333,1848.0,1859.0,3275.0,1842.4285714285713,2640.0666666666666,1199.0,1216.0,1552.0,1198.0,1340.0666666666666,1163.0,1245.0,1301.0,1200.142857142857,1254.3,718.0,727.0,708.0,720.7142857142857,718.7333333333333,102.49,104.4,91.6,103.81857142857142,103.75733333333332,1156.0,1156.5,993.5,1152.642857142857,1070.2833333333333,84.085,84.065,83.54,84.0912857142857,83.9814,595.5,609.0,603.0,593.4285714285714,603.9333333333333,515.0,522.0,480.5,512.1428571428571,505.98333333333335,101.8,103.8,104.0,103.22857142857143,103.7,11,0,0,1,0,336.0
2024-11-05,1405.0,real,1967.0,real,1191.0,real,1136.0,real,710.0,real,0.03340242291722512,0.9057039231719662,-0.3023833167825224,13.599368346104734,105.09,real,1156.0,real,101.8,forward_filled_monthly,84.114,real,598.0,505.5,real,63.45061185995835,42.80011921857641,28.15962100766284,1374.0,1410.0,2014.0,1389.142857142857,1693.0333333333333,1849.0,1856.0,3301.0,1858.2857142857142,2595.6,1195.0,1201.0,1560.0,1196.5714285714287,1327.7666666666667,1154.0,1240.0,1312.0,1185.2857142857142,1248.4333333333334,715.0,728.0,711.0,718.1428571428571,718.7,103.91,104.23,91.88,103.94142857142857,104.19766666666666,1156.0,1155.5,998.5,1152.7142857142858,1075.5333333333333,84.14,84.1,83.61,84.09328571428571,83.99820000000001,596.0,606.5,609.0,592.2142857142857,603.5666666666667,505.5,520.0,483.0,510.07142857142856,506.73333333333335,101.8,103.8,104.0,102.94285714285714,103.62666666666665,11,1,0,1,0,337.0
2024-11-06,1427.0,real,2060.0,real,1185.0,real,1118.0,real,707.0,real,0.028806491093361492,0.9186783813851747,-0.2921626984126984,14.052327473156245,104.01,real,1156.0,real,101.8,forward_filled_monthly,84.32,real,599.0,501.0,real,62.095103645775865,43.2650716666215,28.43139648389375,1405.0,1382.0,2016.0,1395.5714285714287,1673.4,1967.0,1786.0,3315.0,1897.4285714285713,2553.766666666667,1191.0,1190.0,1543.0,1195.857142857143,1315.8333333333333,1136.0,1234.0,1317.0,1168.7142857142858,1241.8,710.0,723.0,713.0,715.8571428571429,718.5,105.09,104.15,92.25,103.92142857142856,104.58966666666667,1156.0,1160.5,1000.0,1152.0714285714287,1080.7333333333333,84.114,84.07,83.61,84.129,84.02186666666667,598.0,591.0,606.5,593.3571428571429,603.3166666666667,505.5,509.5,483.5,508.85714285714283,507.31666666666666,101.8,103.8,104.0,102.65714285714286,103.55333333333333,11,2,0,1,0,338.0
2024-11-07,1451.0,real,2162.0,real,1178.0,real,1098.0,real,705.0,real,0.029964691438065023,0.9154087458573249,-0.3060736489717838,13.435819567890572,105.22,real,1156.0,real,101.8,forward_filled_monthly,84.298,real,599.5,500.0,real,62.80096724133523,43.77229251903433,28.061491740734347,1427.0,1402.0,2091.0,1402.5714285714287,1652.0666666666666,2060.0,1859.0,3580.0,1940.7142857142858,2506.5,1185.0,1195.0,1498.0,1193.4285714285713,1305.1666666666667,1118.0,1221.0,1314.0,1151.142857142857,1234.6,707.0,722.0,712.0,713.4285714285714,718.2666666666667,104.01,104.09,92.54,104.08285714285715,105.01233333333333,1156.0,1157.5,1000.5,1151.857142857143,1085.9166666666667,84.32,84.065,83.629,84.16228571428572,84.04416666666667,599.0,584.5,597.5,595.5,603.3833333333333,501.0,509.5,469.0,507.5,508.35,101.8,103.8,104.0,102.37142857142855,103.48,11,3,0,1,0,339.0
2024-11-08,1495.0,real,2316.0,real,1176.0,real,1079.0,real,703.0,real,0.03180188209194287,0.9102222996083472,-0.29146919431279616,14.083062307422809,103.82,real,1156.0,real,101.8,forward_filled_monthly,84.4,real,599.5,498.0,real,60.93569463079421,44.7021974151245,28.449837384453684,1451.0,1395.0,2110.0,1416.857142857143,1631.5666666666666,2162.0,1846.0,3689.0,2007.857142857143,2460.733333333333,1178.0,1202.0,1446.0,1189.7142857142858,1296.1666666666667,1098.0,1207.0,1306.0,1132.857142857143,1227.0333333333333,705.0,720.0,710.0,711.0,718.0333333333333,105.22,104.08,92.98,104.04571428571428,105.37366666666667,1156.0,1167.5,1005.0,1150.2142857142858,1090.95,84.298,84.09,83.72,84.20657142857142,84.06683333333334,599.5,589.5,591.0,596.9285714285714,603.6666666666666,500.0,512.0,480.5,505.5,508.93333333333334,101.8,103.8,104.0,102.08571428571427,103.40666666666667,11,4,0,1,0,340.0
2024-11-11,1558.0,real,2517.0,real,1182.0,real,1064.0,real,701.0,real,0.03431557228133388,0.9031260741696094,-0.2523992322456814,15.814571622368556,103.1,real,1156.0,real,101.8,forward_filled_monthly,84.407,real,593.5,494.0,real,58.96662418963826,46.03365215270815,29.488742973421132,1495.0,1388.0,2084.0,1441.142857142857,1614.0333333333333,2316.0,1853.0,3649.0,2102.714285714286,2423.0,1176.0,1204.0,1414.0,1186.5714285714287,1288.4333333333334,1079.0,1182.0,1296.0,1116.0,1219.3,703.0,719.0,711.0,708.4285714285714,717.7,103.82,103.78,93.83,103.94857142857143,105.68266666666666,1156.0,1115.5,1014.5,1156.0,1095.6666666666667,84.4,84.089,83.783,84.252,84.08763333333333,599.5,591.0,592.0,597.2857142857143,603.7166666666667,498.0,513.5,482.5,502.7142857142857,509.31666666666666,101.8,103.8,104.0,101.8,103.33333333333333,11,0,0,1,0,343.0
2024-11-12,1634.0,real,2753.0,real,1194.0,real,1051.0,real,697.0,real,0.031086277330412103,0.9122424740651234,-0.19507389162561573,18.35512595143529,102.96,real,1156.0,real,101.8,forward_filled_monthly,84.39,real,588.0,488.0,real,47.21922066874621,47.639851518682086,31.013075570861176,1558.0,1378.0,2030.0,1477.7142857142858,1600.8333333333333,2517.0,1848.0,3524.0,2232.0,2397.3,1182.0,1199.0,1386.0,1185.857142857143,1282.0333333333333,1064.0,1163.0,1283.0,1100.0,1211.5666666666666,701.0,718.0,713.0,705.4285714285714,717.1666666666666,103.1,102.49,108.74,104.01571428571428,105.49000000000001,1156.0,1156.0,1014.5,1156.0,1100.3833333333334,84.407,84.085,83.91,84.29557142857142,84.10363333333333,593.5,595.5,588.5,596.2142857142857,603.7,494.0,515.0,480.5,498.85714285714283,509.56666666666666,101.8,101.8,103.8,101.8,103.26666666666665,11,1,0,1,0,344.0
2024-11-13,1630.0,real,2746.0,real,1208.0,real,1036.0,real,693.0,real,0.032059281122929884,0.9094956541532686,-0.1759352881698686,19.203313879075278,102.88,real,1156.0,real,101.8,forward_filled_monthly,84.421,real,585.0,487.5,real,46.79424364467691,47.555314709946614,31.521988327445168,1634.0,1374.0,1978.0,1514.2857142857142,1589.2333333333333,2753.0,1849.0,3399.0,2360.1428571428573,2375.5333333333333,1194.0,1195.0,1364.0,1187.7142857142858,1276.8333333333333,1051.0,1154.0,1272.0,1083.142857142857,1203.7,697.0,715.0,713.0,702.2857142857143,716.5,102.96,103.91,109.29,103.86857142857143,105.27633333333333,1156.0,1156.0,1014.5,1156.0,1105.1,84.39,84.14,83.93,84.33571428571429,84.11999999999999,588.0,596.0,603.5,594.6428571428571,603.0833333333334,488.0,505.5,498.5,496.2857142857143,509.2,101.8,101.8,103.8,101.8,103.2,11,2,0,1,0,345.0
2024-11-14,1692.0,real,2936.0,real,1213.0,real,1029.0,real,687.0,real,0.03227007738413938,0.9089005697639916,-0.1282843894899537,21.315114622267085,102.22,real,1156.0,real,101.8,forward_filled_monthly,84.466,real,584.0,488.0,real,46.98162995722724,48.865635245346404,32.789068773360256,1630.0,1405.0,1941.0,1555.2857142857142,1580.9333333333334,2746.0,1967.0,3299.0,2498.5714285714284,2363.4333333333334,1208.0,1191.0,1367.0,1190.857142857143,1271.7,1036.0,1136.0,1260.0,1067.857142857143,1196.0,693.0,710.0,712.0,699.0,715.6666666666666,102.88,105.09,108.31,103.45857142857143,105.07333333333332,1156.0,1156.0,1014.5,1156.0,1109.8166666666666,84.421,84.114,84.0,84.386,84.13553333333333,585.0,598.0,603.0,592.6428571428571,602.45,487.5,505.5,501.5,493.7857142857143,508.75,101.8,101.8,103.8,101.8,103.13333333333334,11,3,0,1,0,346.0
2024-11-15,1785.0,real,3229.0,real,1212.0,real,1019.0,real,685.0,real,0.03499458351183815,0.9012092043869174,-0.07417012448132776,23.71335994876422,101.63,real,1169.5,real,101.8,forward_filled_monthly,84.429,real,582.5,486.5,real,46.940868928469854,50.83111604844608,34.228015969258536,1692.0,1427.0,1928.0,1606.4285714285713,1576.1666666666667,2936.0,2060.0,3243.0,2665.5714285714284,2362.9666666666667,1213.0,1185.0,1388.0,1194.7142857142858,1265.8333333333333,1029.0,1118.0,1258.0,1053.7142857142858,1188.0333333333333,687.0,707.0,712.0,695.8571428571429,714.7666666666667,102.22,104.01,108.84,103.11857142857143,104.83300000000001,1156.0,1156.0,1014.5,1157.9285714285713,1114.9833333333333,84.466,84.32,84.028,84.40157142857143,84.1489,584.0,599.0,615.0,590.2857142857143,601.3666666666667,488.0,501.0,515.0,491.7142857142857,507.8,101.8,101.8,103.8,101.8,103.06666666666666,11,4,0,1,0,347.0
2024-11-18,1756.0,real,3162.0,real,1202.0,real,1009.0,real,681.0,real,0.04832417371758569,0.8635793574371263,-0.07918196119559517,23.49124450517014,101.76,real,1134.5,real,101.8,forward_filled_monthly,84.403,real,582.5,482.0,real,42.848085765731625,50.218224185113925,34.09474670310209,1785.0,1451.0,1907.0,1650.0,1571.1333333333334,3229.0,2162.0,3161.0,2808.4285714285716,2363.0,1212.0,1178.0,1415.0,1198.142857142857,1258.7333333333333,1019.0,1098.0,1257.0,1041.0,1179.7666666666667,685.0,705.0,715.0,692.4285714285714,713.6333333333333,101.63,105.22,112.39,102.62428571428572,104.47866666666665,1169.5,1156.0,1014.5,1154.857142857143,1118.9833333333333,84.429,84.298,83.99,84.41657142857143,84.16266666666665,582.5,599.5,616.0,587.8571428571429,600.25,486.5,500.0,515.5,489.14285714285717,506.68333333333334,101.8,101.8,103.8,101.8,103.0,11,0,0,1,0,350.0
2024-11-19,1627.0,real,2808.0,real,1171.0,real,999.0,real,678.0,real,0.07903675773902356,0.7768767793142834,-0.12526881720430105,21.448759274737704,101.89,real,1140.0,real,101.8,forward_filled_monthly,84.4,real,586.0,484.0,real,47.435536975680584,47.491912103395016,32.86925556484262,1756.0,1495.0,1860.0,1668.857142857143,1563.3666666666666,3162.0,2316.0,2989.0,2878.714285714286,2356.9666666666667,1202.0,1176.0,1441.0,1197.4285714285713,1249.7333333333333,1009.0,1079.0,1264.0,1029.5714285714287,1170.9333333333334,681.0,703.0,717.0,688.8571428571429,712.3333333333334,101.76,103.82,106.3,102.34857142857142,104.33166666666668,1134.5,1156.0,1011.5,1152.5714285714287,1123.2666666666667,84.403,84.4,83.973,84.41657142857143,84.17689999999999,582.5,599.5,622.0,585.9285714285714,599.05,482.0,498.0,521.0,487.14285714285717,505.45,101.8,101.8,103.8,101.8,102.93333333333334,11,1,0,1,0,351.0
2024-11-20,1616.0,real,2810.0,real,1138.0,real,992.0,real,675.0,real,0.07545516796613039,0.7869877184287354,-0.10172317954419119,22.492258904063767,101.95,real,1142.0,real,101.8,forward_filled_monthly,84.365,real,586.0,488.0,real,47.4280970749977,47.25943587937247,33.49535534243826,1627.0,1558.0,1799.0,1677.142857142857,1557.2666666666667,2808.0,2517.0,2786.0,2920.5714285714284,2357.766666666667,1171.0,1182.0,1457.0,1191.142857142857,1239.1,999.0,1064.0,1270.0,1019.2857142857143,1161.6666666666667,678.0,701.0,716.0,685.1428571428571,710.9666666666667,101.89,103.1,106.53,102.1842857142857,104.179,1140.0,1156.0,1011.5,1150.5714285714287,1127.6166666666666,84.4,84.407,83.96,84.41057142857143,84.1904,586.0,593.5,612.5,584.8571428571429,598.1666666666666,484.0,494.0,515.0,486.2857142857143,504.55,101.8,101.8,103.8,101.8,102.86666666666666,11,2,0,1,0,352.0
2024-11-21,1576.0,real,2724.0,real,1106.0,real,987.0,real,671.0,real,0.06910439429276266,0.8049161496597679,-0.11955307262569836,21.70207062842421,102.02,real,1141.5,real,101.8,forward_filled_monthly,84.5,real,586.0,487.5,real,47.955448057599405,46.41406779201777,33.02124237705453,1616.0,1634.0,1790.0,1668.857142857143,1550.1333333333334,2810.0,2753.0,2755.0,2916.4285714285716,2356.733333333333,1138.0,1194.0,1455.0,1178.5714285714287,1227.4666666666667,992.0,1051.0,1274.0,1010.1428571428571,1152.1,675.0,697.0,717.0,681.4285714285714,709.4333333333333,101.95,102.96,105.81,102.05,104.05266666666667,1142.0,1156.0,1011.5,1148.5,1131.95,84.365,84.39,83.95,84.42628571428573,84.20873333333334,586.0,588.0,616.5,584.5714285714286,597.15,488.0,488.0,514.5,486.2142857142857,503.65,101.8,101.8,103.8,101.8,102.79999999999998,11,3,0,1,0,353.0
2024-11-22,1537.0,real,2626.0,real,1083.0,real,984.0,real,670.0,real,0.07049517204109834,0.8009899409014161,-0.150359314538419,20.336794288029566,101.95,real,1186.0,real,101.8,forward_filled_monthly,84.431,real,589.0,492.0,real,49.88882866903229,45.589833906846934,32.202076572817745,1576.0,1630.0,1809.0,1655.5714285714287,1541.0666666666666,2724.0,2746.0,2835.0,2899.285714285714,2349.766666666667,1106.0,1208.0,1435.0,1160.7142857142858,1215.7333333333333,987.0,1036.0,1269.0,1002.7142857142857,1142.6,671.0,693.0,718.0,678.1428571428571,707.8333333333334,102.02,102.88,106.44,101.91714285714285,103.90299999999999,1141.5,1156.0,1011.5,1152.7857142857142,1137.7666666666667,84.5,84.421,84.106,84.42771428571429,84.21956666666667,586.0,585.0,624.0,585.1428571428571,595.9833333333333,487.5,487.5,519.0,486.85714285714283,502.75,101.8,101.8,103.8,101.8,102.73333333333333,11,4,0,1,0,354.0
2024-11-25,1529.0,real,2613.0,real,1068.0,real,984.0,real,668.0,real,0.06277264257809625,0.822790881310876,-0.1571113561190739,20.037556145138062,102.01,real,1141.5,real,101.8,forward_filled_monthly,84.27,real,587.5,490.0,real,47.04351242742624,45.42076028937599,32.02253368708284,1537.0,1692.0,1814.0,1632.2857142857142,1531.5666666666666,2626.0,2936.0,2878.0,2853.1428571428573,2340.9333333333334,1083.0,1213.0,1409.0,1140.0,1204.3666666666666,984.0,1029.0,1262.0,996.2857142857143,1133.3333333333333,670.0,687.0,719.0,675.4285714285714,706.1333333333333,101.95,102.22,107.11,101.88714285714285,103.733,1186.0,1156.0,1011.5,1150.7142857142858,1142.1,84.431,84.466,84.072,84.39971428571428,84.22616666666667,589.0,584.0,622.5,585.6428571428571,594.8166666666667,492.0,488.0,517.5,487.14285714285717,501.8333333333333,101.8,101.8,103.8,101.8,102.66666666666667,11,0,0,1,0,357.0
2024-11-26,1581.0,real,2779.0,real,1056.0,real,985.0,real,664.0,real,0.05237110485509671,0.8521547452044697,-0.10475651189127977,22.357827158128416,102.06,real,1120.0,real,101.8,forward_filled_monthly,84.324,real,583.5,488.0,real,44.001084775990265,46.519738802937106,33.41469629487705,1529.0,1785.0,1766.0,1603.142857142857,1525.4,2613.0,3229.0,2773.0,2788.8571428571427,2341.133333333333,1068.0,1212.0,1364.0,1117.7142857142858,1194.1,984.0,1019.0,1260.0,991.4285714285714,1124.1666666666667,668.0,685.0,720.0,672.4285714285714,704.2666666666667,102.01,101.63,106.63,101.94857142857143,103.58066666666667,1141.5,1169.5,1050.0,1143.642857142857,1144.4333333333334,84.27,84.429,84.05,84.38471428571428,84.2353,587.5,582.5,608.5,585.7857142857143,593.9833333333333,490.0,486.5,501.5,487.35714285714283,501.3833333333333,101.8,101.8,103.8,101.8,102.6,11,1,0,1,0,358.0
2024-11-27,1509.0,real,2569.0,real,1044.0,real,988.0,real,662.0,real,0.0564421495513323,0.840662059646961,-0.09964200477326968,22.58449276637698,102.17,real,1116.5,real,101.8,forward_filled_monthly,84.42,real,580.0,488.0,real,44.19700646289646,44.99807624569864,33.55069565982619,1581.0,1756.0,1676.0,1567.857142857143,1519.8333333333333,2779.0,3162.0,2552.0,2704.1428571428573,2341.7,1056.0,1202.0,1309.0,1095.142857142857,1185.2666666666667,985.0,1009.0,1257.0,988.4285714285714,1115.2,664.0,681.0,723.0,669.7142857142857,702.2333333333333,102.06,101.76,106.2,102.00714285714285,103.44633333333333,1120.0,1134.5,1050.0,1141.0714285714287,1146.65,84.324,84.403,84.04,84.38714285714286,84.24796666666666,583.5,582.5,605.5,585.4285714285714,593.1333333333333,488.0,482.0,502.5,488.2142857142857,500.9,101.8,101.8,103.8,101.8,102.53333333333333,11,2,0,1,0,359.0
2024-11-28,1419.0,real,2312.0,real,1028.0,real,989.0,real,661.0,real,0.053589842334274516,0.8487142114667063,-0.10978670012547054,22.134898408710384,102.17,forward_filled,1106.0,real,101.8,forward_filled_monthly,84.473,real,578.0,489.0,real,41.34827208634101,43.095998049150566,33.28093904522623,1509.0,1627.0,1594.0,1538.142857142857,1514.0,2569.0,2808.0,2322.0,2633.285714285714,2341.366666666667,1044.0,1171.0,1288.0,1074.7142857142858,1176.6,988.0,999.0,1254.0,987.0,1106.3666666666666,662.0,678.0,725.0,667.2857142857143,700.1,102.17,101.89,105.36,102.04714285714286,103.34,1116.5,1140.0,1105.0,1136.2142857142858,1146.6833333333334,84.42,84.4,84.063,84.39757142857142,84.26163333333332,580.0,586.0,605.0,584.2857142857143,592.2333333333333,488.0,484.0,500.5,488.92857142857144,500.51666666666665,101.8,101.8,103.8,101.8,102.46666666666665,11,3,0,1,0,360.0
2024-11-29,1354.0,real,2133.0,real,1018.0,real,980.0,real,659.0,real,0.055181151565340474,0.8442218961073802,-0.1408629441624365,20.757656067622353,102.44,real,1103.5,real,101.8,forward_filled_monthly,84.564,real,579.5,491.0,real,37.915215144664245,41.72227490719917,32.454593640573414,1419.0,1616.0,1576.0,1500.7142857142858,1506.6,2312.0,2810.0,2276.0,2536.5714285714284,2336.6,1028.0,1138.0,1285.0,1057.5714285714287,1167.7,989.0,992.0,1250.0,985.2857142857143,1097.3666666666666,661.0,675.0,727.0,665.0,697.8333333333334,102.17,101.95,105.37,102.11714285714287,103.24233333333333,1106.0,1142.0,1180.0,1130.7142857142858,1144.1333333333334,84.473,84.365,84.07,84.426,84.27810000000001,578.0,586.0,602.5,583.3571428571429,591.4666666666667,489.0,488.0,500.0,489.35714285714283,500.21666666666664,101.8,101.8,103.8,101.8,102.4,11,4,0,1,0,361.0
2024-12-01,1354.0,forward_filled,2133.0,forward_filled,1018.0,forward_filled,980.0,forward_filled,659.0,forward_filled,0.056982180830039586,0.8391375345826351,-0.1241914618369987,21.496505695652736,102.44,forward_filled,1103.5,forward_filled,112.0,real,84.564,forward_filled,579.5,491.0,forward_filled,43.315417319287576,57.41458259950687,32.897903417391646,1354.0,1576.0,1546.0,1469.0,1500.2,2133.0,2724.0,2191.0,2452.1428571428573,2334.6666666666665,1018.0,1106.0,1278.0,1045.0,1159.0333333333333,980.0,987.0,1250.0,984.2857142857143,1088.3666666666666,659.0,671.0,726.0,663.2857142857143,695.6,102.44,102.02,105.23,102.17714285714285,103.14933333333333,1103.5,1141.5,1070.0,1125.2857142857142,1145.25,84.564,84.5,84.08,84.43514285714285,84.29423333333332,579.5,586.0,602.0,582.4285714285714,590.7166666666667,491.0,487.5,509.0,489.85714285714283,499.6166666666667,101.8,101.8,103.8,103.25714285714285,102.67333333333333,12,6,0,1,0,363.0
2024-12-02,1298.0,real,1973.0,real,1009.0,real,979.0,real,657.0,real,0.059198337105588326,0.832881256619209,-0.12297297297297294,21.550506895208393,105.32,real,1102.0,real,112.0,forward_filled_monthly,84.75,real,578.5,492.0,real,42.76798025363825,56.231067277210286,32.930304137125034,1354.0,1537.0,1480.0,1434.857142857143,1494.1333333333334,2133.0,2626.0,2008.0,2358.8571428571427,2333.5,1018.0,1083.0,1260.0,1034.4285714285713,1150.6666666666667,980.0,984.0,1249.0,983.5714285714286,1079.3666666666666,659.0,670.0,729.0,661.4285714285714,693.2,102.44,101.95,104.94,102.65857142857143,103.162,1103.5,1186.0,1125.5,1113.2857142857142,1144.4666666666667,84.564,84.431,84.08,84.48071428571428,84.31656666666666,579.5,589.0,603.5,580.9285714285714,589.8833333333333,491.0,492.0,527.0,489.85714285714283,498.45,112.0,101.8,103.8,104.71428571428571,102.94666666666667,12,0,0,1,0,364.0
2024-12-03,1237.0,real,1792.0,real,1005.0,real,979.0,real,653.0,real,0.06008376967820751,0.8303816529796573,-0.14394463667820068,20.621081087393854,106.08,real,1100.5,real,112.0,forward_filled_monthly,84.681,real,577.5,496.5,real,42.13937532742852,54.94188094399437,32.37264865243631,1298.0,1529.0,1445.0,1393.142857142857,1487.2,1973.0,2613.0,1921.0,2241.5714285714284,2329.2,1009.0,1068.0,1238.0,1025.4285714285713,1142.9,979.0,984.0,1249.0,982.8571428571429,1070.3666666666666,657.0,668.0,731.0,659.2857142857143,690.6,105.32,102.01,104.62,103.24000000000001,103.21066666666665,1102.0,1141.5,1154.5,1107.4285714285713,1142.6666666666667,84.75,84.27,84.084,84.53942857142859,84.33646666666667,578.5,587.5,608.5,579.5,588.85,492.0,490.0,535.5,490.7857142857143,497.15,112.0,101.8,103.8,106.17142857142856,103.22,12,1,0,1,0,365.0
2024-12-04,1180.0,real,1609.0,real,1014.0,real,982.0,real,651.0,real,0.034814895275870644,0.9017164698552301,-0.16725476358503877,19.58801886423572,106.29,real,1100.5,real,112.0,forward_filled_monthly,84.721,real,581.0,498.0,real,42.36919410993158,53.73723141951392,31.752811318541433,1237.0,1581.0,1417.0,1335.857142857143,1479.3,1792.0,2779.0,1859.0,2074.4285714285716,2320.866666666667,1005.0,1056.0,1216.0,1019.4285714285714,1136.1666666666667,979.0,985.0,1245.0,982.4285714285714,1061.6,653.0,664.0,727.0,657.4285714285714,688.0666666666667,106.08,102.06,104.4,103.8442857142857,103.27366666666667,1100.5,1120.0,1156.5,1104.642857142857,1140.8,84.681,84.324,84.065,84.59614285714285,84.35833333333333,577.5,583.5,609.0,579.1428571428571,587.9166666666666,496.5,488.0,522.0,492.2142857142857,496.35,112.0,101.8,103.8,107.62857142857142,103.49333333333333,12,2,0,1,0,366.0
2024-12-05,1160.0,real,1530.0,real,1040.0,real,979.0,real,650.0,real,0.03610050502823014,0.8980871536143162,-0.17730496453900713,19.14261232560178,106.29,real,1100.5,real,112.0,forward_filled_monthly,84.712,real,578.5,491.0,real,42.54297297944394,53.31454737583656,31.48556739536107,1180.0,1509.0,1410.0,1286.0,1470.9666666666667,1609.0,2569.0,1856.0,1926.0,2310.0,1014.0,1044.0,1201.0,1018.8571428571429,1130.8,982.0,988.0,1240.0,981.1428571428571,1052.9,651.0,662.0,728.0,655.7142857142857,685.4666666666667,106.29,102.17,104.23,104.43285714285715,103.34233333333334,1100.5,1116.5,1155.5,1102.357142857143,1138.9666666666667,84.721,84.42,84.1,84.63785714285714,84.37873333333333,581.0,580.0,606.5,578.9285714285714,586.9833333333333,498.0,488.0,520.0,492.64285714285717,495.3833333333333,112.0,101.8,103.8,109.08571428571429,103.76666666666667,12,3,0,1,0,367.0
2024-12-06,1167.0,real,1535.0,real,1067.0,real,974.0,real,644.0,real,0.04266343608353672,0.8795597955079334,-0.15557163531114326,20.105793757367323,106.29,forward_filled,1100.5,real,112.0,forward_filled_monthly,84.673,real,573.0,488.5,real,42.37730707946085,53.462486791123645,32.063476254420394,1160.0,1419.0,1382.0,1250.0,1463.8,1530.0,2312.0,1786.0,1815.0,2301.633333333333,1040.0,1028.0,1190.0,1024.4285714285713,1126.7,979.0,989.0,1234.0,979.0,1044.2333333333333,650.0,661.0,723.0,653.2857142857143,682.8333333333334,106.29,102.17,104.15,105.02142857142857,103.41366666666667,1100.5,1106.0,1160.5,1101.5714285714287,1136.9666666666667,84.712,84.473,84.07,84.66642857142857,84.39883333333333,578.5,578.0,591.0,578.2142857142857,586.3833333333333,491.0,489.0,509.5,492.57142857142856,494.68333333333334,112.0,101.8,103.8,110.54285714285713,104.03999999999999,12,4,0,1,0,368.0
2024-12-09,1168.0,real,1532.0,real,1079.0,real,971.0,real,640.0,real,0.04577494449909151,0.8707759106582831,-0.166904422253923,19.603545351750487,106.34,real,1100.5,real,112.0,forward_filled_monthly,84.857,real,572.5,488.0,real,42.595423081904606,53.483620993307504,31.76212721105029,1167.0,1354.0,1402.0,1223.4285714285713,1456.0,1535.0,2133.0,1859.0,1729.142857142857,2290.733333333333,1067.0,1018.0,1195.0,1033.142857142857,1122.8333333333333,974.0,980.0,1221.0,977.7142857142857,1035.9,644.0,659.0,722.0,650.5714285714286,680.1,106.29,102.44,104.09,105.57857142857144,103.48866666666666,1100.5,1103.5,1157.5,1101.142857142857,1135.0666666666666,84.673,84.564,84.065,84.70828571428571,84.42523333333332,573.0,579.5,584.5,577.2142857142857,585.9833333333333,488.5,491.0,509.5,492.14285714285717,493.96666666666664,112.0,101.8,103.8,112.0,104.31333333333333,12,0,0,1,0,371.0
2024-12-10,1156.0,real,1503.0,real,1077.0,real,967.0,real,632.0,real,0.0431404651414502,0.8782131276687265,-0.171326164874552,19.407581799936445,105.63,real,1100.5,real,112.0,forward_filled_monthly,84.885,real,570.0,494.5,real,41.62666329537692,53.2300105671011,31.644549079961866,1168.0,1354.0,1395.0,1195.142857142857,1448.0333333333333,1532.0,2133.0,1846.0,1639.142857142857,2279.3,1079.0,1018.0,1202.0,1041.5714285714287,1118.6666666666667,971.0,980.0,1207.0,975.8571428571429,1027.9,640.0,659.0,720.0,646.7142857142857,677.1666666666666,106.34,102.44,104.08,106.03428571428572,103.54033333333334,1100.5,1103.5,1167.5,1100.7142857142858,1132.8333333333333,84.857,84.564,84.09,84.75414285714285,84.45173333333334,572.5,579.5,589.5,575.8571428571429,585.3333333333334,488.0,491.0,512.0,492.64285714285717,493.3833333333333,112.0,112.0,103.8,112.0,104.58666666666666,12,1,0,1,0,372.0
2024-12-11,1106.0,real,1377.0,real,1053.0,real,962.0,real,628.0,real,0.04417927782661645,0.8752805272099778,-0.20317002881844382,17.99631994746786,105.52,real,1100.5,real,112.0,forward_filled_monthly,84.822,real,571.0,495.5,real,44.194013596644574,52.173300457907715,30.797791968480716,1156.0,1298.0,1388.0,1167.7142857142858,1438.6333333333334,1503.0,1973.0,1853.0,1554.0,2263.4333333333334,1077.0,1009.0,1204.0,1047.857142857143,1113.6333333333334,967.0,979.0,1182.0,973.4285714285714,1020.5666666666667,632.0,657.0,719.0,642.5714285714286,674.1333333333333,105.63,105.32,103.78,106.06285714285715,103.59833333333333,1100.5,1102.0,1115.5,1100.5,1132.3333333333333,84.885,84.75,84.089,84.76442857142857,84.47616666666667,570.0,578.5,591.0,574.7857142857143,584.6666666666666,494.5,492.0,513.5,493.14285714285717,492.78333333333336,112.0,112.0,103.8,112.0,104.85999999999999,12,2,0,1,0,373.0
2024-12-12,1055.0,real,1252.0,real,1021.0,real,961.0,real,626.0,real,0.04402622514763731,0.8757125996740478,-0.2343976777939042,16.61236761621189,105.49,real,1040.0,real,112.0,forward_filled_monthly,84.83,real,574.5,498.0,real,40.36997007814279,51.09545614653047,29.967420569727135,1106.0,1237.0,1378.0,1141.7142857142858,1427.8666666666666,1377.0,1792.0,1848.0,1476.857142857143,2243.5666666666666,1053.0,1005.0,1199.0,1050.142857142857,1107.7,962.0,979.0,1163.0,970.8571428571429,1013.8333333333334,628.0,653.0,718.0,638.7142857142857,671.0666666666667,105.52,106.08,102.49,105.97857142857143,103.69833333333334,1100.5,1100.5,1156.0,1091.857142857143,1128.4666666666667,84.822,84.681,84.085,84.78571428571429,84.501,571.0,577.5,595.5,574.3571428571429,583.9666666666667,495.5,496.5,515.0,493.35714285714283,492.21666666666664,112.0,112.0,101.8,112.0,105.2,12,3,0,1,0,374.0
2024-12-13,1051.0,real,1263.0,real,995.0,real,959.0,real,618.0,real,0.041641700241885106,0.882444187507313,-0.235080058224163,16.582125762654417,105.31,real,1084.5,real,112.0,forward_filled_monthly,84.81,real,575.5,499.5,real,41.27086103163876,51.010919337795,29.94927545759265,1055.0,1180.0,1374.0,1123.2857142857142,1417.1,1252.0,1609.0,1849.0,1427.4285714285713,2224.0333333333333,1021.0,1014.0,1195.0,1047.4285714285713,1101.0333333333333,961.0,982.0,1154.0,967.5714285714286,1007.3333333333334,626.0,651.0,715.0,634.0,667.8333333333334,105.49,106.29,103.91,105.83857142857143,103.74500000000002,1040.0,1100.5,1156.0,1089.5714285714287,1126.0833333333333,84.83,84.721,84.14,84.79842857142857,84.52333333333333,574.5,581.0,596.0,573.5714285714286,583.2833333333333,498.0,498.0,505.5,493.57142857142856,492.01666666666665,112.0,112.0,101.8,112.0,105.53999999999999,12,4,0,1,0,375.0
2024-12-16,1071.0,real,1340.0,real,977.0,real,955.0,real,608.0,real,0.05368485136539214,0.8484459980224353,-0.2377224199288256,16.465021121057383,105.41,real,1137.5,real,112.0,forward_filled_monthly,84.917,real,577.5,501.5,real,42.99226631404829,51.433603381472345,29.87901267263443,1051.0,1160.0,1405.0,1110.5714285714287,1405.9666666666667,1263.0,1530.0,1967.0,1400.2857142857142,2203.133333333333,995.0,1040.0,1191.0,1038.4285714285713,1093.9,959.0,979.0,1136.0,964.1428571428571,1001.3,618.0,650.0,710.0,628.0,664.4333333333333,105.31,106.29,105.09,105.71285714285713,103.75566666666667,1084.5,1100.5,1156.0,1094.857142857143,1125.4666666666667,84.81,84.712,84.114,84.82771428571428,84.55009999999999,575.5,578.5,598.0,573.4285714285714,582.6,499.5,491.0,505.5,495.07142857142856,491.8833333333333,112.0,112.0,101.8,112.0,105.88000000000001,12,0,0,1,0,378.0
2024-12-17,1053.0,real,1308.0,real,959.0,real,949.0,real,600.0,real,0.052909824134336356,0.8506339239553702,-0.26208829712683956,15.38516997447292,105.58,real,1143.0,real,112.0,forward_filled_monthly,84.907,real,577.0,507.0,real,44.186139941956576,51.053187742162734,29.23110198468375,1071.0,1167.0,1427.0,1094.2857142857142,1393.5,1340.0,1535.0,2060.0,1367.857142857143,2178.0666666666666,977.0,1067.0,1185.0,1023.0,1086.3666666666666,955.0,974.0,1118.0,960.5714285714286,995.6666666666666,608.0,644.0,707.0,621.7142857142857,660.8666666666667,105.41,106.29,104.01,105.61142857142856,103.80799999999999,1137.5,1100.5,1156.0,1100.9285714285713,1125.0333333333333,84.917,84.673,84.32,84.86114285714287,84.56966666666668,577.5,573.0,599.0,574.0,581.8666666666667,501.5,488.5,501.0,497.7142857142857,492.0833333333333,112.0,112.0,101.8,112.0,106.22,12,1,0,1,0,379.0
2024-12-18,1028.0,real,1237.0,real,957.0,real,947.0,real,593.0,real,0.05340295128108181,0.8492418107116474,-0.2915230875258442,14.080673858715212,104.73,real,1136.5,real,112.0,forward_filled_monthly,84.895,real,575.5,509.0,real,42.34913256020816,50.52483268756605,28.44840431522913,1053.0,1168.0,1451.0,1074.2857142857142,1379.4,1308.0,1532.0,2162.0,1325.7142857142858,2147.233333333333,959.0,1079.0,1178.0,1005.5714285714286,1079.0,949.0,971.0,1098.0,957.1428571428571,990.6333333333333,600.0,640.0,705.0,615.0,657.1333333333333,105.58,106.34,105.22,105.38142857142857,103.79166666666667,1143.0,1100.5,1156.0,1106.0714285714287,1124.3833333333334,84.907,84.857,84.298,84.86657142857143,84.58956666666667,577.0,572.5,599.5,574.4285714285714,581.0666666666667,507.0,488.0,500.0,500.7142857142857,492.3833333333333,112.0,112.0,101.8,112.0,106.55999999999999,12,2,0,1,0,380.0
2024-12-19,976.0,real,1079.0,real,964.0,real,944.0,real,586.0,real,0.06467711256102376,0.8174145034273959,-0.3471571906354515,11.615072085223371,104.08,real,1090.0,real,112.0,forward_filled_monthly,85.116,real,574.5,508.0,real,40.685147535102175,49.42585417400493,26.969043251134025,1028.0,1156.0,1495.0,1048.5714285714287,1362.1,1237.0,1503.0,2316.0,1265.142857142857,2106.0,957.0,1077.0,1176.0,989.4285714285714,1071.9333333333334,947.0,967.0,1079.0,953.8571428571429,986.1333333333333,593.0,632.0,703.0,608.4285714285714,653.2333333333333,104.73,105.63,103.82,105.15999999999998,103.80033333333333,1136.5,1100.5,1156.0,1104.5714285714287,1122.1833333333334,84.895,84.885,84.4,84.89957142857143,84.61343333333335,575.5,570.0,599.5,575.0714285714286,580.2333333333333,509.0,494.5,498.0,502.64285714285717,492.71666666666664,112.0,112.0,101.8,112.0,106.9,12,3,0,1,0,381.0
2024-12-20,990.0,real,1115.0,real,976.0,real,940.0,real,579.0,real,0.06785676554360233,0.8084382443495821,-0.3645699614890886,10.843369904394635,103.84,real,1083.5,real,112.0,forward_filled_monthly,84.952,real,572.0,507.5,real,40.7364433642878,49.721733004579086,26.50602194263678,976.0,1106.0,1558.0,1032.0,1343.1666666666667,1079.0,1377.0,2517.0,1227.7142857142858,2059.266666666667,964.0,1053.0,1182.0,978.4285714285714,1065.0666666666666,944.0,962.0,1064.0,950.7142857142857,982.0,586.0,628.0,701.0,601.4285714285714,649.1666666666666,104.08,105.52,103.1,104.91999999999999,103.825,1090.0,1100.5,1156.0,1102.142857142857,1119.7666666666667,85.116,84.822,84.407,84.91814285714285,84.63159999999999,574.5,571.0,593.5,575.2142857142857,579.5166666666667,508.0,495.5,494.0,504.35714285714283,493.1666666666667,112.0,112.0,101.8,112.0,107.24,12,4,0,1,0,382.0
2024-12-23,994.0,real,1132.0,real,980.0,real,932.0,real,573.0,real,0.06308264155461665,0.8219157445766629,-0.3916768665850673,9.642041410847327,103.84,real,1082.0,real,112.0,forward_filled_monthly,85.1,real,573.5,508.5,real,40.77078521560728,49.80626981331455,25.785224846508395,990.0,1055.0,1634.0,1023.2857142857143,1321.8333333333333,1115.0,1252.0,2753.0,1210.5714285714287,2005.2333333333333,976.0,1021.0,1194.0,972.5714285714286,1057.9333333333334,940.0,961.0,1051.0,946.5714285714286,978.0333333333333,579.0,626.0,697.0,593.8571428571429,645.0333333333333,103.84,105.49,102.96,104.6842857142857,103.85433333333334,1083.5,1040.0,1156.0,1108.142857142857,1117.3,84.952,84.83,84.39,84.95671428571428,84.65526666666668,572.0,574.5,588.0,575.0714285714286,579.0333333333333,507.5,498.0,488.0,505.85714285714283,493.85,112.0,112.0,101.8,112.0,107.58,12,0,0,1,0,385.0
2024-12-24,997.0,real,1147.0,real,988.0,real,923.0,real,569.0,real,0.06335577037642066,0.8211446934337981,-0.38834355828220857,9.789767542909376,104.08,real,1053.0,real,112.0,forward_filled_monthly,85.181,real,574.0,501.5,real,39.62873196360044,49.86967241986615,25.873860525745624,994.0,1051.0,1630.0,1015.5714285714286,1300.7333333333333,1132.0,1263.0,2746.0,1194.0,1951.9333333333334,980.0,995.0,1208.0,971.5714285714286,1050.6,932.0,959.0,1036.0,941.4285714285714,974.2666666666667,573.0,618.0,693.0,586.8571428571429,640.9,103.84,105.31,102.88,104.50857142857144,103.89433333333334,1082.0,1084.5,1156.0,1103.642857142857,1113.8666666666666,85.1,84.81,84.421,85.00971428571428,84.6806,573.5,575.5,585.0,574.8571428571429,578.6666666666666,508.5,499.5,487.5,506.14285714285717,494.31666666666666,112.0,112.0,101.8,112.0,107.92,12,1,0,1,0,386.0
2024-12-25,997.0,forward_filled,1147.0,forward_filled,988.0,forward_filled,923.0,forward_filled,569.0,forward_filled,0.055360999036721086,0.843714181112553,-0.4107565011820331,8.796466875257634,104.08,forward_filled,1044.5,real,112.0,forward_filled_monthly,85.203,real,574.0,501.5,real,39.7283523653942,49.86967241986615,25.27788012515458,997.0,1071.0,1692.0,1005.0,1277.5666666666666,1147.0,1340.0,2936.0,1166.4285714285713,1892.3,988.0,977.0,1213.0,973.1428571428571,1043.1,923.0,955.0,1029.0,936.8571428571429,970.7333333333333,569.0,608.0,687.0,581.2857142857143,636.9666666666667,104.08,105.41,102.22,104.31857142857143,103.95633333333333,1053.0,1137.5,1156.0,1090.357142857143,1110.15,85.181,84.917,84.466,85.05057142857142,84.70516666666667,574.0,577.5,584.0,574.3571428571429,578.3333333333334,501.5,501.5,488.0,506.14285714285717,494.76666666666665,112.0,112.0,101.8,112.0,108.26,12,2,0,1,0,387.0
2024-12-26,997.0,forward_filled,1147.0,forward_filled,988.0,forward_filled,923.0,forward_filled,569.0,forward_filled,0.055856960651587816,0.8423140660773317,-0.4414565826330532,7.4358953725077725,104.08,real,1032.0,real,112.0,forward_filled_monthly,85.259,real,577.5,506.0,real,39.02107002120122,49.86967241986615,24.461537223504664,997.0,1053.0,1785.0,997.0,1251.3,1147.0,1308.0,3229.0,1143.4285714285713,1822.9,988.0,959.0,1212.0,977.2857142857143,1035.6333333333334,923.0,949.0,1019.0,933.1428571428571,967.5333333333333,569.0,600.0,685.0,576.8571428571429,633.1,104.08,105.58,101.63,104.10428571428572,104.038,1044.5,1143.0,1169.5,1074.5,1105.5666666666666,85.203,84.907,84.429,85.10085714285715,84.73283333333333,574.0,577.0,582.5,574.4285714285714,578.1666666666666,501.5,507.0,486.5,506.0,495.4166666666667,112.0,112.0,101.8,112.0,108.6,12,3,0,1,0,388.0
2024-12-27,997.0,forward_filled,1147.0,forward_filled,988.0,forward_filled,923.0,forward_filled,569.0,forward_filled,0.05356613043611325,0.8487811508913191,-0.4322323462414579,7.844696671261844,103.9,real,1011.5,real,112.0,forward_filled_monthly,85.393,real,577.0,504.0,real,39.287825964924124,49.86967241986615,24.706818002757107,997.0,1028.0,1756.0,992.5714285714286,1226.0,1147.0,1237.0,3162.0,1130.5714285714287,1755.7333333333333,988.0,957.0,1202.0,981.7142857142857,1028.5,923.0,947.0,1009.0,929.7142857142857,964.6666666666666,569.0,593.0,681.0,573.4285714285714,629.3666666666667,104.08,104.73,101.76,103.98571428571428,104.10933333333334,1032.0,1136.5,1134.5,1056.642857142857,1101.4666666666667,85.259,84.895,84.403,85.172,84.76583333333335,577.5,575.5,582.5,574.6428571428571,577.9833333333333,506.0,509.0,482.0,505.2857142857143,496.15,112.0,112.0,101.8,112.0,108.94,12,4,0,1,0,389.0
2024-12-30,997.0,forward_filled,1147.0,forward_filled,988.0,forward_filled,923.0,forward_filled,569.0,forward_filled,0.012744416469939308,0.9640221166723169,-0.3872157344806392,9.839750632595523,103.78,real,1026.0,real,112.0,forward_filled_monthly,85.502,real,578.5,500.0,real,39.560138841968175,49.86967241986615,25.903850379557316,997.0,976.0,1627.0,995.5714285714286,1205.0,1147.0,1079.0,2808.0,1140.2857142857142,1700.3666666666666,988.0,964.0,1171.0,985.1428571428571,1022.4,923.0,944.0,999.0,926.7142857142857,962.1333333333333,569.0,586.0,678.0,571.0,625.7333333333333,103.9,104.08,101.89,103.94285714285714,104.17233333333333,1011.5,1090.0,1140.0,1047.5,1097.6666666666667,85.393,85.116,84.4,85.22714285714287,84.80256666666668,577.0,574.5,586.0,575.2142857142857,577.7333333333333,504.0,508.0,484.0,504.14285714285717,496.68333333333334,112.0,112.0,101.8,112.0,109.28,12,0,0,1,0,392.0
2024-12-31,997.0,forward_filled,1147.0,forward_filled,988.0,forward_filled,923.0,forward_filled,569.0,forward_filled,0.006976512038027311,0.9803050899403385,-0.3830445544554455,10.024609708105546,103.61,real,1018.0,real,112.0,forward_filled_monthly,85.582,real,582.0,505.5,real,38.911780077563016,49.86967241986615,26.01476582486333,997.0,990.0,1616.0,996.5714285714286,1184.3666666666666,1147.0,1115.0,2810.0,1144.857142857143,1644.9333333333334,988.0,976.0,1138.0,986.8571428571429,1017.4,923.0,940.0,992.0,924.2857142857143,959.8333333333334,569.0,579.0,675.0,569.5714285714286,622.2,103.78,103.84,101.95,103.91,104.22766666666666,1026.0,1083.5,1142.0,1038.142857142857,1093.5333333333333,85.502,84.952,84.365,85.31714285714285,84.84313333333333,578.5,572.0,586.0,576.6428571428571,577.6,500.0,507.5,488.0,503.85714285714283,497.26666666666665,112.0,112.0,101.8,112.0,109.61999999999999,12,1,0,1,0,393.0
2025-01-01,997.0,forward_filled,1147.0,forward_filled,988.0,forward_filled,923.0,forward_filled,569.0,forward_filled,0.005008363158252478,0.9858612353264431,-0.3673857868020305,10.718577672699004,103.61,forward_filled,1018.0,forward_filled,97.0,real,85.65,real,582.0,506.0,real,38.879396497874964,26.792749342943072,26.431146603619403,997.0,994.0,1576.0,997.0,1165.0666666666666,1147.0,1132.0,2724.0,1147.0,1592.3666666666666,988.0,980.0,1106.0,988.0,1013.4666666666667,923.0,932.0,987.0,923.0,957.7,569.0,573.0,671.0,569.0,618.8,103.61,103.84,102.02,103.87714285714286,104.28066666666668,1018.0,1082.0,1141.5,1029.0,1089.4166666666667,85.582,85.1,84.5,85.39571428571428,84.88146666666667,582.0,573.5,586.0,577.8571428571429,577.4666666666667,505.5,508.5,487.5,503.5,497.8833333333333,112.0,112.0,101.8,109.85714285714286,109.46000000000001,1,2,0,0,0,394.0
2025-01-02,1029.0,real,1261.0,real,1000.0,real,899.0,real,554.0,real,0.03756578022933948,0.8939506362341124,-0.33051398828887446,12.352668396274849,100.61,real,1077.0,real,97.0,forward_filled_monthly,85.77,real,582.5,504.0,real,37.55616514063298,27.469043812826836,27.41160103776491,997.0,997.0,1537.0,1001.5714285714286,1148.1333333333334,1147.0,1147.0,2626.0,1163.2857142857142,1546.8666666666666,988.0,988.0,1083.0,989.7142857142857,1010.7,923.0,923.0,984.0,919.5714285714286,954.8666666666667,569.0,569.0,670.0,566.8571428571429,614.9333333333333,103.61,104.08,101.95,103.38142857142857,104.23600000000002,1018.0,1053.0,1186.0,1032.4285714285713,1085.7833333333333,85.65,85.181,84.431,85.47985714285713,84.92609999999999,582.0,574.0,589.0,579.0714285714286,577.25,506.0,501.5,492.0,503.85714285714283,498.28333333333336,97.0,112.0,101.8,107.71428571428571,109.3,1,3,0,0,0,395.0
2025-01-03,1072.0,real,1375.0,real,1040.0,real,884.0,real,549.0,real,0.04637762297555029,0.8690745306099078,-0.2988881621975147,13.754267209602993,99.44,real,1067.5,real,97.0,forward_filled_monthly,85.766,real,587.0,502.5,real,38.117436103611944,28.37781450673314,28.252560325761795,1029.0,997.0,1529.0,1012.2857142857143,1132.9,1261.0,1147.0,2613.0,1195.857142857143,1505.6,1000.0,988.0,1068.0,997.1428571428571,1009.7666666666667,899.0,923.0,984.0,914.0,951.5333333333333,554.0,569.0,668.0,564.0,610.9666666666667,100.61,104.08,102.01,102.71857142857142,104.15033333333334,1077.0,1044.5,1141.5,1035.7142857142858,1083.3166666666666,85.77,85.203,84.27,85.56028571428571,84.97596666666666,582.5,574.0,587.5,580.9285714285714,577.2333333333333,504.0,501.5,490.0,504.0,498.7,97.0,112.0,101.8,105.57142857142857,109.14,1,4,0,0,0,396.0
2025-01-06,1043.0,real,1290.0,real,1061.0,real,867.0,real,539.0,real,0.05705709523566422,0.838926048889941,-0.34029095509171414,11.919371095858953,99.44,real,1043.0,real,97.0,forward_filled_monthly,85.71,real,587.5,501.0,real,37.86423632023791,27.76492264340098,27.15162265751537,1072.0,997.0,1581.0,1018.8571428571429,1114.9666666666667,1375.0,1147.0,2779.0,1216.2857142857142,1455.9666666666667,1040.0,988.0,1056.0,1007.5714285714286,1009.9333333333333,884.0,923.0,985.0,906.0,947.6,549.0,569.0,664.0,559.7142857142857,606.8,99.44,104.08,102.06,102.05571428571429,104.063,1067.5,1032.0,1120.0,1037.2857142857142,1080.75,85.766,85.259,84.324,85.62471428571428,85.02216666666666,587.0,577.5,583.5,582.3571428571429,577.3666666666667,502.5,506.0,488.0,503.2857142857143,499.1333333333333,97.0,112.0,101.8,103.42857142857143,108.98,1,0,0,0,0,399.0
2025-01-07,1015.0,real,1218.0,real,1061.0,real,856.0,real,532.0,real,0.06356631017645017,0.8205503330423936,-0.32736911862160367,12.492043272396192,97.84,real,1040.5,real,97.0,forward_filled_monthly,85.808,real,587.0,499.0,real,36.60993038935774,27.17316498225269,27.495225963437715,1043.0,997.0,1509.0,1021.4285714285714,1098.5,1290.0,1147.0,2569.0,1226.4285714285713,1410.9333333333334,1061.0,988.0,1044.0,1018.0,1010.5,867.0,923.0,988.0,896.4285714285714,943.2,539.0,569.0,662.0,554.4285714285714,602.4666666666667,99.44,103.9,102.17,101.19000000000001,103.91866666666667,1043.0,1011.5,1116.5,1041.4285714285713,1078.2166666666667,85.71,85.393,84.42,85.684,85.06843333333333,587.5,577.0,580.0,583.7857142857143,577.6,501.0,504.0,488.0,502.57142857142856,499.5,97.0,112.0,101.8,101.28571428571429,108.82,1,1,0,0,0,400.0
2025-01-08,966.0,real,1100.0,real,1037.0,real,846.0,real,524.0,real,0.0755936936495641,0.7865966561240609,-0.3192389006342494,12.852359674891305,97.74,real,1040.5,real,97.0,forward_filled_monthly,85.922,real,592.5,500.5,real,37.022026910794146,26.137589075243177,27.711415804934784,1015.0,997.0,1419.0,1017.0,1083.4,1218.0,1147.0,2312.0,1219.7142857142858,1370.5333333333333,1061.0,988.0,1028.0,1025.0,1010.8,856.0,923.0,989.0,885.4285714285714,938.4333333333333,532.0,569.0,661.0,548.0,597.9,97.84,103.78,102.17,100.32714285714287,103.771,1040.5,1026.0,1106.0,1043.5,1076.0333333333333,85.808,85.502,84.473,85.744,85.11673333333333,587.0,578.5,578.0,585.7857142857143,578.0833333333334,499.0,500.0,489.0,502.64285714285717,499.8833333333333,97.0,112.0,101.8,99.14285714285714,108.66000000000001,1,2,0,0,0,401.0
2025-01-09,969.0,real,1164.0,real,992.0,real,830.0,real,515.0,real,0.07916109361687813,0.7765257752712621,-0.2843426883308715,14.398896028211224,98.09,real,1010.0,real,97.0,forward_filled_monthly,85.9,real,591.5,499.0,real,35.68496482632701,26.200991681794783,28.639337616926735,966.0,997.0,1354.0,1013.0,1070.5666666666666,1100.0,1147.0,2133.0,1222.142857142857,1338.2333333333333,1037.0,988.0,1018.0,1025.5714285714287,1009.9333333333333,846.0,923.0,980.0,872.1428571428571,933.4333333333333,524.0,569.0,659.0,540.2857142857143,593.1,97.74,103.61,102.44,99.53857142857143,103.62599999999999,1040.5,1018.0,1103.5,1042.357142857143,1072.9166666666667,85.922,85.582,84.564,85.78942857142856,85.16126666666666,592.5,582.0,579.5,587.1428571428571,578.4833333333333,500.5,505.5,491.0,501.7142857142857,500.15,97.0,112.0,101.8,97.0,108.5,1,3,0,0,0,402.0
2025-01-10,1048.0,real,1448.0,real,953.0,real,819.0,real,508.0,real,0.11992442987143406,0.6614496115824186,-0.22599704579025115,16.98466827370344,98.09,real,1005.5,real,97.0,forward_filled_monthly,86.195,real,596.5,505.5,real,35.460145464814644,27.87059365432032,30.190800964222067,969.0,997.0,1354.0,1020.2857142857143,1060.3666666666666,1164.0,1147.0,2133.0,1265.142857142857,1315.4,992.0,988.0,1018.0,1020.5714285714286,1007.7666666666667,830.0,923.0,980.0,857.2857142857143,928.0666666666667,515.0,569.0,659.0,531.5714285714286,588.0666666666667,98.09,103.61,102.44,98.75,103.481,1010.0,1018.0,1103.5,1040.5714285714287,1069.65,85.9,85.65,84.564,85.86728571428571,85.21563333333333,591.5,582.0,579.5,589.2142857142857,579.05,499.0,506.0,491.0,501.64285714285717,500.6333333333333,97.0,97.0,112.0,97.0,108.0,1,4,0,0,0,403.0
2025-01-13,1093.0,real,1615.0,real,926.0,real,809.0,real,502.0,real,0.12139070402865247,0.6573102741181076,-0.15793528505392918,20.00104112054949,98.72,real,995.0,real,97.0,forward_filled_monthly,86.651,real,608.5,521.0,real,33.44137244937644,28.82163275259436,32.00062467232969,1048.0,1029.0,1298.0,1029.4285714285713,1053.5333333333333,1448.0,1261.0,1973.0,1315.7142857142858,1303.4666666666667,953.0,1000.0,1009.0,1010.0,1005.0,819.0,899.0,979.0,844.4285714285714,922.4,508.0,554.0,657.0,524.1428571428571,582.9,98.09,100.61,105.32,98.48,103.261,1005.5,1077.0,1102.0,1028.857142857143,1066.0833333333333,86.195,85.77,84.75,85.99314285714286,85.279,596.5,582.5,578.5,592.9285714285714,580.05,505.5,504.0,492.0,504.07142857142856,501.6,97.0,97.0,112.0,97.0,107.5,1,0,0,0,0,406.0
2025-01-14,1080.0,real,1604.0,real,906.0,real,798.0,real,494.0,real,0.12047595669594259,0.6598926342354322,-0.1269199676637025,21.375583304002962,99.99,real,1018.0,real,97.0,forward_filled_monthly,86.53,real,610.5,519.0,real,35.067826846436226,28.546888124204084,32.825349982401775,1093.0,1072.0,1237.0,1030.5714285714287,1048.3,1615.0,1375.0,1792.0,1348.4285714285713,1297.2,926.0,1040.0,1005.0,990.8571428571429,1001.7,809.0,884.0,979.0,832.1428571428571,916.3666666666667,502.0,549.0,653.0,516.2857142857143,577.6,98.72,99.44,106.08,98.55857142857144,103.058,995.0,1067.5,1100.5,1021.7857142857143,1063.3333333333333,86.651,85.766,84.681,86.1022857142857,85.34063333333333,608.5,587.0,577.5,596.2857142857143,581.15,521.0,502.5,496.5,506.42857142857144,502.35,97.0,97.0,112.0,97.0,107.0,1,1,0,0,0,407.0
2025-01-15,1063.0,real,1581.0,real,894.0,real,783.0,real,477.0,real,0.11582142029468022,0.6730325349899364,-0.0991525423728814,22.606184845425638,100.2,real,1064.0,real,97.0,forward_filled_monthly,86.39,real,608.5,518.0,real,37.38101419885721,28.187606687078333,33.563710907255384,1080.0,1043.0,1180.0,1033.4285714285713,1044.4,1604.0,1290.0,1609.0,1390.0,1296.2666666666667,906.0,1061.0,1014.0,967.0,997.7,798.0,867.0,982.0,820.1428571428571,909.7333333333333,494.0,539.0,651.0,507.42857142857144,571.8,99.99,99.44,106.29,98.66714285714285,102.855,1018.0,1043.0,1100.5,1024.7857142857142,1062.1166666666666,86.53,85.71,84.721,86.19942857142858,85.39626666666666,610.5,587.5,581.0,599.2857142857143,582.0666666666667,519.0,501.0,498.0,508.85714285714283,503.01666666666665,97.0,97.0,112.0,97.0,106.5,1,2,0,0,0,408.0
2025-01-16,1023.0,real,1482.0,real,896.0,real,765.0,real,464.0,real,0.11673373918657272,0.670457030436427,-0.11810344827586206,21.766315330290105,100.49,real,1035.0,real,97.0,forward_filled_monthly,86.58,real,616.5,525.0,real,36.13916281782019,27.342238599723633,33.05978919817406,1063.0,1015.0,1160.0,1034.5714285714287,1039.8333333333333,1581.0,1218.0,1530.0,1427.7142857142858,1294.6666666666667,894.0,1061.0,1040.0,943.4285714285714,992.9,783.0,856.0,979.0,807.1428571428571,902.6,477.0,532.0,650.0,497.7142857142857,565.6,100.2,97.84,106.29,99.04571428571428,102.66166666666666,1064.0,1040.5,1100.5,1024.0,1059.9333333333334,86.39,85.808,84.712,86.30971428571429,85.45853333333334,608.5,587.0,578.5,603.5,583.3333333333334,518.0,499.0,491.0,512.5714285714286,504.15,97.0,97.0,112.0,97.0,106.0,1,3,0,0,0,409.0
2025-01-17,987.0,real,1393.0,real,897.0,real,747.0,real,453.0,real,0.11052563368051349,0.6879827050022088,-0.1542416452442159,20.164736486457105,101.21,real,1059.0,real,97.0,forward_filled_monthly,86.576,real,620.5,533.0,real,37.865166431146335,26.5814073211044,32.098841891874265,1023.0,966.0,1167.0,1037.5714285714287,1033.8333333333333,1482.0,1100.0,1535.0,1469.5714285714287,1289.9333333333334,896.0,1037.0,1067.0,923.4285714285714,987.2333333333333,765.0,846.0,974.0,793.0,895.0333333333333,464.0,524.0,644.0,487.57142857142856,559.2333333333333,100.49,97.74,106.29,99.54142857142857,102.49233333333333,1035.0,1040.5,1100.5,1026.642857142857,1058.55,86.58,85.922,84.673,86.40314285714285,85.52196666666667,616.5,592.5,573.0,607.5,584.9166666666666,525.0,500.5,488.5,517.2142857142857,505.6333333333333,97.0,97.0,112.0,97.0,105.5,1,4,0,0,0,410.0
2025-01-20,957.0,real,1327.0,real,893.0,real,727.0,real,446.0,real,0.11461350362232056,0.676442521254135,-0.18065068493150682,18.99433611241105,101.21,forward_filled,1057.5,real,97.0,forward_filled_monthly,86.214,real,619.0,517.5,real,37.75540885466505,25.94738125558837,31.39660166744663,987.0,969.0,1168.0,1035.857142857143,1026.8,1393.0,1164.0,1532.0,1492.857142857143,1283.1,897.0,992.0,1079.0,909.2857142857143,981.0333333333333,747.0,830.0,971.0,778.2857142857143,886.9,453.0,515.0,640.0,477.7142857142857,552.7666666666667,101.21,98.09,106.34,99.98714285714287,102.32133333333334,1059.0,1010.0,1100.5,1033.4285714285713,1057.1166666666666,86.576,85.9,84.857,86.448,85.5672,620.5,591.5,572.5,611.4285714285714,586.4666666666667,533.0,499.0,488.0,519.8571428571429,506.6166666666667,97.0,97.0,112.0,97.0,105.0,1,0,0,0,0,413.0
2025-01-21,928.0,real,1284.0,real,874.0,real,703.0,real,436.0,real,0.06151015683422627,0.8263549177579705,-0.19723183391003463,18.259489893223407,101.21,real,1078.5,real,97.0,forward_filled_monthly,86.457,real,615.5,517.0,real,39.30200870133225,25.33448939225621,30.955693935934043,957.0,1048.0,1156.0,1018.7142857142857,1019.2,1327.0,1448.0,1503.0,1469.4285714285713,1275.8,893.0,953.0,1077.0,898.0,974.2666666666667,727.0,819.0,967.0,761.7142857142857,878.1,446.0,508.0,632.0,467.42857142857144,546.2333333333333,101.21,98.09,105.63,100.43285714285715,102.17399999999999,1057.5,1005.5,1100.5,1043.857142857143,1056.3833333333334,86.214,86.195,84.885,86.48542857142856,85.61959999999999,619.0,596.5,570.0,614.1428571428571,587.9833333333333,517.5,505.5,494.5,521.5,507.3666666666667,97.0,97.0,112.0,97.0,104.5,1,1,0,0,0,414.0
2025-01-22,893.0,real,1236.0,real,843.0,real,674.0,real,428.0,real,0.021374143288685414,0.9396601299648859,-0.19258589511754065,18.465389409635844,101.4,real,1083.0,real,97.0,forward_filled_monthly,86.455,real,613.0,516.0,real,39.74386853944401,24.594792315820847,31.079233645781507,928.0,1093.0,1106.0,990.1428571428571,1012.1,1284.0,1615.0,1377.0,1415.2857142857142,1271.1,874.0,926.0,1053.0,886.1428571428571,967.2666666666667,703.0,809.0,962.0,742.4285714285714,868.5,436.0,502.0,628.0,456.85714285714283,539.5666666666667,101.21,98.72,105.52,100.81571428571428,102.03666666666666,1078.5,995.0,1100.5,1056.4285714285713,1055.8,86.457,86.651,84.822,86.45742857142857,85.67403333333333,615.5,608.5,571.0,614.7857142857143,589.3833333333333,517.0,521.0,495.5,520.7857142857143,508.05,97.0,97.0,112.0,97.0,104.0,1,2,0,0,0,415.0
2025-01-23,824.0,real,1081.0,real,804.0,real,654.0,real,418.0,real,0.0355164278009896,0.8997360217586979,-0.21895734597156402,17.296654903983235,101.34,real,1065.5,real,97.0,forward_filled_monthly,86.44,real,614.5,514.0,real,41.94946716548996,23.136532365133984,30.377992942389945,893.0,1080.0,1055.0,953.5714285714286,1004.4,1236.0,1604.0,1252.0,1340.5714285714287,1265.4,843.0,906.0,1021.0,871.5714285714286,960.0333333333333,674.0,798.0,961.0,721.8571428571429,858.2666666666667,428.0,494.0,626.0,446.0,532.6333333333333,101.4,99.99,105.49,101.00857142857141,101.89833333333333,1083.0,1018.0,1040.0,1063.2142857142858,1056.65,86.455,86.53,84.83,86.44457142857144,85.7277,613.0,610.5,574.5,615.3571428571429,590.7166666666667,516.0,519.0,498.0,520.0714285714286,508.5833333333333,97.0,97.0,112.0,97.0,103.5,1,3,0,0,0,416.0
2025-01-24,778.0,real,983.0,real,774.0,real,639.0,real,411.0,real,0.032844744293246644,0.9072782672398305,-0.2597526165556613,15.488683068721276,101.34,real,1041.5,real,97.0,forward_filled_monthly,86.21,real,613.5,515.0,real,38.53873837300021,22.164359064676077,29.293209841232763,824.0,1063.0,1051.0,912.8571428571429,995.3,1081.0,1581.0,1263.0,1255.142857142857,1256.0666666666666,804.0,894.0,995.0,854.4285714285714,952.6666666666666,654.0,783.0,959.0,701.2857142857143,847.6,418.0,477.0,618.0,436.57142857142856,525.7333333333333,101.34,100.2,105.31,101.17142857142858,101.766,1065.5,1064.0,1084.5,1060.0,1055.2166666666667,86.44,86.39,84.81,86.41885714285714,85.77436666666667,614.5,608.5,575.5,616.0714285714286,591.9833333333333,514.0,518.0,499.5,519.6428571428571,509.1,97.0,97.0,112.0,97.0,103.0,1,4,0,0,0,417.0
2025-01-27,761.0,real,958.0,real,759.0,real,629.0,real,398.0,real,0.03615848490555329,0.8979234746207266,-0.2894491129785247,14.172588620277441,101.34,real,1002.0,real,97.0,forward_filled_monthly,86.36,real,612.5,512.5,real,34.0868530907461,21.80507762755033,28.503553172166463,778.0,1023.0,1071.0,875.4285714285714,984.9666666666667,983.0,1482.0,1340.0,1180.2857142857142,1243.3333333333333,774.0,896.0,977.0,834.8571428571429,945.4,639.0,765.0,955.0,681.8571428571429,836.7333333333333,411.0,464.0,608.0,427.14285714285717,518.7333333333333,101.34,100.49,105.41,101.29285714285716,101.63033333333333,1041.5,1035.0,1137.5,1055.2857142857142,1050.7,86.21,86.58,84.917,86.38742857142857,85.82246666666667,613.5,616.5,577.5,615.5,593.15,515.0,525.0,501.5,517.8571428571429,509.46666666666664,97.0,97.0,112.0,97.0,102.5,1,0,0,0,0,420.0
2025-01-28,746.0,real,931.0,real,748.0,real,619.0,real,389.0,real,0.03807904465099288,0.8925016748381903,-0.29154795821462487,14.079571635241875,101.3,real,1002.0,forward_filled,97.0,forward_filled_monthly,86.589,real,613.0,511.5,real,33.704204395353386,21.488064594792316,28.447742981145126,761.0,987.0,1053.0,841.0,974.7333333333333,958.0,1393.0,1308.0,1114.2857142857142,1230.7666666666667,759.0,897.0,959.0,813.5714285714286,938.3666666666667,629.0,747.0,949.0,663.5714285714286,825.7333333333333,398.0,453.0,600.0,418.0,511.7,101.34,101.21,105.58,101.30571428571429,101.48766666666667,1002.0,1059.0,1143.0,1047.142857142857,1046.0,86.36,86.576,84.907,86.38928571428572,85.87853333333332,612.5,620.5,577.0,614.4285714285714,594.35,512.5,533.0,507.0,514.7857142857143,509.6166666666667,97.0,97.0,112.0,97.0,102.0,1,1,0,0,0,421.0
2025-01-29,726.0,real,876.0,real,751.0,real,612.0,real,384.0,real,0.03793178611730586,0.8929173902502292,-0.2937743190661478,13.980903391177025,101.33,real,1002.0,forward_filled,97.0,forward_filled_monthly,86.64,real,611.0,509.5,real,34.604791607807314,21.065380551114966,28.388542034706216,746.0,957.0,1028.0,808.0,964.6666666666666,931.0,1327.0,1237.0,1049.857142857143,1218.7333333333333,748.0,893.0,957.0,793.2857142857143,931.5,619.0,727.0,947.0,647.1428571428571,814.5666666666667,389.0,446.0,593.0,409.14285714285717,504.73333333333335,101.3,101.21,104.73,101.32285714285716,101.37433333333334,1002.0,1057.5,1136.5,1039.2142857142858,1041.5166666666667,86.589,86.214,84.895,86.45014285714285,85.9367,613.0,619.0,575.5,613.2857142857143,595.5333333333333,511.5,517.5,509.0,513.6428571428571,509.6333333333333,97.0,97.0,112.0,97.0,101.5,1,2,0,0,0,422.0
2025-01-30,715.0,real,841.0,real,767.0,real,605.0,real,381.0,real,0.03721862517610607,0.8949306657263459,-0.26741803278688525,15.148965830590855,101.33,real,1002.0,forward_filled,97.0,forward_filled_monthly,86.572,real,610.0,509.5,real,37.14550720683943,20.83290432709242,29.089379498354514,726.0,928.0,976.0,777.5714285714286,955.9666666666667,876.0,1284.0,1079.0,986.5714285714286,1210.8,751.0,874.0,964.0,778.0,924.9333333333333,612.0,703.0,944.0,633.1428571428571,803.2666666666667,384.0,436.0,586.0,401.2857142857143,497.9,101.33,101.21,104.08,101.34,101.28266666666667,1002.0,1078.5,1090.0,1028.2857142857142,1038.5833333333333,86.64,86.457,85.116,86.46657142857143,85.98523333333333,611.0,615.5,574.5,612.5,596.7166666666667,509.5,517.0,508.0,512.5714285714286,509.68333333333334,97.0,97.0,112.0,97.0,101.0,1,3,0,0,0,423.0
2025-01-31,735.0,real,874.0,real,800.0,real,603.0,real,377.0,real,0.05244840956668798,0.8519365116038281,-0.25757575757575757,15.585157480305083,101.59,real,1002.0,forward_filled,97.0,forward_filled_monthly,86.561,real,609.5,510.5,real,37.817078027326836,21.25558837076977,29.35109448818305,715.0,893.0,990.0,755.0,947.4666666666667,841.0,1236.0,1115.0,934.8571428571429,1202.7666666666667,767.0,843.0,976.0,771.8571428571429,919.0666666666667,605.0,674.0,940.0,623.0,792.0333333333333,381.0,428.0,579.0,394.0,491.1666666666667,101.33,101.4,103.84,101.36714285714287,101.20766666666667,1002.0,1083.0,1083.5,1016.7142857142857,1035.8666666666666,86.572,86.455,84.952,86.48171428571429,86.03886666666668,610.0,613.0,572.0,612.0,597.9666666666667,509.5,516.0,507.5,511.7857142857143,509.78333333333336,97.0,97.0,112.0,97.0,100.5,1,4,0,0,0,424.0
2025-02-01,735.0,forward_filled,874.0,forward_filled,800.0,forward_filled,603.0,forward_filled,377.0,forward_filled,0.041506894638586464,0.8828247479102813,-0.2605633802816901,15.45275150212729,101.59,forward_filled,1002.0,forward_filled,94.0,real,86.561,forward_filled,609.5,510.5,forward_filled,37.88775799431037,16.64020375538516,29.271650901276377,735.0,824.0,994.0,742.2857142857143,938.8333333333334,874.0,1081.0,1132.0,905.2857142857143,1194.1666666666667,800.0,804.0,980.0,771.2857142857143,913.0666666666667,603.0,654.0,932.0,615.7142857142857,781.0666666666667,377.0,418.0,573.0,388.14285714285717,484.6333333333333,101.59,101.34,103.84,101.40285714285714,101.13266666666667,1002.0,1065.5,1082.0,1007.6428571428571,1033.2,86.561,86.44,85.1,86.499,86.08756666666666,609.5,614.5,573.5,611.2857142857143,599.1666666666666,510.5,514.0,508.5,511.2857142857143,509.85,97.0,97.0,112.0,96.57142857142857,99.9,2,5,0,0,0,425.0
2025-02-03,738.0,real,861.0,real,830.0,real,602.0,real,372.0,real,0.03145772453735407,0.9111938670688537,-0.25977933801404207,15.487498822521708,105.02,real,1002.0,forward_filled,94.0,forward_filled_monthly,86.97,real,609.5,511.0,real,41.66722286736401,16.70360636193676,29.292499293513025,735.0,778.0,997.0,736.5714285714286,930.2,874.0,983.0,1147.0,887.8571428571429,1184.6333333333334,800.0,774.0,988.0,779.2857142857143,907.8,603.0,639.0,923.0,610.4285714285714,770.3666666666667,377.0,411.0,569.0,382.57142857142856,478.06666666666666,101.59,101.34,104.08,101.92857142857143,101.164,1002.0,1041.5,1053.0,1002.0,1031.5,86.561,86.21,85.181,86.60757142857143,86.14719999999998,609.5,613.5,574.0,610.7142857142857,600.35,510.5,515.0,501.5,510.7142857142857,510.1666666666667,94.0,97.0,112.0,96.14285714285714,99.3,2,0,0,0,0,427.0
2025-02-04,753.0,real,844.0,real,901.0,real,605.0,real,371.0,real,0.031316716726953533,0.9115919364950098,-0.24473420260782353,16.154271727387528,105.4,real,1002.0,forward_filled,94.0,forward_filled_monthly,87.08,real,605.5,506.0,real,42.37640507410411,17.020619394694776,29.692563036432514,738.0,761.0,997.0,735.4285714285714,922.0666666666667,861.0,958.0,1147.0,871.5714285714286,1174.5333333333333,830.0,759.0,988.0,799.5714285714286,904.9,602.0,629.0,923.0,607.0,759.7666666666667,372.0,398.0,569.0,378.7142857142857,471.46666666666664,105.02,101.34,104.08,102.50857142857141,101.208,1002.0,1002.0,1044.5,1002.0,1030.0833333333333,86.97,86.36,85.203,86.71042857142858,86.20976666666665,609.5,612.5,574.0,609.7142857142857,601.4,511.0,512.5,501.5,509.7857142857143,510.31666666666666,94.0,97.0,112.0,95.71428571428571,98.7,2,1,0,0,0,428.0
2025-02-05,771.0,real,812.0,real,988.0,real,619.0,real,376.0,real,0.03207608076931749,0.9094482282299943,-0.22668004012036114,16.954399213226516,104.81,real,923.0,real,94.0,forward_filled_monthly,87.341,real,605.5,509.5,real,38.35846874096672,17.40103503400439,30.17263952793591,753.0,746.0,997.0,739.0,914.5333333333333,844.0,931.0,1147.0,854.5714285714286,1163.3666666666666,901.0,748.0,988.0,833.8571428571429,904.9,605.0,619.0,923.0,607.0,749.6333333333333,371.0,389.0,569.0,376.85714285714283,465.03333333333336,105.4,101.3,104.08,103.01,101.23233333333334,1002.0,1002.0,1032.0,990.7142857142857,1026.45,87.08,86.589,85.259,86.81785714285714,86.27916666666667,605.5,613.0,577.5,608.6428571428571,602.3333333333334,506.0,511.5,506.0,509.5,510.43333333333334,94.0,97.0,112.0,95.28571428571429,98.1,2,2,0,0,0,429.0
2025-02-06,793.0,real,812.0,real,1029.0,real,649.0,real,388.0,real,0.02713600362299002,0.9233942193720407,-0.20461384152457374,17.932332807029727,106.23,real,931.5,real,94.0,forward_filled_monthly,87.585,real,599.5,508.0,real,41.01255331268695,17.865987482049476,30.759399684217836,771.0,726.0,997.0,748.5714285714286,907.7333333333333,812.0,876.0,1147.0,845.4285714285714,1152.2,988.0,751.0,988.0,873.5714285714286,906.2666666666667,619.0,612.0,923.0,612.2857142857143,740.5,376.0,384.0,569.0,377.42857142857144,459.0,104.81,101.33,103.9,103.71000000000001,101.31,923.0,1002.0,1011.5,980.6428571428571,1023.7833333333333,87.341,86.64,85.393,86.95285714285714,86.35223333333332,605.5,611.0,577.0,607.0,603.0833333333334,509.5,509.5,504.0,509.2857142857143,510.56666666666666,94.0,97.0,112.0,94.85714285714286,97.5,2,3,0,0,0,430.0
2025-02-07,815.0,real,840.0,real,1035.0,real,677.0,real,398.0,real,0.028216917686682857,0.9203427654147315,-0.18254764292878634,18.91026640083294,106.37,real,931.5,real,94.0,forward_filled_monthly,87.655,real,597.0,512.0,real,40.49072990779668,18.330939930094562,31.346159840499762,793.0,715.0,997.0,762.8571428571429,901.6666666666666,812.0,841.0,1147.0,845.2857142857143,1141.9666666666667,1029.0,767.0,988.0,911.8571428571429,907.8333333333334,649.0,605.0,923.0,622.5714285714286,732.3,388.0,381.0,569.0,379.85714285714283,453.3,106.23,101.33,103.78,104.42999999999999,101.39633333333335,931.5,1002.0,1026.0,970.5714285714286,1020.6333333333333,87.585,86.572,85.502,87.10757142857142,86.42399999999999,599.5,610.0,578.5,605.1428571428571,603.7,508.0,509.5,500.0,509.64285714285717,510.96666666666664,94.0,97.0,112.0,94.42857142857143,96.9,2,4,0,0,0,431.0
2025-02-10,809.0,real,810.0,real,1028.0,real,694.0,real,408.0,real,0.024952814394504773,0.9295574303381895,-0.1885656970912738,18.643557238886608,106.97,real,955.0,real,94.0,forward_filled_monthly,87.474,real,599.0,518.0,real,42.73445521510833,18.20413471699136,31.186134343331965,815.0,735.0,997.0,773.4285714285714,895.4,840.0,874.0,1147.0,836.1428571428571,1130.7333333333333,1035.0,800.0,988.0,944.4285714285714,909.1666666666666,677.0,603.0,923.0,635.5714285714286,724.6666666666666,398.0,377.0,569.0,384.2857142857143,447.93333333333334,106.37,101.59,103.61,105.19857142857143,101.50833333333334,931.5,1002.0,1018.0,963.8571428571429,1018.5333333333333,87.655,86.561,85.582,87.23800000000001,86.48706666666666,597.0,609.5,582.0,603.6428571428571,604.2666666666667,512.0,510.5,505.5,510.7142857142857,511.3833333333333,94.0,97.0,112.0,94.0,96.3,2,0,0,0,0,434.0
2025-02-11,801.0,real,779.0,real,1011.0,real,710.0,real,419.0,real,0.026409368948416168,0.925445531615746,-0.19658976930792382,18.287945022958166,106.32,real,955.0,real,94.0,forward_filled_monthly,86.794,real,603.0,522.5,real,42.24944281255023,18.035061099520416,30.9727670137749,809.0,735.0,997.0,782.8571428571429,888.8666666666667,810.0,874.0,1147.0,822.5714285714286,1118.4666666666667,1028.0,800.0,988.0,974.5714285714286,909.9333333333333,694.0,603.0,923.0,650.8571428571429,717.5666666666667,408.0,377.0,569.0,390.2857142857143,442.93333333333334,106.97,101.59,103.61,105.87428571428572,101.59866666666667,955.0,1002.0,1018.0,957.1428571428571,1016.4333333333333,87.474,86.561,85.65,87.27128571428571,86.5252,599.0,609.5,582.0,602.7142857142857,604.9666666666667,518.0,510.5,506.0,512.4285714285714,511.93333333333334,94.0,94.0,97.0,94.0,96.2,2,1,0,0,0,435.0
2025-02-12,776.0,real,711.0,real,983.0,real,724.0,real,438.0,real,0.03767401983516429,0.893645072466718,-0.24586977648202135,16.103945168646444,107.26,real,955.0,real,94.0,forward_filled_monthly,86.91,real,602.0,520.5,real,42.504069582619785,17.506706044923728,29.66236710118787,801.0,738.0,1029.0,788.2857142857143,880.4333333333333,779.0,861.0,1261.0,801.1428571428571,1100.1333333333334,1011.0,830.0,1000.0,996.4285714285714,909.3666666666667,710.0,602.0,899.0,668.2857142857143,711.7333333333333,419.0,372.0,554.0,399.7142857142857,439.06666666666666,106.32,105.02,100.61,106.19428571428571,101.82033333333332,955.0,1002.0,1077.0,950.4285714285714,1012.3666666666667,86.794,86.97,85.77,87.26271428571428,86.5632,603.0,609.5,582.5,601.6428571428571,605.6166666666667,522.5,511.0,504.0,513.7857142857143,512.4833333333333,94.0,94.0,97.0,94.0,96.1,2,2,0,0,0,436.0
2025-02-13,780.0,real,711.0,real,974.0,real,741.0,real,455.0,real,0.038967954978542135,0.8899922533885087,-0.2723880597014925,14.928703320906545,106.77,real,955.0,real,94.0,forward_filled_monthly,86.7,real,593.5,515.0,real,43.52791635160086,17.591242853659196,28.957221992543925,776.0,753.0,1072.0,792.1428571428571,870.7,711.0,844.0,1375.0,782.1428571428571,1078.0,983.0,901.0,1040.0,1006.8571428571429,907.1666666666666,724.0,605.0,884.0,687.7142857142857,706.9666666666667,438.0,371.0,549.0,411.7142857142857,435.93333333333334,107.26,105.4,99.44,106.39,102.06466666666667,955.0,1002.0,1067.5,943.7142857142857,1008.6166666666667,86.91,87.08,85.766,87.20842857142857,86.59433333333332,602.0,605.5,587.0,599.9285714285714,605.8333333333334,520.5,506.0,502.5,515.0714285714286,512.9,94.0,94.0,97.0,94.0,96.0,2,3,0,0,0,437.0
2025-02-14,792.0,real,716.0,real,980.0,real,765.0,real,472.0,real,0.03989471917332925,0.8873759692964931,-0.24065196548418022,16.335189016051988,106.83,real,980.0,real,94.0,forward_filled_monthly,86.63,real,595.5,514.0,real,46.05454896997791,17.844853279865607,29.801113409631192,780.0,771.0,1043.0,795.1428571428571,862.3333333333334,711.0,812.0,1290.0,768.4285714285714,1058.8666666666666,974.0,988.0,1061.0,1005.7142857142857,904.4666666666667,741.0,619.0,867.0,708.5714285714286,703.5666666666667,455.0,376.0,539.0,425.42857142857144,433.7,106.77,104.81,99.44,106.67857142857143,102.311,955.0,923.0,1043.0,951.8571428571429,1006.5166666666667,86.7,87.341,85.71,87.10685714285714,86.625,593.5,605.5,587.5,598.5,606.1,515.0,509.5,501.0,515.7142857142857,513.3333333333334,94.0,94.0,97.0,94.0,95.9,2,4,0,0,0,438.0
2025-02-17,806.0,real,725.0,real,997.0,real,781.0,real,486.0,real,0.0410590478386618,0.8840890333292624,-0.2059113300492611,17.874830486892527,106.83,forward_filled,980.0,real,94.0,forward_filled_monthly,86.837,real,596.5,513.0,real,47.53725088005408,18.140732110439757,30.724898292135517,792.0,793.0,1015.0,797.0,855.3666666666667,716.0,812.0,1218.0,756.0,1042.4333333333334,980.0,1029.0,1061.0,1001.1428571428571,902.3333333333334,765.0,649.0,856.0,727.4285714285714,701.0666666666667,472.0,388.0,532.0,439.42857142857144,432.1666666666667,106.83,106.23,97.84,106.7642857142857,102.61066666666667,980.0,931.5,1040.5,958.7857142857143,1004.5,86.63,87.585,85.808,87.0,86.6593,595.5,599.5,587.0,598.0714285714286,606.4166666666666,514.0,508.0,499.0,516.4285714285714,513.8,94.0,94.0,97.0,94.0,95.8,2,0,0,0,0,441.0
2025-02-18,841.0,real,757.0,real,1042.0,real,813.0,real,499.0,real,0.04312105890370333,0.8782679120803262,-0.12939958592132506,21.265691154550463,106.74,real,944.5,real,94.0,forward_filled_monthly,86.895,real,594.5,514.0,real,45.67146764377777,18.88042918687512,32.759414692730275,806.0,815.0,966.0,800.7142857142857,851.2,725.0,840.0,1100.0,744.1428571428571,1031.0,997.0,1035.0,1037.0,1002.1428571428571,902.5,781.0,677.0,846.0,746.8571428571429,699.9666666666667,486.0,398.0,524.0,453.85714285714283,431.3333333333333,106.83,106.37,97.74,106.81714285714285,102.91066666666666,980.0,931.5,1040.5,960.6428571428571,1001.3,86.837,87.655,85.922,86.89142857142858,86.69173333333333,596.5,597.0,592.5,597.7142857142857,606.4833333333333,513.0,512.0,500.5,516.7142857142857,514.25,94.0,94.0,97.0,94.0,95.7,2,1,0,0,0,442.0
2025-02-19,904.0,real,867.0,real,1104.0,real,839.0,real,511.0,real,0.07229511269205183,0.7959086525670694,-0.06707946336429305,24.027605090650432,106.76,real,1001.0,real,94.0,forward_filled_monthly,86.9,real,596.5,518.5,real,49.98125126163681,20.211883924458775,34.41656305439026,841.0,809.0,969.0,814.2857142857143,849.0333333333333,757.0,810.0,1164.0,752.2857142857143,1021.1,1042.0,1028.0,992.0,1013.0,906.2333333333333,813.0,694.0,830.0,767.5714285714286,700.2666666666667,499.0,408.0,515.0,468.57142857142856,431.2,106.74,106.97,98.09,106.78714285714285,103.19966666666667,944.5,955.0,1010.0,967.2142857142857,1001.0,86.895,87.474,85.9,86.80942857142857,86.72506666666666,594.5,599.0,591.5,597.3571428571429,606.65,514.0,518.0,499.0,516.7857142857143,514.9,94.0,94.0,97.0,94.0,95.6,2,2,0,0,0,443.0
2025-02-20,941.0,real,917.0,real,1144.0,real,866.0,real,523.0,real,0.07025797682423505,0.8016595503620235,-0.10209923664122134,22.47559274080155,107.0,real,1022.0,real,94.0,forward_filled_monthly,86.589,real,598.0,519.0,real,51.56635510449434,20.993849405261876,33.48535564448093,904.0,801.0,1048.0,834.2857142857143,845.4666666666667,867.0,779.0,1448.0,772.0,1003.4,1104.0,1011.0,953.0,1032.0,912.6,839.0,710.0,819.0,789.8571428571429,701.8333333333334,511.0,419.0,508.0,483.42857142857144,431.7,106.76,106.32,98.09,106.88428571428571,103.49666666666667,1001.0,955.0,1005.5,976.7857142857143,1001.55,86.9,86.794,86.195,86.78014285714286,86.73819999999999,596.5,603.0,596.5,596.6428571428571,606.7,518.5,522.5,505.5,516.2857142857143,515.35,94.0,94.0,97.0,94.0,95.5,2,3,0,0,0,444.0
2025-02-21,981.0,real,991.0,real,1170.0,real,886.0,real,534.0,real,0.05142295407159443,0.8548314043003458,-0.1024702653247942,22.459149427633882,107.13,real,1045.5,real,94.0,forward_filled_monthly,86.6,real,596.0,517.0,real,53.0233826461423,21.839217492616577,33.47548965658033,941.0,776.0,1093.0,863.5714285714286,841.7333333333333,917.0,711.0,1615.0,812.0,982.6,1144.0,983.0,926.0,1058.7142857142858,920.7333333333333,866.0,724.0,809.0,813.0,704.4,523.0,438.0,502.0,497.14285714285717,432.76666666666665,107.0,107.26,98.72,106.86571428571428,103.777,1022.0,955.0,995.0,989.7142857142857,1003.2333333333333,86.589,86.91,86.651,86.73585714285716,86.7365,598.0,602.0,608.5,595.7857142857143,606.2833333333333,519.0,520.5,521.0,515.7857142857143,515.2166666666667,94.0,94.0,97.0,94.0,95.4,2,4,0,0,0,445.0
2025-02-24,1002.0,real,1039.0,real,1177.0,real,895.0,real,540.0,real,0.046670730860549146,0.8682470779514211,-0.07222222222222219,23.799687416921252,107.19,real,1039.5,real,94.0,forward_filled_monthly,86.67,real,591.0,513.0,real,50.37043453669009,22.283035738477796,34.279812450152754,981.0,780.0,1080.0,895.2857142857143,839.1333333333333,991.0,711.0,1604.0,858.8571428571429,963.7666666666667,1170.0,974.0,906.0,1087.7142857142858,929.7666666666667,886.0,741.0,798.0,835.0,707.6333333333333,534.0,455.0,494.0,509.2857142857143,434.3,107.13,106.77,99.99,106.92571428571429,104.017,1045.5,955.0,1018.0,1001.7857142857143,1003.95,86.6,86.7,86.53,86.73157142857143,86.74116666666666,596.0,593.5,610.5,595.4285714285714,605.6333333333333,517.0,515.0,519.0,515.5,515.0166666666667,94.0,94.0,97.0,94.0,95.3,2,0,0,0,0,448.0
2025-02-25,1039.0,real,1159.0,real,1156.0,real,904.0,real,543.0,real,0.04548036835086669,0.8716075082694369,-0.022577610536218207,25.99984587685314,107.17,real,1032.0,real,94.0,forward_filled_monthly,87.14,real,587.5,511.5,real,47.35888889604903,23.065001219280894,35.599907526111885,1002.0,792.0,1063.0,930.5714285714286,838.3333333333334,1039.0,716.0,1581.0,922.1428571428571,949.7,1177.0,980.0,894.0,1112.857142857143,938.5,895.0,765.0,783.0,854.8571428571429,711.6666666666666,540.0,472.0,477.0,519.4285714285714,436.5,107.19,106.83,100.2,106.9742857142857,104.24933333333334,1039.5,980.0,1064.0,1009.2142857142857,1002.8833333333333,86.67,86.63,86.39,86.80442857142857,86.76616666666668,591.0,595.5,608.5,594.2857142857143,604.9333333333333,513.0,514.0,518.0,515.1428571428571,514.8,94.0,94.0,97.0,94.0,95.2,2,1,0,0,0,449.0
2025-02-26,1112.0,real,1397.0,real,1128.0,real,907.0,real,547.0,real,0.05962978149774251,0.8316632757065545,0.08699902248289337,30.856081991110386,107.15,real,1033.0,real,94.0,forward_filled_monthly,87.141,real,582.0,507.0,real,48.65640737296311,24.60779797870323,38.51364919466623,1039.0,806.0,1023.0,974.2857142857143,841.3,1159.0,725.0,1482.0,1018.1428571428571,946.8666666666667,1156.0,997.0,896.0,1131.5714285714287,946.2333333333333,904.0,781.0,765.0,872.8571428571429,716.4,543.0,486.0,464.0,528.1428571428571,439.26666666666665,107.17,106.83,100.49,107.02,104.47133333333333,1032.0,980.0,1035.0,1016.7857142857143,1002.8166666666667,87.14,86.837,86.58,86.84785714285715,86.78486666666667,587.5,596.5,616.5,592.2142857142857,603.7833333333333,511.5,513.0,525.0,514.2857142857143,514.2,94.0,94.0,97.0,94.0,95.1,2,2,0,0,0,450.0
2025-02-27,1159.0,real,1573.0,real,1092.0,real,903.0,real,546.0,real,0.054771915562460895,0.8453771820476834,0.1742654508611956,34.72357060959204,107.07,real,1055.5,real,94.0,forward_filled_monthly,87.34,real,576.0,506.5,real,47.93318897199211,25.601105481344998,40.83414236575523,1112.0,841.0,987.0,1019.7142857142857,847.0333333333333,1397.0,757.0,1393.0,1134.7142857142858,952.8666666666667,1128.0,1042.0,897.0,1138.7142857142858,952.7333333333333,907.0,813.0,747.0,885.7142857142857,721.6,547.0,499.0,453.0,534.8571428571429,442.3666666666667,107.15,106.74,101.21,107.06714285714285,104.66666666666667,1033.0,944.5,1059.0,1032.642857142857,1002.7,87.141,86.895,86.576,86.91142857142857,86.81033333333333,582.0,594.5,620.5,589.5714285714286,602.3,507.0,514.0,533.0,513.2142857142857,513.3166666666667,94.0,94.0,97.0,94.0,95.0,2,3,0,0,0,451.0
2025-02-28,1229.0,real,1818.0,real,1063.0,real,895.0,real,547.0,real,0.05598221865528597,0.8419604588444278,0.284221525600836,39.59662288743925,106.9,real,1084.5,real,94.0,forward_filled_monthly,87.471,real,576.5,506.0,real,49.393131248616314,27.080499634215734,43.757973732463554,1159.0,904.0,957.0,1066.142857142857,856.1,1573.0,867.0,1327.0,1270.5714285714287,969.2333333333333,1092.0,1104.0,893.0,1132.857142857143,958.4,903.0,839.0,727.0,893.7142857142857,727.2,546.0,511.0,446.0,540.0,445.73333333333335,107.07,106.76,101.21,107.08714285714287,104.85633333333332,1055.5,1001.0,1057.5,1044.5714285714287,1003.6,87.34,86.9,86.214,86.99300000000001,86.85223333333333,576.0,596.5,619.0,586.7142857142857,600.8833333333333,506.5,518.5,517.5,511.42857142857144,512.9333333333333,94.0,94.0,97.0,94.0,94.9,2,4,0,0,0,452.0
2025-03-01,1229.0,forward_filled,1818.0,forward_filled,1063.0,forward_filled,895.0,forward_filled,547.0,forward_filled,0.06832514719736918,0.8071159884007281,0.3243534482758621,41.37519635569913,106.9,forward_filled,1084.5,forward_filled,93.8,real,87.471,forward_filled,576.5,506.0,forward_filled,48.29224648923864,26.772807326523417,44.82511781341948,1229.0,941.0,928.0,1107.2857142857142,866.1333333333333,1818.0,917.0,1284.0,1399.2857142857142,987.0333333333333,1063.0,1144.0,874.0,1121.2857142857142,964.7,895.0,866.0,703.0,897.8571428571429,733.6,547.0,523.0,436.0,543.4285714285714,449.43333333333334,106.9,107.0,101.21,107.07285714285715,105.046,1084.5,1022.0,1078.5,1053.5,1003.8,87.471,86.589,86.457,87.119,86.88603333333332,576.5,598.0,615.5,583.6428571428571,599.5833333333334,506.0,519.0,517.0,509.57142857142856,512.5666666666667,94.0,94.0,97.0,93.97142857142856,94.79333333333334,3,5,0,0,0,453.0
2025-03-03,1276.0,real,1980.0,real,1045.0,real,887.0,real,547.0,real,0.06790885393652035,0.8082911971993614,0.42889137737961924,46.00812632111235,100.81,real,1080.5,real,93.8,forward_filled_monthly,87.27,real,573.5,508.0,real,43.062034805034855,27.766114829165193,47.60487579266741,1229.0,981.0,893.0,1149.4285714285713,878.9,1818.0,991.0,1236.0,1540.5714285714287,1011.8333333333334,1063.0,1170.0,843.0,1103.4285714285713,971.4333333333333,895.0,886.0,674.0,898.0,740.7,547.0,534.0,428.0,545.2857142857143,453.4,106.9,107.13,101.4,106.17,105.02633333333333,1084.5,1045.5,1083.0,1058.5,1003.7166666666667,87.471,86.6,86.455,87.21471428571428,86.91319999999999,576.5,596.0,613.0,580.4285714285714,598.2666666666667,506.0,517.0,516.0,508.2857142857143,512.3,93.8,94.0,97.0,93.94285714285715,94.68666666666667,3,0,0,0,0,455.0
2025-03-04,1262.0,real,1969.0,real,1024.0,real,876.0,real,548.0,real,0.077841044001731,0.7802523163139642,0.5315533980582525,50.557919453515396,101.61,real,1040.0,real,93.8,forward_filled_monthly,87.283,real,565.0,496.5,real,42.5257037360328,27.470235998591047,50.334751672109235,1276.0,1002.0,824.0,1186.5714285714287,893.5,1980.0,1039.0,1081.0,1673.4285714285713,1041.4333333333334,1045.0,1177.0,804.0,1081.5714285714287,978.7666666666667,887.0,895.0,654.0,895.2857142857143,748.1,547.0,540.0,418.0,546.4285714285714,457.73333333333335,100.81,107.19,101.34,105.37285714285714,105.03533333333333,1080.5,1039.5,1065.5,1058.5714285714287,1002.8666666666667,87.27,86.67,86.44,87.30228571428572,86.94129999999998,573.5,591.0,614.5,576.7142857142857,596.6166666666667,508.0,513.0,514.0,505.92857142857144,511.71666666666664,93.8,94.0,97.0,93.91428571428571,94.58,3,1,0,0,0,456.0
2025-03-05,1228.0,real,1894.0,real,1000.0,real,868.0,real,549.0,real,0.09238147932901875,0.7392042159970281,0.5784061696658098,52.6343486635093,100.72,real,1040.0,real,93.8,forward_filled_monthly,86.89,real,559.0,493.0,real,43.08674480043776,26.751673124339554,51.58060919810558,1262.0,1039.0,778.0,1213.5714285714287,908.5,1969.0,1159.0,983.0,1778.4285714285713,1071.8,1024.0,1156.0,774.0,1059.2857142857142,986.3,876.0,904.0,639.0,890.1428571428571,755.7333333333333,548.0,543.0,411.0,547.2857142857143,462.3333333333333,101.61,107.17,101.34,104.45142857142858,105.01466666666666,1040.0,1032.0,1041.5,1059.7142857142858,1002.8166666666667,87.283,87.14,86.21,87.26657142857142,86.96396666666668,565.0,587.5,613.5,572.6428571428571,594.8,496.5,511.5,515.0,503.2857142857143,510.98333333333335,93.8,94.0,97.0,93.88571428571429,94.47333333333333,3,2,0,0,0,457.0
2025-03-06,1286.0,real,2082.0,real,992.0,real,864.0,real,553.0,real,0.07463763307425557,0.7892956448077548,0.6898817345597898,57.57474196799197,101.24,real,1040.0,real,93.8,forward_filled_monthly,87.039,real,555.5,492.0,real,45.653632160529924,27.977456851003872,54.54484518079518,1228.0,1112.0,761.0,1238.4285714285713,926.0,1894.0,1397.0,958.0,1876.2857142857142,1109.2666666666667,1000.0,1128.0,759.0,1039.857142857143,994.0666666666667,868.0,907.0,629.0,884.0,763.5666666666667,549.0,547.0,398.0,548.1428571428571,467.5,100.72,107.15,101.34,103.60714285714286,105.01133333333334,1040.0,1033.0,1002.0,1060.7142857142858,1004.0833333333334,86.89,87.141,86.36,87.252,86.9866,559.0,582.0,612.5,568.8571428571429,592.9,493.0,507.0,512.5,501.14285714285717,510.3,93.8,94.0,97.0,93.85714285714286,94.36666666666666,3,3,0,0,0,458.0
2025-03-07,1400.0,real,2082.0,forward_filled,992.0,forward_filled,864.0,forward_filled,553.0,forward_filled,0.07145614408161798,0.7982770869989615,0.8766756032171581,65.85310484429539,101.29,real,1040.0,real,93.8,forward_filled_monthly,87.11,real,552.0,493.5,real,45.722288985591796,30.38675589996477,59.511862906577235,1286.0,1159.0,746.0,1272.857142857143,947.8,2082.0,1573.0,931.0,1949.0,1147.6333333333334,992.0,1092.0,748.0,1025.5714285714287,1002.2,864.0,903.0,619.0,878.4285714285714,771.7333333333333,553.0,546.0,389.0,549.1428571428571,472.96666666666664,101.24,107.07,101.3,102.78142857142858,105.011,1040.0,1055.5,1002.0,1058.5,1005.35,87.039,87.34,86.589,87.21914285714287,87.00396666666667,555.5,576.0,613.0,565.4285714285714,590.8666666666667,492.0,506.5,511.5,499.2857142857143,509.7,93.8,94.0,97.0,93.82857142857142,94.26,3,4,0,0,0,459.0
2025-03-10,1424.0,real,2082.0,forward_filled,992.0,forward_filled,864.0,forward_filled,553.0,forward_filled,0.05209400659565424,0.8529370021930137,0.9614325068870524,69.60937591408245,100.99,real,1040.0,forward_filled,93.8,forward_filled_monthly,87.3,real,552.0,496.5,real,45.470513662954225,30.893976752377593,61.76562554844947,1400.0,1229.0,726.0,1300.7142857142858,971.0666666666667,2082.0,1818.0,876.0,1986.7142857142858,1187.8333333333333,992.0,1063.0,751.0,1015.4285714285714,1010.2333333333333,864.0,895.0,612.0,874.0,780.1333333333333,553.0,547.0,384.0,550.0,478.6,101.29,106.9,101.33,101.93714285714286,104.99966666666667,1040.0,1084.5,1002.0,1052.142857142857,1006.6166666666667,87.11,87.471,86.64,87.1947142857143,87.02596666666666,552.0,576.5,611.0,561.9285714285714,588.9,493.5,506.0,509.5,497.92857142857144,509.26666666666665,93.8,94.0,97.0,93.8,94.15333333333334,3,0,0,0,0,462.0
2025-03-11,1436.0,real,2082.0,forward_filled,992.0,forward_filled,864.0,forward_filled,553.0,forward_filled,0.05209400659565424,0.8529370021930137,1.0083916083916082,71.69051747078389,101.05,real,1040.0,forward_filled,93.8,forward_filled_monthly,87.203,real,550.5,493.0,real,45.516291405163486,31.147587178584,63.014310482470336,1424.0,1229.0,715.0,1330.2857142857142,995.1,2082.0,1818.0,841.0,2024.4285714285713,1229.2,992.0,1063.0,767.0,1005.2857142857143,1017.7333333333333,864.0,895.0,605.0,869.5714285714286,788.7666666666667,553.0,547.0,381.0,550.8571428571429,484.3333333333333,100.99,106.9,101.33,101.10142857142857,104.99033333333334,1040.0,1084.5,1002.0,1045.7857142857142,1007.8833333333333,87.3,87.471,86.572,87.15642857142858,87.04700000000001,552.0,576.5,610.0,558.2142857142857,586.9166666666666,496.5,506.0,509.5,496.07142857142856,508.71666666666664,93.8,93.8,97.0,93.8,94.04666666666667,3,1,0,0,0,463.0
2025-03-12,1559.0,real,2082.0,forward_filled,992.0,forward_filled,864.0,forward_filled,553.0,forward_filled,0.04260789229558698,0.8797165973455967,1.1210884353741495,76.68503487906531,101.44,real,1040.0,forward_filled,93.8,forward_filled_monthly,87.16,real,552.0,493.5,real,45.61576941152589,33.74709404719971,66.01102092743919,1436.0,1276.0,735.0,1370.7142857142858,1022.5666666666667,2082.0,1980.0,874.0,2039.0,1269.4666666666667,992.0,1045.0,800.0,997.7142857142857,1024.1333333333334,864.0,887.0,603.0,866.2857142857143,797.4666666666667,553.0,547.0,377.0,551.7142857142857,490.2,101.05,100.81,101.59,101.19142857142856,104.98533333333333,1040.0,1080.5,1002.0,1040.0,1009.15,87.203,87.27,86.561,87.14071428571428,87.06696666666667,550.5,573.5,609.5,555.1428571428571,585.0,493.0,508.0,510.5,494.0,508.15,93.8,93.8,97.0,93.8,93.94,3,2,0,0,0,464.0
2025-03-13,1650.0,real,2082.0,forward_filled,992.0,forward_filled,864.0,forward_filled,553.0,forward_filled,0.042365559873070696,0.8804007092972401,1.2448979591836733,82.17204670126591,102.16,real,1040.0,forward_filled,93.8,forward_filled_monthly,86.925,real,553.0,493.0,real,46.163696406474095,35.67030644593166,69.30322802075955,1559.0,1262.0,735.0,1426.142857142857,1053.0666666666666,2082.0,1969.0,874.0,2055.1428571428573,1309.7333333333333,992.0,1024.0,800.0,993.1428571428571,1030.5333333333333,864.0,876.0,603.0,864.5714285714286,806.1666666666666,553.0,548.0,377.0,552.4285714285714,496.06666666666666,101.44,101.61,101.59,101.27,105.00433333333332,1040.0,1040.0,1002.0,1040.0,1010.4166666666666,87.16,87.283,86.561,87.08957142857143,87.0791,552.0,565.0,609.5,553.4285714285714,583.1166666666667,493.5,496.5,510.5,493.5,507.56666666666666,93.8,93.8,94.0,93.8,93.93333333333334,3,3,0,0,0,465.0
2025-03-14,1669.0,real,2082.0,forward_filled,992.0,forward_filled,864.0,forward_filled,553.0,forward_filled,0.037517064902711596,0.8940881611134839,1.2615176151761518,82.90859948093681,102.85,real,1040.0,forward_filled,93.8,forward_filled_monthly,86.946,real,551.5,492.0,real,44.13246495545653,36.07185628742514,69.74515968856208,1650.0,1228.0,738.0,1489.142857142857,1084.1,2082.0,1894.0,861.0,2082.0,1350.4333333333334,992.0,1000.0,830.0,992.0,1035.9333333333334,864.0,868.0,602.0,864.0,814.9,553.0,549.0,372.0,553.0,502.1,102.16,100.72,105.02,101.57428571428571,104.932,1040.0,1040.0,1002.0,1040.0,1011.6833333333333,86.925,86.89,86.97,87.09757142857143,87.0783,553.0,559.0,609.5,552.3571428571429,581.1833333333333,493.0,493.0,511.0,493.35714285714283,506.93333333333334,93.8,93.8,94.0,93.8,93.92666666666668,3,4,0,0,0,466.0
2025-03-17,1658.0,real,2082.0,forward_filled,992.0,forward_filled,864.0,forward_filled,553.0,forward_filled,0.0,1.0,1.2018592297476758,80.2646488698105,102.32,real,1040.0,forward_filled,93.8,forward_filled_monthly,86.7,real,551.5,492.0,real,43.47073861965397,35.8393800634026,68.1587893218863,1669.0,1286.0,753.0,1542.2857142857142,1114.2666666666667,2082.0,2082.0,844.0,2082.0,1391.7,992.0,992.0,901.0,992.0,1038.9666666666667,864.0,864.0,605.0,864.0,823.5333333333333,553.0,553.0,371.0,553.0,508.1666666666667,102.85,101.24,105.4,101.72857142857143,104.82933333333334,1040.0,1040.0,1002.0,1040.0,1012.95,86.946,87.039,87.08,87.04914285714285,87.06563333333334,551.5,555.5,605.5,551.7857142857143,579.3833333333333,492.0,492.0,506.0,493.35714285714283,506.46666666666664,93.8,93.8,94.0,93.8,93.92,3,0,0,0,0,469.0
2025-03-18,1650.0,real,2082.0,forward_filled,992.0,forward_filled,864.0,forward_filled,553.0,forward_filled,0.0,1.0,1.140077821011673,77.5266097457106,102.42,real,1040.0,forward_filled,93.8,forward_filled_monthly,86.52,real,553.0,494.5,real,48.86459956705339,35.67030644593166,66.51596584742636,1658.0,1400.0,771.0,1578.0,1143.5666666666666,2082.0,2082.0,812.0,2082.0,1434.0333333333333,992.0,992.0,988.0,992.0,1039.1,864.0,864.0,619.0,864.0,831.7,553.0,553.0,376.0,553.0,514.0666666666667,102.32,101.29,104.81,101.88999999999999,104.74966666666666,1040.0,1040.0,923.0,1040.0,1016.85,86.7,87.11,87.341,86.96485714285713,87.03826666666666,551.5,552.0,605.5,551.9285714285714,577.6333333333333,492.0,493.5,509.5,493.5,505.96666666666664,93.8,93.8,94.0,93.8,93.91333333333334,3,1,0,0,0,470.0
2025-03-19,1637.0,real,2082.0,forward_filled,992.0,forward_filled,864.0,forward_filled,553.0,forward_filled,0.0,1.0,1.0643127364438838,74.16883966517089,102.11,real,1040.0,forward_filled,93.8,forward_filled_monthly,86.32,real,549.0,489.0,real,47.06228252579777,35.395561817541385,64.50130379910253,1650.0,1424.0,793.0,1608.4285714285713,1171.7,2082.0,2082.0,812.0,2082.0,1476.3666666666666,992.0,992.0,1029.0,992.0,1037.8666666666666,864.0,864.0,649.0,864.0,838.8666666666667,553.0,553.0,388.0,553.0,519.5666666666667,102.42,100.99,106.23,102.04999999999998,104.61233333333334,1040.0,1040.0,931.5,1040.0,1020.4666666666667,86.52,87.3,87.585,86.82485714285714,86.99610000000001,553.0,552.0,599.5,551.5,575.95,494.5,496.5,508.0,492.42857142857144,505.3333333333333,93.8,93.8,94.0,93.8,93.90666666666667,3,2,0,0,0,471.0
2025-03-20,1635.0,real,2670.0,real,1357.0,real,1010.0,real,593.0,real,0.10674500966831203,0.6986555239529747,1.0061349693251533,71.59050735156941,102.15,real,1040.0,forward_filled,93.8,forward_filled_monthly,86.33,real,549.0,485.5,real,46.99354773098358,35.353293413173645,62.954304410941646,1637.0,1436.0,815.0,1636.857142857143,1199.0333333333333,2082.0,2082.0,840.0,2166.0,1537.3666666666666,992.0,992.0,1035.0,1044.142857142857,1048.6,864.0,864.0,677.0,884.8571428571429,849.9666666666667,553.0,553.0,398.0,558.7142857142857,526.0666666666667,102.11,101.05,106.37,102.20714285714287,104.47166666666665,1040.0,1040.0,931.5,1040.0,1024.0833333333333,86.32,87.203,87.655,86.70014285714285,86.95193333333333,549.0,550.5,597.0,551.2857142857143,574.35,489.0,493.0,512.0,491.35714285714283,504.45,93.8,93.8,94.0,93.8,93.9,3,3,0,0,0,472.0
2025-03-21,1643.0,real,2676.0,real,1357.0,forward_filled,1012.0,real,596.0,real,0.10660673951357146,0.699045864892216,1.030902348578492,72.68815233546476,102.0,real,1040.0,forward_filled,93.8,forward_filled_monthly,85.995,real,551.5,489.0,real,44.954063355125946,35.52236703064459,63.61289140127886,1635.0,1559.0,809.0,1648.857142857143,1226.8333333333333,2670.0,2082.0,810.0,2250.8571428571427,1599.5666666666666,1357.0,992.0,1028.0,1096.2857142857142,1059.5666666666666,1010.0,864.0,694.0,906.0,860.5666666666667,593.0,553.0,408.0,564.8571428571429,532.3333333333334,102.15,101.44,106.97,102.28714285714285,104.30600000000001,1040.0,1040.0,955.0,1040.0,1026.9166666666667,86.33,87.16,87.474,86.53371428571428,86.90263333333333,549.0,552.0,599.0,551.2142857142857,572.7666666666667,485.5,493.5,518.0,490.7142857142857,503.48333333333335,93.8,93.8,94.0,93.8,93.89333333333335,3,4,0,0,0,473.0
2025-03-24,1652.0,real,2690.0,real,1357.0,forward_filled,1013.0,real,599.0,real,0.10629199509777487,0.6999343981488212,1.0624219725343322,74.08504446424064,102.21,real,1040.0,forward_filled,93.8,forward_filled_monthly,85.57,real,552.5,490.5,real,45.557455420131944,35.7125748502994,64.45102667854438,1643.0,1650.0,801.0,1649.142857142857,1255.2,2676.0,2082.0,779.0,2337.714285714286,1663.2666666666667,1357.0,992.0,1011.0,1148.4285714285713,1071.1,1012.0,864.0,710.0,927.2857142857143,870.6666666666666,596.0,553.0,419.0,571.4285714285714,538.3333333333334,102.0,102.16,106.32,102.2942857142857,104.169,1040.0,1040.0,955.0,1040.0,1029.75,85.995,86.925,86.794,86.34014285714285,86.86183333333334,551.5,553.0,603.0,551.1428571428571,571.0833333333334,489.0,493.0,522.5,490.35714285714283,502.4166666666667,93.8,93.8,94.0,93.8,93.88666666666667,3,0,0,0,0,476.0
2025-03-25,1642.0,real,2630.0,real,1357.0,forward_filled,1015.0,real,601.0,real,0.10806004329238982,0.694943143208776,1.115979381443299,76.45861094610547,102.18,real,1040.0,forward_filled,93.8,forward_filled_monthly,85.611,real,555.5,492.5,real,44.88448914925163,35.501232828460715,65.87516656766329,1652.0,1669.0,776.0,1645.2857142857142,1284.0666666666666,2690.0,2082.0,711.0,2416.0,1727.2333333333333,1357.0,992.0,983.0,1200.5714285714287,1083.5666666666666,1013.0,864.0,724.0,948.8571428571429,880.3666666666667,599.0,553.0,438.0,578.2857142857143,543.7666666666667,102.21,102.85,107.26,102.19857142857144,103.99966666666667,1040.0,1040.0,955.0,1040.0,1032.5833333333333,85.57,86.946,86.91,86.14942857142856,86.81853333333333,552.5,551.5,602.0,551.7142857142857,569.5333333333333,490.5,492.0,520.5,490.42857142857144,501.48333333333335,93.8,93.8,94.0,93.8,93.88000000000001,3,1,0,0,0,477.0
2025-03-26,1634.0,real,2581.0,real,1357.0,forward_filled,1015.0,forward_filled,603.0,real,0.10937994092704281,0.691217031211727,1.094871794871795,75.52316128526883,102.25,real,1040.0,forward_filled,93.8,forward_filled_monthly,85.653,real,556.5,493.0,real,45.273174911885675,35.33215921098978,65.3138967711613,1642.0,1658.0,780.0,1641.857142857143,1312.5333333333333,2630.0,2082.0,711.0,2487.285714285714,1789.5666666666666,1357.0,992.0,974.0,1252.7142857142858,1096.3333333333333,1015.0,864.0,741.0,970.4285714285714,889.5,601.0,553.0,455.0,585.4285714285714,548.7,102.18,102.32,106.77,102.18857142857144,103.849,1040.0,1040.0,955.0,1040.0,1035.4166666666667,85.611,86.7,86.7,85.99985714285715,86.78363333333333,555.5,551.5,593.5,552.4285714285714,568.3,492.5,492.0,515.0,490.57142857142856,500.75,93.8,93.8,94.0,93.8,93.87333333333332,3,2,0,0,0,478.0
2025-03-27,1621.0,real,2581.0,forward_filled,1357.0,forward_filled,1007.0,real,607.0,real,0.10937994092704281,0.691217031211727,1.0467171717171717,73.38903639395971,102.36,real,1040.0,forward_filled,93.8,forward_filled_monthly,85.65,real,558.0,492.5,real,43.77962514878335,35.0574145825995,64.03342183637582,1634.0,1650.0,792.0,1637.7142857142858,1340.1666666666667,2581.0,2082.0,716.0,2558.5714285714284,1851.7333333333333,1357.0,992.0,980.0,1304.857142857143,1108.9,1015.0,864.0,765.0,990.8571428571429,897.5666666666667,603.0,553.0,472.0,593.1428571428571,553.2,102.25,102.42,106.83,102.17999999999999,103.7,1040.0,1040.0,980.0,1040.0,1037.4166666666667,85.653,86.52,86.63,85.87557142857143,86.75096666666667,556.5,553.0,595.5,553.1428571428571,567.05,493.0,494.5,514.0,490.2857142857143,500.03333333333336,93.8,93.8,94.0,93.8,93.86666666666666,3,3,0,0,0,479.0
2025-03-28,1602.0,real,2472.0,real,1497.0,real,1007.0,forward_filled,614.0,real,0.11278046602547967,0.6816172432941714,0.9875930521091811,70.7687634675785,102.43,real,1040.0,forward_filled,93.8,forward_filled_monthly,85.539,real,560.0,498.0,real,43.83028290772507,34.655864741106015,62.4612580805471,1621.0,1637.0,806.0,1632.7142857142858,1366.7,2581.0,2082.0,725.0,2614.285714285714,1909.9666666666667,1357.0,992.0,997.0,1377.0,1125.5666666666666,1007.0,864.0,781.0,1011.2857142857143,905.1,607.0,553.0,486.0,601.8571428571429,557.4666666666667,102.36,102.11,106.83,102.22571428571429,103.55333333333333,1040.0,1040.0,980.0,1040.0,1039.4166666666667,85.65,86.32,86.837,85.764,86.7077,558.0,549.0,596.5,554.7142857142857,565.8333333333334,492.5,489.0,513.0,491.57142857142856,499.53333333333336,93.8,93.8,94.0,93.8,93.86,3,4,0,0,0,480.0
2025-03-31,1598.0,real,2465.0,real,1501.0,real,1007.0,forward_filled,614.0,real,0.017261707007453712,0.9512696652517839,0.9001189060642092,66.89206918173275,102.51,real,1040.0,forward_filled,93.8,forward_filled_monthly,85.46,real,560.5,498.0,real,46.1497377193903,34.57132793237055,60.13524150903965,1602.0,1635.0,841.0,1627.4285714285713,1391.9333333333334,2472.0,2670.0,757.0,2585.0,1966.9,1497.0,1357.0,1042.0,1397.5714285714287,1140.8666666666666,1007.0,1010.0,813.0,1010.8571428571429,911.5666666666667,614.0,593.0,499.0,604.8571428571429,561.3,102.43,102.15,106.74,102.27714285714286,103.41233333333334,1040.0,1040.0,944.5,1040.0,1042.6,85.539,86.33,86.895,85.63971428571429,86.65986666666667,560.0,549.0,594.5,556.3571428571429,564.7,498.0,485.5,514.0,493.35714285714283,499.0,93.8,93.8,94.0,93.8,93.85333333333332,3,0,0,0,0,483.0
